trajectory_id,seed,model_transition,profile,selection,branch,transitions,final_event,boundary_subtypes,closest_goal_distance_m,closest_timestamp_s,first_goal_entry_timestamp_s,final_goal_distance_m,reward,progress,goal_reward,time_reward,smoothness_reward,discounted_progress,progress_telescoping_error,yaw_error_rad,pitch_error_rad,surge_speed_mps,yaw_rate_rad_s,pitch_rate_rad_s
original_fixed_s11_m100000_R01_horizontal_empty,11,100000,obstacle_free,original_fixed,original,1000,task_horizon,,3.751927764703559,73.93211465485096,,6.787796440659295,32.367173823720655,52.91220355934076,0.0,-10.000000000000524,-10.545029735619456,45.67754564022891,6.394884621840902e-14,-1.9129516637477446,-1.0397730121907052,0.40968894270249334,-0.018192855817901407,6.194476067589551e-05
original_fixed_s11_m100000_R02_deeper_empty,11,100000,obstacle_free,original_fixed,original,1000,task_horizon,,8.998422868501287,186.60000000000818,,9.471477203411387,40.394514199100925,52.32522158162886,0.0,-10.000000000000524,-1.9307073825272374,43.51489648888542,1.3500311979441904e-13,-1.7858586523204745,-1.4719510783427787,0.9604873652635431,-0.06317841306331044,0.15760555999741177
original_fixed_s11_m100000_R03_shallower_empty,11,100000,obstacle_free,original_fixed,original,1000,task_horizon,,13.861450000744226,201.00000000001145,,13.861450000744226,35.748432150003886,47.93524878429602,0.0,-10.000000000000524,-2.186816634291411,38.48008983689791,1.3500311979441904e-13,-2.3517650684234512,1.1997707594030125,0.7314517627751563,0.34566678003026374,-0.06436527303936475
val_s11_m100000_obstacle_free_i0,11,100000,obstacle_free,VAL_0_1_2,original,1000,task_horizon,,5.805205648845071,117.68229122231281,,8.995260474498155,35.47564756427736,48.15120360599386,0.0,-10.000000000000524,-2.675556041715846,41.90849908084453,2.842170943040401e-14,-1.3869034345707034,-0.9713603037406547,0.6178386399695274,0.02045146491876782,0.02189908678929489
val_s11_m100000_obstacle_free_i1,11,100000,obstacle_free,VAL_0_1_2,original,1000,task_horizon,,7.275458454010579,193.35000000000971,,8.71493297294743,39.21347932085342,55.77954339387165,0.0,-10.000000000000524,-6.5660640730175395,46.75554678315995,1.2079226507921703e-13,-0.36040928826837937,-1.561676462191527,0.4412498560243693,-0.159294258390216,0.023665579964309454
val_s11_m100000_obstacle_free_i2,11,100000,obstacle_free,VAL_0_1_2,original,179,operational_boundary_failure,position_D_lower,40.192547858304046,36.63458986836245,,40.192547858304046,19.681330580564634,21.791887082822264,0.0,-1.7817294934181236,-0.3288270088395228,20.210753404020814,0.0,-1.066131669466961,-0.7899178613763072,1.3187423478465907,-0.008332227372419919,-0.03647319976943278
val_s11_m100000_obstacle_free_i9,11,100000,obstacle_free,FIRST_SUCCESS_BY_INDEX,original,876,goal_success,,1.9999999999999991,176.06726081773365,176.06726081773365,1.9999999999999991,157.66190998535063,70.16688927233898,100.0,-8.753363040886724,-3.7516162461016678,58.24403779094056,1.1368683772161603e-13,-0.2273506015017263,-0.7648505817712824,0.32389241268225033,-0.10527848367831909,0.011153315511247232
val_s11_m100000_cv_train_v1_i0,11,100000,cv_train_v1,VAL_0_1_2,original,1000,task_horizon,,6.491776048733963,69.1722555583815,,11.386445439376784,33.935946379180194,45.760018641115124,0.0,-10.000000000000524,-1.8240722619343956,41.2331600214831,7.105427357601002e-14,-1.6631411347001996,-1.0682639086015813,0.4216425126893124,-0.007486073250436426,0.0027996645499295592
val_s11_m100000_cv_train_v1_i1,11,100000,cv_train_v1,VAL_0_1_2,original,356,operational_boundary_failure,pitch_lower,10.915714188218423,72.04573952409478,,10.915714188218423,46.78197541805488,53.578762178600535,0.0,-3.552286976204725,-3.2444997843409022,46.29952989178807,0.0,-1.3268594283028448,-0.5879541694227813,0.6103817951540413,-0.29148881159285006,-0.03480601291446253
val_s11_m100000_cv_train_v1_i2,11,100000,cv_train_v1,VAL_0_1_2,original,396,operational_boundary_failure,pitch_lower,14.87751214607567,80.10635930449523,,14.87751214607567,42.33879796836282,47.106922795050714,0.0,-3.9553179652247437,-0.8128068614630222,40.71356764341043,7.815970093361102e-14,-1.711320523172444,-0.503194731017465,0.4378031590529442,-0.09528810717558746,-0.027060051147070188
postcv_empty_fixed_s11_m300000_R01_horizontal_empty,11,300000,obstacle_free,postcv_empty_fixed,original,1000,task_horizon,,10.403682042152743,201.00000000001145,,10.403682042152743,39.08262992435629,49.29631795784728,0.0,-10.000000000000524,-0.2136880334904562,33.35457098389744,3.552713678800501e-14,-0.3108412981590914,0.13977102751941695,0.3048116826990727,-0.0014691247188287602,0.008984244040420836
postcv_empty_fixed_s11_m300000_R02_deeper_empty,11,300000,obstacle_free,postcv_empty_fixed,original,319,operational_boundary_failure,position_D_lower,54.43477850737786,13.950000000000063,,83.99597827529831,-25.598082020011752,-22.1992794902582,0.0,-3.1868715238289678,-0.21193100592455957,-17.821454611526807,0.0,-1.5624205296818714,-0.324071349807538,1.3017271708945974,0.06329868617953618,0.011033148952064758
postcv_empty_fixed_s11_m300000_R03_shallower_empty,11,300000,obstacle_free,postcv_empty_fixed,original,806,operational_boundary_failure,position_D_lower,5.212942913734237,136.23766522144578,,30.295116412703237,23.086750051197857,31.501582372336845,0.0,-8.0579870505235,-0.3568452706155415,32.20602257759583,3.197442310920451e-14,1.6604791198898923,0.20215244273233526,0.7147869614509447,0.006244504387967987,0.00012427857427480403
original_fixed_s11_m300000_R04_head_on_lateral_offset,11,300000,fixed_cv_diagnostic,original_fixed,original,1000,task_horizon,,7.8677361773461705,127.809157140045,,30.979156114128397,18.382684451401403,28.720843885871727,0.0,-10.000000000000524,-0.338159434469608,30.386873287243066,1.3500311979441904e-13,-1.5720506241283032,-0.08489467666458429,0.361841820321013,-0.014430466610079939,-0.004610771735823035
original_fixed_s11_m300000_R05_crossing,11,300000,fixed_cv_diagnostic,original_fixed,original,1000,task_horizon,,6.9306970542153,70.87398621011658,,23.63397419767259,25.613650861600796,36.06602580232734,0.0,-10.000000000000524,-0.452374940726079,32.545855265085784,6.394884621840902e-14,1.562104300916896,-0.18840020620003622,1.4259379435275372,0.16688617725740662,0.06687079464546582
original_fixed_s11_m300000_R06_head_on_vertical_offset,11,300000,fixed_cv_diagnostic,original_fixed,original,1000,task_horizon,,7.984013366971005,116.16171698637478,,37.62794941719017,11.901243107915725,22.072050582809823,0.0,-10.000000000000524,-0.17080747489350653,28.33088851287835,7.105427357601002e-15,-1.5652999776387484,-0.18164307394589851,0.3975190310634961,-0.010945780569269887,-0.0036468601626011583
val_s11_m300000_obstacle_free_i0,11,300000,obstacle_free,VAL_0_1_2,original,321,operational_boundary_failure,position_E_upper,51.457237321960456,18.359644508825752,,59.30171305158587,-5.456517605181937,-2.15524897109389,0.0,-3.209967554959107,-0.09130107912893012,-1.262483165240543,0.0,-1.5654536274188018,-0.15495333363618258,1.385655547246677,-0.0029279647712509376,-0.0016413889707395477
val_s11_m300000_obstacle_free_i1,11,300000,obstacle_free,VAL_0_1_2,original,317,operational_boundary_failure,position_E_upper,57.9309220362708,13.328609874199966,,85.24241415460688,-24.03596611609055,-20.74793778778792,0.0,-3.1611809621281,-0.12684736617451176,-16.53324296916168,0.0,-1.5448626960220821,-0.32632097506852364,1.0768069648512206,0.040811403469198176,-0.0068738526588002745
val_s11_m300000_obstacle_free_i2,11,300000,obstacle_free,VAL_0_1_2,original,288,operational_boundary_failure,position_N_lower,55.35833994820463,10.90000000000002,,84.04950929729121,-25.37057792222545,-22.0650743561649,0.0,-2.8768938779243896,-0.42860968813617284,-18.25795449516977,0.0,-1.5688153322238625,-0.2996523233415149,1.3111500434451135,0.1855348122108113,-0.003262897998810409
val_s11_m300000_cv_train_v1_i0,11,300000,cv_train_v1,VAL_0_1_2,original,585,operational_boundary_failure,pitch_lower,11.985815122179597,117.39999999999547,,12.042276067316553,38.77272512480197,45.1041880131754,0.0,-5.841775971507384,-0.4896869168661172,32.80708818633124,2.842170943040401e-14,-1.6133074648206107,0.41196528800153676,1.419540457736746,0.32840156521996583,-0.10816466796731625
val_s11_m300000_cv_train_v1_i1,11,300000,cv_train_v1,VAL_0_1_2,original,1000,task_horizon,,12.601392706323653,90.19180825505701,,28.947918054351828,25.255119240941344,35.54655831246711,0.0,-10.000000000000524,-0.2914390715252077,37.53185934551516,1.4210854715202004e-14,0.7419680179346874,-1.4733386878780683,0.32454742242235074,0.036514155849094364,0.00542504036161874
val_s11_m300000_cv_train_v1_i2,11,300000,cv_train_v1,VAL_0_1_2,original,261,operational_boundary_failure,pitch_lower,33.73648021070584,53.09909478628908,,33.73648021070584,25.42224092354408,28.247954730420467,0.0,-2.604954739314448,-0.22075906756192895,25.43723657130737,0.0,0.4623803289375575,0.2605380764006186,0.8950273406383225,-0.0350757037189711,-0.06343486539401234
val_s11_m300000_cv_train_v1_i117,11,300000,cv_train_v1,FIRST_SUCCESS_BY_INDEX,original,847,goal_success,,2.0000000000000044,170.29749528803026,170.29749528803026,2.0000000000000044,161.77501665737626,70.41848770015625,100.0,-8.464874764401573,-0.1785962783784267,56.470275024819664,1.4210854715202004e-14,-0.41307741503826656,0.307076249211499,0.7861086388057421,0.010470350712941614,-0.0004944064879955038
original_fixed_s22_m100000_R01_horizontal_empty,22,100000,obstacle_free,original_fixed,original,250,operational_boundary_failure,pitch_lower,6.584248231014092,49.24999999999934,,6.7952361713964216,48.81234284972646,52.90476382860356,0.0,-2.4973679946515235,-1.5950529842255874,46.80432878521721,0.0,1.3880013086088665,0.8206664286876464,0.7039129633152749,-0.1979983725664659,-0.15400739518034512
original_fixed_s22_m100000_R02_deeper_empty,22,100000,obstacle_free,original_fixed,original,261,operational_boundary_failure,pitch_lower,11.542141754254555,53.159874742091375,,11.542141754254555,43.38046826249699,50.25455703078555,0.0,-2.6079937371045627,-4.266095031183982,43.72857450121358,1.4210854715202004e-14,0.7149574295212028,-0.06839443506675302,0.6160823347003248,0.10015470718359404,-0.09926444929598796
original_fixed_s22_m100000_R03_shallower_empty,22,100000,obstacle_free,original_fixed,original,406,operational_boundary_failure,pitch_lower,10.048715565807399,52.015745258831785,,14.53211979821728,42.2410852119371,47.264578986822805,0.0,-4.051247249628802,-0.9722465252569418,42.76886726505295,2.842170943040401e-14,-2.542402708561604,0.9179434313991774,1.0971872666481959,-0.2439172300967522,-0.06392136894102034
val_s22_m100000_obstacle_free_i0,22,100000,obstacle_free,VAL_0_1_2,original,263,operational_boundary_failure,pitch_lower,2.4337518278537025,50.3647006173155,,3.5875744868808743,49.00102371048617,53.5588895936111,0.0,-2.6283242841041825,-1.9295415990207576,47.26016335743006,7.105427357601002e-15,1.5933044765902231,-0.14588023688168622,0.8444120229991835,-0.3118406418142264,-0.21014099815392542
val_s22_m100000_obstacle_free_i1,22,100000,obstacle_free,VAL_0_1_2,original,238,operational_boundary_failure,pitch_lower,11.715899992770984,48.544929141827254,,11.715899992770984,48.00958612245763,52.778576374048,0.0,-2.377246457091359,-2.391743794498968,46.770236452783855,2.842170943040401e-14,0.6542480660522092,0.25624426427901625,0.6529665140164257,0.05422043699108797,-0.0645553136798662
val_s22_m100000_obstacle_free_i2,22,100000,obstacle_free,VAL_0_1_2,original,254,operational_boundary_failure,pitch_lower,5.56287925329062,51.77698583135628,,5.56287925329062,49.648358553198776,56.4215556878357,0.0,-2.5388492915678085,-4.234347843069076,49.541616055866825,7.105427357601002e-15,0.886549492736942,-0.09548005948683169,0.5703382152266829,0.07978523155494979,-0.10044229430803644
val_s22_m100000_obstacle_free_i73,22,100000,obstacle_free,FIRST_SUCCESS_BY_INDEX,original,266,goal_success,,1.9999999999999991,54.14801227751252,54.14801227751252,1.9999999999999991,150.13001376449733,53.32450288117361,100.0,-2.6574006138756197,-0.5370885028006382,46.6572096759025,7.105427357601002e-15,-0.17050051459241947,0.9980849160258194,0.721002404563604,-0.2659646364943675,-0.18644221828522148
val_s22_m100000_cv_train_v1_i0,22,100000,cv_train_v1,VAL_0_1_2,original,254,operational_boundary_failure,pitch_lower,2.4223654883818075,49.24999999999934,,2.976669444073631,50.63797863290935,54.16979463641837,0.0,-2.5371147277968493,-0.9947012757121438,47.90713951685093,1.4210854715202004e-14,1.5418880876012402,0.40124006425733627,0.6954052507883189,-0.2770052149298482,-0.1799150443855714
val_s22_m100000_cv_train_v1_i1,22,100000,cv_train_v1,VAL_0_1_2,original,243,operational_boundary_failure,pitch_lower,10.177670507491504,49.461303995333985,,10.177670507491504,51.358829660776216,54.3168058593275,0.0,-2.423065199766695,-0.5349109987845299,47.968373896975216,4.973799150320701e-14,0.7743319134030424,0.2211724503361876,0.7024856409660605,0.06370011805109049,-0.07967196650008357
val_s22_m100000_cv_train_v1_i2,22,100000,cv_train_v1,VAL_0_1_2,original,670,operational_boundary_failure,position_D_upper,3.502708223585826,74.24024035315983,,22.666743446973094,26.31811596553268,39.31769149415332,0.0,-6.69385714445347,-6.3057183841671405,39.19436214716395,1.0658141036401503e-13,1.2209545053479285,1.0668071859817478,0.38277361439586893,-0.014100272662572369,-0.007393914746796792
postcv_empty_fixed_s22_m300000_R01_horizontal_empty,22,300000,obstacle_free,postcv_empty_fixed,original,1000,task_horizon,,22.129516854319707,106.3499999999961,,37.85312956455856,11.650879444798552,21.846870435441406,0.0,-10.000000000000524,-0.19599099064228392,19.62432209639114,2.4868995751603507e-14,1.5716462727478837,0.05712041807816477,0.5788274832002076,-0.3019337220099592,-0.11625938549904652
postcv_empty_fixed_s22_m300000_R02_deeper_empty,22,300000,obstacle_free,postcv_empty_fixed,original,1000,task_horizon,,19.956597947110993,66.79999999999835,,33.397391178326956,18.183238045770352,28.39930760671316,0.0,-10.000000000000524,-0.21606956094228424,28.13243592249036,0.0,1.5610227355508488,-0.3921324569630237,0.4982282054101722,-0.24789633974820474,-0.1348374269536569
postcv_empty_fixed_s22_m300000_R03_shallower_empty,22,300000,obstacle_free,postcv_empty_fixed,original,960,operational_boundary_failure,position_E_upper,23.441837744987243,73.29999999999798,,55.191311413166765,-3.175700586481298,6.605387371873352,0.0,-9.593492721903571,-0.18759523645107418,16.92500196350939,3.552713678800501e-15,1.574415305778007,0.3650204738208172,0.5575959362090973,-0.27994962315663685,-0.13759504164811892
original_fixed_s22_m300000_R04_head_on_lateral_offset,22,300000,fixed_cv_diagnostic,original_fixed,original,312,operational_boundary_failure,pitch_upper,37.07239502762588,26.800000000000246,,63.190297502857575,-6.783591147208698,-3.4902975028575867,0.0,-3.1139443393262956,-0.1793493050248084,0.030217160164172155,0.0,-1.5673526126104977,0.04977291756056071,0.8247308111864752,0.22616917084549282,0.025591311046383427
original_fixed_s22_m300000_R05_crossing,22,300000,fixed_cv_diagnostic,original_fixed,original,1000,task_horizon,,9.656357110784915,117.50358285839445,,34.23018382907034,15.273925673846833,25.46981617092965,0.0,-10.000000000000524,-0.19589049708224046,25.60657859510634,3.552713678800501e-15,-1.9906607620085375,-1.0437882925918016,0.8791245677844538,-0.028379507518950433,0.008133758734779535
original_fixed_s22_m300000_R06_head_on_vertical_offset,22,300000,fixed_cv_diagnostic,original_fixed,original,550,operational_boundary_failure,pitch_upper,11.037470878630979,103.79999999999625,,15.162383554073212,38.92913846056443,44.53761644592679,0.0,-5.49069175838984,-0.11778622697244866,38.456669902308924,1.4210854715202004e-14,-1.5763393487401192,-0.4451232142280284,1.2475677090098742,0.07554682408782976,-0.012571374671738158
val_s22_m300000_obstacle_free_i0,22,300000,obstacle_free,VAL_0_1_2,original,1000,task_horizon,,16.504651589082066,57.84999999999885,,37.86202670290882,9.082838564669217,19.284437377583163,0.0,-10.000000000000524,-0.2015988129133436,24.82773260146211,3.552713678800501e-15,1.5707315210837898,-0.21813776814135546,0.808375233704839,-0.3211715301707803,-0.12265642171169919
val_s22_m300000_obstacle_free_i1,22,300000,obstacle_free,VAL_0_1_2,original,1000,task_horizon,,23.06353612329605,137.59999999999704,,37.37593613295668,16.843483128402678,27.118540233862262,0.0,-10.000000000000524,-0.2750571054589938,22.301095441856425,1.4210854715202004e-14,1.587316349145403,-0.01158591881305436,0.5618420825927564,-0.2073026653619831,-0.14488235113177392
val_s22_m300000_obstacle_free_i2,22,300000,obstacle_free,VAL_0_1_2,original,1000,task_horizon,,22.090956381455246,108.99999999999595,,27.236566033406973,24.51632452434827,34.74786890771933,0.0,-10.000000000000524,-0.2315443833705241,31.19783037286149,7.105427357601002e-15,1.5312764513025132,-0.3676105900016128,1.1534283607016544,-0.3475144252810846,-0.09528370407276832
val_s22_m300000_cv_train_v1_i0,22,300000,cv_train_v1,VAL_0_1_2,original,136,operational_boundary_failure,pitch_upper,27.334171084607252,28.152929917876946,,27.334171084607252,26.959528982326944,29.81229299588473,0.0,-1.357646495893849,-1.4951175176639449,28.00341023911397,0.0,0.12763046984071108,-1.200387918066967,1.4790857333306673,0.00440878746615808,0.09175844046479732
val_s22_m300000_cv_train_v1_i1,22,300000,cv_train_v1,VAL_0_1_2,original,418,operational_boundary_failure,pitch_lower,11.030676007800077,70.34999999999815,,13.660857079674615,46.32968089266737,50.833619287144344,0.0,-4.178337419187153,-0.32560097528979937,45.88566637308682,0.0,-1.585701093765367,0.11191322202126495,0.4335310078193643,0.02148552474378646,-0.0028305714003264942
val_s22_m300000_cv_train_v1_i2,22,300000,cv_train_v1,VAL_0_1_2,original,22,operational_boundary_failure,pitch_upper,58.154858019765385,5.29374570071723,,58.15485801976538,3.4610346805509766,3.829576921360932,0.0,-0.21468728503586146,-0.15385495577409417,3.7870939961879797,0.0,0.645681675244408,-0.8214523353616812,1.3676778132224172,-0.27438028638427403,0.2376515217747501
val_s22_m300000_cv_train_v1_i267,22,300000,cv_train_v1,FIRST_SUCCESS_BY_INDEX,original,482,goal_success,,1.9999999999999953,97.3490738255411,97.3490738255411,1.9999999999999953,159.29099221747913,64.24464125150674,100.0,-4.817453691277065,-0.13619534275052272,52.012284011536245,1.4210854715202004e-14,-0.4818260750353086,-1.1772685728180121,0.9230703163939278,0.010146670572457363,0.01157623343677637
original_fixed_s33_m100000_R01_horizontal_empty,33,100000,obstacle_free,original_fixed,original,1000,task_horizon,,8.890370653282178,174.43464242625498,,16.343331743050477,31.992285995568515,43.35666825694959,0.0,-10.000000000000524,-1.3643822613803553,36.70840289573953,7.815970093361102e-14,-1.6100924760245336,1.239604871067972,0.962372628472979,-0.06960698209521786,-0.0023095482522901153
original_fixed_s33_m100000_R02_deeper_empty,33,100000,obstacle_free,original_fixed,original,1000,task_horizon,,7.978074271507029,81.99068954619698,,18.259390995093504,30.769907905498066,43.53730778994658,0.0,-10.000000000000524,-2.767399884447951,35.522223963482126,2.842170943040401e-14,1.6058435208857285,-0.011172206765281995,1.1448215152937737,-0.12974392119072475,0.023034213861486887
original_fixed_s33_m100000_R03_shallower_empty,33,100000,obstacle_free,original_fixed,original,1000,task_horizon,,7.579947959224013,201.00000000001145,,7.579947959224013,43.56255414044031,54.21675082581608,0.0,-10.000000000000524,-0.6541966853752236,42.147262303077724,2.1316282072803006e-14,-0.4601725217190571,0.7065555233718005,0.5232830097549079,0.3289976045460109,0.04994575178321508
val_s33_m100000_obstacle_free_i0,33,100000,obstacle_free,VAL_0_1_2,original,1000,task_horizon,,2.6036429611276537,84.24999999999736,,4.792095027075337,40.69714442834658,52.35436905341659,0.0,-10.000000000000524,-1.6572246250694718,39.18057530688523,5.684341886080802e-14,-1.57399243143528,-0.01402109342058535,0.699417694958606,0.194823896698553,-0.008825796445680396
val_s33_m100000_obstacle_free_i1,33,100000,obstacle_free,VAL_0_1_2,original,1000,task_horizon,,8.574393013584967,84.92579863544385,,23.39097257933322,27.367357298263236,41.10350378748575,0.0,-10.000000000000524,-3.7361464892219374,38.18028534598246,1.4210854715202004e-14,-1.54185658905448,0.34418660430348474,1.129107110676695,-0.12385988780050428,-0.00920021442796546
val_s33_m100000_obstacle_free_i2,33,100000,obstacle_free,VAL_0_1_2,original,1000,task_horizon,,5.463536938699599,201.00000000001145,,5.463536938699599,38.94510971854921,56.520898002426705,0.0,-10.000000000000524,-7.575788283876862,43.88996846100725,7.105427357601002e-15,-0.9498418536778426,0.12499702042178565,0.7742406300358335,0.005028145118492788,-0.0006401085301293425
val_s33_m100000_obstacle_free_i28,33,100000,obstacle_free,FIRST_SUCCESS_BY_INDEX,original,422,goal_success,,1.9999999999999973,85.39396243366507,85.39396243366507,1.9999999999999973,147.02519729191593,52.39542296618546,100.0,-4.219698121683242,-1.1505275525862313,42.791526660952464,3.552713678800501e-14,-0.29417486546953214,-0.06482166696790889,0.7507819365131667,0.1298353560777655,-0.003786397414659122
val_s33_m100000_cv_train_v1_i0,33,100000,cv_train_v1,VAL_0_1_2,original,1000,task_horizon,,5.192109691507824,77.40530586099825,,15.396568029222482,28.926120047787816,41.74989605126956,0.0,-10.000000000000524,-2.8237760034811124,36.11861441536565,5.684341886080802e-14,-1.5640992207013946,0.15374306777125543,0.7430324373067426,0.2004612620107623,-0.042714177071003896
val_s33_m100000_cv_train_v1_i1,33,100000,cv_train_v1,VAL_0_1_2,original,91,collision,,46.5137972736553,19.095774294550708,,46.5137972736553,16.764283211418054,17.98067909316366,0.0,-0.904788714727534,-0.3116071670180728,17.206503554612183,0.0,0.37346232753386754,0.072302912973422,1.0108930356540666,-0.11822456674855267,0.038667492410514426
val_s33_m100000_cv_train_v1_i2,33,100000,cv_train_v1,VAL_0_1_2,original,1000,task_horizon,,4.3864900626165335,189.36215275459696,,10.768360567691342,38.098269298407075,51.21607437343497,0.0,-10.000000000000524,-3.1178050750273454,42.4023392895593,7.105427357601002e-15,-1.6089331584099817,0.9515412035965041,0.8639568819412436,-0.043291560522674785,-0.0058072188203674826
postcv_empty_fixed_s33_m300000_R01_horizontal_empty,33,300000,obstacle_free,postcv_empty_fixed,original,1000,task_horizon,,9.456489486045154,76.14619176724077,,12.526385565038233,37.02201688667234,47.173614434961756,0.0,-10.000000000000524,-0.15159754828885355,41.37310726107305,0.0,-1.4990730980601916,-1.056132393707754,0.9092985067628411,0.15628314347515912,0.02067335772247424
postcv_empty_fixed_s33_m300000_R02_deeper_empty,33,300000,obstacle_free,postcv_empty_fixed,original,1000,task_horizon,,16.44350062476077,71.49999999999808,,19.674680572909214,31.559680045378084,42.12201821213094,0.0,-10.000000000000524,-0.5623381667522,37.11251273765751,4.263256414560601e-14,1.2233212010605032,-1.2759987887607391,0.5916863729120108,0.0019171022430476163,0.0019204713176843179
postcv_empty_fixed_s33_m300000_R03_shallower_empty,33,300000,obstacle_free,postcv_empty_fixed,original,846,operational_boundary_failure,position_N_upper,4.517200336842084,115.11356814466427,,20.559489635610312,31.93770419166832,41.23720914942977,0.0,-8.458143066696897,-0.8413618910646168,38.78040719775057,2.842170943040401e-14,-1.4587851708324124,-0.663954127479668,0.7303175235525093,0.02062620562766172,0.01430279847499287
original_fixed_s33_m300000_R04_head_on_lateral_offset,33,300000,fixed_cv_diagnostic,original_fixed,original,253,operational_boundary_failure,pitch_upper,14.477398736649588,42.52595095933696,,15.242806260979439,41.823001970158415,44.45719373902054,0.0,-2.5287834528612536,-0.10540831600089244,40.971032184898895,1.4210854715202004e-14,1.4081874360449103,-0.7780158809696012,0.7658782521680195,0.022086911204657528,0.02001621610183967
original_fixed_s33_m300000_R05_crossing,33,300000,fixed_cv_diagnostic,original_fixed,original,296,operational_boundary_failure,pitch_upper,15.115322165861981,60.05989301092097,,15.115322165861981,41.522239488446296,44.584677834138006,0.0,-2.9529946505460396,-0.10944369514566955,38.651003050179014,0.0,0.8938308500485693,-1.157723530355023,0.7582265319763075,0.2302260515569933,0.03346504785392309
original_fixed_s33_m300000_R06_head_on_vertical_offset,33,300000,fixed_cv_diagnostic,original_fixed,original,252,operational_boundary_failure,pitch_upper,14.269361746609103,45.81993731895338,,14.61912007876609,42.4508292913977,45.080879921233915,0.0,-2.515371153705999,-0.1146794761302031,41.45101456166307,1.4210854715202004e-14,1.275327355102554,-1.004715332158987,0.7683498758800423,0.05711914442504999,0.01788495985854218
val_s33_m300000_obstacle_free_i0,33,300000,obstacle_free,VAL_0_1_2,original,1000,task_horizon,,11.060401572582258,87.65014104894246,,19.619038167875917,27.26089112647066,37.52742591261611,0.0,-10.000000000000524,-0.2665347861448556,34.03398425176067,4.263256414560601e-14,-1.0321926852901164,-1.455515817925514,0.6388566516822634,0.010104812983902088,0.004092561783545574
val_s33_m300000_obstacle_free_i1,33,300000,obstacle_free,VAL_0_1_2,original,1000,task_horizon,,13.545898690893706,92.83817446368442,,23.719538069787635,30.475741865104126,40.77493829703131,0.0,-10.000000000000524,-0.29919643192657214,37.020431364247635,1.4210854715202004e-14,0.8119268094052307,-1.5034181865146052,0.6468975689710244,0.0166257027730287,0.00015461665447381943
val_s33_m300000_obstacle_free_i2,33,300000,obstacle_free,VAL_0_1_2,original,1000,task_horizon,,13.85233149265045,121.9232360055605,,22.71837170511219,28.606968403436397,39.26606323601413,0.0,-10.000000000000524,-0.6590948325771756,32.853430540746665,1.4210854715202004e-14,0.37093204331335955,-1.5573105182134175,0.5505207820999011,-0.12531540666844962,-0.013531425364007055
val_s33_m300000_cv_train_v1_i0,33,300000,cv_train_v1,VAL_0_1_2,original,507,operational_boundary_failure,position_E_upper,20.68096186080696,42.9246099021537,,39.747322751419325,11.448121224284339,17.39914132907264,0.0,-5.060237593254958,-0.8907825115333814,21.139326778252634,1.4210854715202004e-14,-1.5173558344383293,-0.4999412789192609,0.6211939539224857,0.045988795070667506,-0.02043596846281026
val_s33_m300000_cv_train_v1_i1,33,300000,cv_train_v1,VAL_0_1_2,original,78,operational_boundary_failure,pitch_lower,51.47170440023927,16.485949236492555,,51.47170440023927,11.93809168870586,13.02277196657969,0.0,-0.7742974618246267,-0.3103828160492037,12.585678310644006,0.0,0.14764875938002128,0.3134778376519993,0.33680226045192047,-0.12024771040078078,-0.026162776492881536
val_s33_m300000_cv_train_v1_i2,33,300000,cv_train_v1,VAL_0_1_2,original,55,operational_boundary_failure,pitch_lower,49.8764412363406,11.97354326355291,,49.8764412363406,11.20361297679759,12.107993704785713,0.0,-0.5486771631776449,-0.35570356481047793,11.77783301938723,0.0,-0.6365101193470593,0.2701112927793145,1.1244933976877443,-0.12054690988429831,-0.12550077230805767
cf_val_s11_m100000_obstacle_free_i0_original,11,100000,obstacle_free,FIXED_COUNTERFACTUAL,original,708,task_horizon,,5.805205648845071,117.68229122231281,,8.995260474498155,-6.489824209867246,0.9518790676433522,0.0,-7.0800000000006795,-0.3617032775099636,0.80082154098039,0.0,-1.3869034345707034,-0.9713603037406547,0.6178386399695274,0.02045146491876782,0.02189908678929489
cf_val_s11_m100000_obstacle_free_i0_los,11,100000,obstacle_free,FIXED_COUNTERFACTUAL,los,13,operational_boundary_failure,pitch_lower,7.707930581774884,61.99018491667785,,7.707930581774884,2.0354629023060276,2.2392089603666223,0.0,-0.12950924583395423,-0.07423681222664036,2.223865400597041,0.0,-0.009552089740955783,-0.3099065294468184,1.1723394398250753,-0.10399514808166624,-0.07594496865514193
cf_val_s11_m100000_obstacle_free_i0_pitch_only,11,100000,obstacle_free,FIXED_COUNTERFACTUAL,pitch_only,13,operational_boundary_failure,pitch_lower,8.033202680861013,61.99018491171724,,8.033202680861013,1.7501685129895495,1.9139368612804937,0.0,-0.12950924558592403,-0.03425910270502045,1.9001720819876775,0.0,-0.7315969516818941,-0.26605429033276873,1.3726043322849015,-0.01703595367168929,-0.07594497008693153
cf_val_s11_m100000_obstacle_free_i0_surge_only,11,100000,obstacle_free,FIXED_COUNTERFACTUAL,surge_only,708,task_horizon,,4.226877441959319,104.51504108115377,,14.037794731104816,-11.24308269872153,-4.090655188963309,0.0,-7.0800000000006795,-0.07242750975757886,-0.9707312750280136,0.0,-0.9981909301375986,-1.3565044382699167,1.1999999999999984,-0.31188510513239776,-0.0009267348043336999
cf_val_s11_m100000_obstacle_free_i0_yaw_only,11,100000,obstacle_free,FIXED_COUNTERFACTUAL,yaw_only,708,task_horizon,,4.4019069944483755,187.90525241118848,,5.055205601713948,-2.664986960445165,4.891933940427559,0.0,-7.0800000000006795,-0.47692090087208727,4.489743278760111,0.0,-2.9569922869417975,-1.3965402358919332,0.3547227032635407,-0.32331729428913775,-0.009481274210273647
cf_val_s11_m300000_cv_train_v1_i0_original,11,300000,cv_train_v1,FIXED_COUNTERFACTUAL,original,118,operational_boundary_failure,pitch_lower,11.985815122179597,117.39999999999547,,12.042276067316553,10.689004091864852,12.160048708434942,0.0,-1.1717759715074976,-0.2992686450625946,11.265116991721499,0.0,-1.6133074648206107,0.41196528800153676,1.419540457736746,0.32840156521996583,-0.10816466796731625
cf_val_s11_m300000_cv_train_v1_i0_los,11,300000,cv_train_v1,FIXED_COUNTERFACTUAL,los,103,goal_success,,1.9999999999999944,114.96774107587717,114.96774107587717,1.9999999999999944,121.0554090756591,22.202324775751496,100.0,-1.028387053794021,-0.11852864629837759,21.00526078575437,7.105427357601002e-15,-7.098262922583531e-07,1.4423656241602245e-08,1.200000000000944,-1.026699356572339e-06,2.7752540321090092e-08
cf_val_s11_m300000_cv_train_v1_i0_pitch_only,11,300000,cv_train_v1,FIXED_COUNTERFACTUAL,pitch_only,533,task_horizon,,12.136603803286913,143.34999999999835,,38.48928737879251,-20.053023325722833,-14.286962603041015,0.0,-5.330000000000787,-0.4360607226810884,-7.611626423421471,0.0,1.5642930688530672,0.0009514068778498728,1.4693944607536187,-0.3241465544379488,0.0006422702113816255
cf_val_s11_m300000_cv_train_v1_i0_surge_only,11,300000,cv_train_v1,FIXED_COUNTERFACTUAL,surge_only,261,operational_boundary_failure,position_D_upper,15.893765687095522,113.89345148992975,,45.139933857001495,-23.737212372382107,-20.93760908125,0.0,-2.603373496226065,-0.19622979490603729,-16.257277810158186,0.0,1.556368228153616,0.4299688495817908,1.20000000000361,-0.010720946240938837,0.006439980877127973
cf_val_s11_m300000_cv_train_v1_i0_yaw_only,11,300000,cv_train_v1,FIXED_COUNTERFACTUAL,yaw_only,236,operational_boundary_failure,pitch_upper,3.281233983871897,125.06181720027615,,6.23154190554514,15.364247006863677,17.970782870206353,0.0,-2.359636877554615,-0.24689898578807,16.783100886664503,3.552713678800501e-15,-1.0655309967688709e-11,1.5705897015068155,1.0139938289917931,7.086618762181479e-11,-0.01582297345286371
cf_val_s22_m100000_obstacle_free_i0_original,22,100000,obstacle_free,FIXED_COUNTERFACTUAL,original,49,operational_boundary_failure,pitch_lower,2.4337518278537025,50.3647006173155,,3.5875744868808743,5.007732094664642,6.16005273381627,0.0,-0.4883242841042066,-0.6639963550474239,6.111901360714348,8.881784197001252e-16,1.5933044765902231,-0.14588023688168622,0.8444120229991835,-0.3118406418142264,-0.21014099815392542
cf_val_s22_m100000_obstacle_free_i0_los,22,100000,obstacle_free,FIXED_COUNTERFACTUAL,los,32,goal_success,,1.9999999999999931,50.13545414076327,50.13545414076327,1.9999999999999931,107.41966162982973,7.747627220697152,100.0,-0.31677270703818117,-0.011192883829232796,7.631545816436878,8.881784197001252e-16,-0.0022889827157961395,-0.0001419938800379971,1.200090394909928,-0.0002570816280260748,9.686676316319258e-05
cf_val_s22_m100000_obstacle_free_i0_pitch_only,22,100000,obstacle_free,FIXED_COUNTERFACTUAL,pitch_only,786,task_horizon,,2.110424386256007,50.20215277555132,,22.0179333284313,-20.160804486828184,-12.270306107734157,0.0,-7.860000000000637,-0.030498379093443873,-6.086404335565513,1.7763568394002505e-15,1.5637851872398658,0.0003680649751386507,1.0752455249716797,-0.30693723023826663,0.00045544267499169234
cf_val_s22_m100000_obstacle_free_i0_surge_only,22,100000,obstacle_free,FIXED_COUNTERFACTUAL,surge_only,70,operational_boundary_failure,pitch_lower,3.1946215462155005,50.28191264163674,,10.423493073116497,-3.7757713770077297,-0.6758658524193519,0.0,-0.6901132959976569,-2.4097922285907223,-0.39280328566239964,8.881784197001252e-16,1.5640356442400147,0.26546513051337306,1.2000752854431058,-0.2185317407860054,-0.09423875527528627
cf_val_s22_m100000_obstacle_free_i0_yaw_only,22,100000,obstacle_free,FIXED_COUNTERFACTUAL,yaw_only,29,goal_success,,1.9999999999999953,49.48489821658297,49.48489821658297,1.9999999999999953,107.4520830274262,7.74762722069715,100.0,-0.284244910829166,-0.01129928244177473,7.643202184274574,0.0,0.0006864703016957741,-0.2810197564627835,1.3582032107357793,0.005215669936343983,-0.016654678739569682
cf_val_s22_m300000_cv_train_v1_i0_original,22,300000,cv_train_v1,FIXED_COUNTERFACTUAL,original,74,operational_boundary_failure,pitch_upper,27.334171084607252,28.152929917876946,,27.334171084607252,12.920160926779635,14.661814602980915,0.0,-0.7376464958938436,-1.0040071803074355,14.1866351054385,0.0,0.12763046984071108,-1.200387918066967,1.4790857333306673,0.00440878746615808,0.09175844046479732
cf_val_s22_m300000_cv_train_v1_i0_los,22,300000,cv_train_v1,FIXED_COUNTERFACTUAL,los,168,goal_success,,1.9999999999999993,46.800016934306306,46.800016934306306,1.9999999999999993,138.28973526129369,39.99598568758816,100.0,-1.6700008467153054,-0.03624957957921434,36.84538409252354,7.105427357601002e-15,-3.164135620181696e-14,-5.505040867603839e-13,1.2000000000000015,-4.658483380753365e-14,-1.2322999547867703e-12
cf_val_s22_m300000_cv_train_v1_i0_pitch_only,22,300000,cv_train_v1,FIXED_COUNTERFACTUAL,pitch_only,938,task_horizon,,4.379258549250747,184.5997396037445,,6.035722201928486,25.944071310148498,35.96026348565961,0.0,-9.380000000000544,-0.6361921755106104,24.74635121905349,7.105427357601002e-14,1.5768269555092076,0.0001091541511356387,1.3572999208742287,-0.24338292129668623,7.427662489853117e-05
cf_val_s22_m300000_cv_train_v1_i0_surge_only,22,300000,cv_train_v1,FIXED_COUNTERFACTUAL,surge_only,85,operational_boundary_failure,pitch_upper,28.804889054424446,30.23819713406794,,28.804889054424446,11.51036831088392,13.19109663316372,0.0,-0.8419098567033929,-0.8388184655764118,12.717026582391192,0.0,-0.10208034133029881,-1.1628080943276067,1.2000000001916402,-0.00666396438795251,0.035133453532619235
cf_val_s22_m300000_cv_train_v1_i0_yaw_only,22,300000,cv_train_v1,FIXED_COUNTERFACTUAL,yaw_only,183,operational_boundary_failure,position_D_lower,21.606992703466666,49.8159042045998,,21.606992703466666,18.564461778092014,20.3889929841215,0.0,-1.820795210229979,-0.0037359957995190033,19.382060650738577,0.0,4.884981308350689e-15,-1.5335779766135367,0.578214477669613,6.431305829320839e-15,-0.018185122847473808
cf_val_s33_m100000_obstacle_free_i0_original,33,100000,obstacle_free,FIXED_COUNTERFACTUAL,original,644,task_horizon,,2.6036429611276537,84.24999999999736,,4.792095027075337,-2.771649875186541,5.1244256219153606,0.0,-6.440000000000721,-1.4560754971012246,-1.1186453691347518,3.552713678800501e-15,-1.57399243143528,-0.01402109342058535,0.699417694958606,0.194823896698553,-0.008825796445680396
cf_val_s33_m100000_obstacle_free_i0_los,33,100000,obstacle_free,FIXED_COUNTERFACTUAL,los,35,goal_success,,1.9999999999999978,79.18171973216701,79.18171973216701,1.9999999999999978,107.5397130796419,7.916520648990698,100.0,-0.34908598660844853,-0.027721582740350123,7.777559840667477,1.7763568394002505e-15,0.0029415559644057065,-0.00013035639465316246,1.1999218470146547,0.0019032438150219594,-1.6000849792287787e-05
cf_val_s33_m100000_obstacle_free_i0_pitch_only,33,100000,obstacle_free,FIXED_COUNTERFACTUAL,pitch_only,230,goal_success,,2.000000000000002,118.0165905340712,118.0165905340712,2.000000000000002,105.61792183340636,7.916520648990691,100.0,-2.2908295267036483,-0.007769288880679659,6.940954469660982,1.7763568394002505e-15,-0.9214186659958494,-6.415971963222525e-06,0.7243288819064305,0.18793950553300412,-3.250765147551599e-06
cf_val_s33_m100000_obstacle_free_i0_surge_only,33,100000,obstacle_free,FIXED_COUNTERFACTUAL,surge_only,644,task_horizon,,2.5011796892986977,79.82370665699736,,5.35050750129401,-1.9353314586331074,4.566013147696684,0.0,-6.440000000000721,-0.06134460632912815,-0.5796946546125811,0.0,-1.5692815163199876,0.15543590374288688,1.199964950442072,0.21773162876034882,0.01736429713255549
cf_val_s33_m100000_obstacle_free_i0_yaw_only,33,100000,obstacle_free,FIXED_COUNTERFACTUAL,yaw_only,54,goal_success,,2.000000000000001,82.9955724508038,82.9955724508038,2.000000000000001,107.33609959453548,7.916520648990694,100.0,-0.5397786225402887,-0.04064243191492326,7.704074288653611,8.881784197001252e-16,-8.70556671217493e-05,0.02840692775545939,0.7697837369634161,-0.000136882553411845,-0.020345074320777444
cf_val_s33_m300000_cv_train_v1_i0_original,33,300000,cv_train_v1,FIXED_COUNTERFACTUAL,original,457,operational_boundary_failure,position_E_upper,20.68096186080696,42.9246099021537,,39.747322751419325,-0.7258791464448426,4.5696519676449086,0.0,-4.56023759325493,-0.7352935208347988,9.089334068016605,0.0,-1.5173558344383293,-0.4999412789192609,0.6211939539224857,0.045988795070667506,-0.02043596846281026
cf_val_s33_m300000_cv_train_v1_i0_los,33,300000,cv_train_v1,FIXED_COUNTERFACTUAL,los,176,goal_success,,2.000000000000002,46.151703970319474,46.151703970319474,2.000000000000002,140.55113222954827,42.316974719064234,100.0,-1.7575851985159654,-0.00825729100000279,38.835199692930125,0.0,4.157785227221211e-14,5.689893001203927e-16,1.2000000000000015,4.929497948792528e-14,1.580115602607018e-14
cf_val_s33_m300000_cv_train_v1_i0_pitch_only,33,300000,cv_train_v1,FIXED_COUNTERFACTUAL,pitch_only,484,operational_boundary_failure,position_N_upper,14.799026747902854,51.20818239138539,,26.653959969195135,12.626424223180855,17.66301474986909,0.0,-4.833793205850114,-0.20279732083816554,19.456520533199825,7.105427357601002e-15,-1.5726020777969345,0.0027691111794564335,0.988621434700695,-0.017069438778695222,0.0028137387585226827
cf_val_s33_m300000_cv_train_v1_i0_surge_only,33,300000,cv_train_v1,FIXED_COUNTERFACTUAL,surge_only,259,operational_boundary_failure,pitch_upper,17.055260509973596,50.69361836718002,,19.56568295107813,21.83579278567255,24.751291767986103,0.0,-2.589152977560922,-0.3263460047526271,23.480931000050944,0.0,-1.5691576521163508,-0.4385505695577203,1.2000000000000015,-0.014971243661771338,0.01041456682518955
cf_val_s33_m300000_cv_train_v1_i0_yaw_only,33,300000,cv_train_v1,FIXED_COUNTERFACTUAL,yaw_only,281,operational_boundary_failure,pitch_upper,8.671759155233886,58.10936273000258,,10.440497739183336,30.906030854128137,33.876476979880884,0.0,-2.8027606507779343,-0.16768547497483216,31.479788018705925,1.4210854715202004e-14,-7.93809462606987e-15,-1.5707988632888568,0.808577817944876,-2.649917682243805e-15,-0.00017319410837174294
