training_seed,model_transition,source_trajectory_id,snapshot_task_step,branch,q1,q2,minimum_q,frozen_alpha,independent_diagnostic_streams,short_rollout_control_transitions,mean_goal_progress_m,mean_partial_soft_return,sample_sd_partial_soft_return,true_terminal_count,omitted_remaining_tail_count,interpretation
11,300000,val_s11_m300000_cv_train_v1_i0,467,original,37.43373107910156,40.25673294067383,37.43373107910156,0.012566275894641876,4,200,1.7561069983322675,-0.40141874729348803,0.09645468654331972,0,4,FINITE_PARTIAL_RETURN_NOT_EXACT_Q_CALIBRATION
11,300000,val_s11_m300000_cv_train_v1_i0,467,los,36.239463806152344,41.47857666015625,36.239463806152344,0.012566275894641876,4,200,1.8577946332620785,-0.50798337960479,0.1072716738260747,0,4,FINITE_PARTIAL_RETURN_NOT_EXACT_Q_CALIBRATION
11,300000,val_s11_m300000_cv_train_v1_i0,467,pitch_only,36.961082458496094,39.57695388793945,36.961082458496094,0.012566275894641876,4,200,1.754389916449382,-0.4922022440516006,0.10358635066815615,0,4,FINITE_PARTIAL_RETURN_NOT_EXACT_Q_CALIBRATION
11,300000,val_s11_m300000_cv_train_v1_i0,467,surge_only,37.46300506591797,40.275455474853516,37.46300506591797,0.012566275894641876,4,200,1.7444205600274483,-0.402642774271908,0.09858342640279098,0,4,FINITE_PARTIAL_RETURN_NOT_EXACT_Q_CALIBRATION
11,300000,val_s11_m300000_cv_train_v1_i0,467,yaw_only,36.47128677368164,42.2199821472168,36.47128677368164,0.012566275894641876,4,200,1.8557040180155129,-0.46746040221895935,0.06582748333339902,0,4,FINITE_PARTIAL_RETURN_NOT_EXACT_Q_CALIBRATION
22,300000,val_s22_m300000_cv_train_v1_i0,62,original,24.662979125976562,27.33651351928711,24.662979125976562,0.017423933371901512,4,200,10.749300310856647,6.32298406471966,0.7401276922599023,0,4,FINITE_PARTIAL_RETURN_NOT_EXACT_Q_CALIBRATION
22,300000,val_s22_m300000_cv_train_v1_i0,62,los,24.420982360839844,27.972320556640625,24.420982360839844,0.017423933371901512,4,200,10.746961574033605,6.191685167912074,0.836366281173181,0,4,FINITE_PARTIAL_RETURN_NOT_EXACT_Q_CALIBRATION
22,300000,val_s22_m300000_cv_train_v1_i0,62,pitch_only,24.28604507446289,27.74568748474121,24.28604507446289,0.017423933371901512,4,200,10.777547420982135,6.2594681582737275,0.8701662741810339,0,4,FINITE_PARTIAL_RETURN_NOT_EXACT_Q_CALIBRATION
22,300000,val_s22_m300000_cv_train_v1_i0,62,surge_only,24.701480865478516,27.358192443847656,24.701480865478516,0.017423933371901512,4,200,10.705608468129956,6.274272176159935,0.7249540018135056,0,4,FINITE_PARTIAL_RETURN_NOT_EXACT_Q_CALIBRATION
22,300000,val_s22_m300000_cv_train_v1_i0,62,yaw_only,24.614177703857422,27.46607208251953,24.614177703857422,0.017423933371901512,4,200,10.767424058062439,6.276965210309932,0.8378336336970201,0,4,FINITE_PARTIAL_RETURN_NOT_EXACT_Q_CALIBRATION
33,300000,val_s33_m300000_cv_train_v1_i0,50,original,-19.3320255279541,-13.30417251586914,-19.3320255279541,0.015898553654551506,4,200,12.022073040055112,9.652751958662199,0.19256953561488777,0,4,FINITE_PARTIAL_RETURN_NOT_EXACT_Q_CALIBRATION
33,300000,val_s33_m300000_cv_train_v1_i0,50,los,-18.97977066040039,-13.382603645324707,-18.97977066040039,0.015898553654551506,4,200,11.779154134687136,9.571841638239523,0.2244962695033428,0,4,FINITE_PARTIAL_RETURN_NOT_EXACT_Q_CALIBRATION
33,300000,val_s33_m300000_cv_train_v1_i0,50,pitch_only,-19.092124938964844,-13.239043235778809,-19.092124938964844,0.015898553654551506,4,200,12.007509702721546,9.596296298039178,0.32470002360288774,0,4,FINITE_PARTIAL_RETURN_NOT_EXACT_Q_CALIBRATION
33,300000,val_s33_m300000_cv_train_v1_i0,50,surge_only,-19.43641471862793,-13.330232620239258,-19.43641471862793,0.015898553654551506,4,200,11.883440721013029,9.581475970279321,0.1692917532591908,0,4,FINITE_PARTIAL_RETURN_NOT_EXACT_Q_CALIBRATION
33,300000,val_s33_m300000_cv_train_v1_i0,50,yaw_only,-19.046558380126953,-13.380799293518066,-19.046558380126953,0.015898553654551506,4,200,11.876938175464923,9.598243583968205,0.3202059716236142,0,4,FINITE_PARTIAL_RETURN_NOT_EXACT_Q_CALIBRATION
