training_seed,profile,at_transition,validation_kind,scenario_index,scenario_id,failure_type,control_transitions,goal_radius_m,initial_distance_m,final_distance_m,minimum_control_node_distance_m,minimum_control_node_distance_time_s,first_control_node_inside_goal_time_s,observed_control_node_goal_entry,geometry_scope,progress_telescope_residual_m,reward_sum_residual,scalar_reward_scope,progress_undiscounted,progress_gamma_weighted,progress_logged_total_residual,goal_undiscounted,goal_gamma_weighted,goal_logged_total_residual,time_undiscounted,time_gamma_weighted,time_logged_total_residual,smoothness_undiscounted,smoothness_gamma_weighted,smoothness_logged_total_residual
11,obstacle_free,0,monitor30,0,b0-empty-validation-seed-20261006-idx-0,operational_boundary_failure,195,2.0,57.14646408049198,45.728338120816225,41.74193344350751,26.80000000000026,,False,CONTROL_NODES_ONLY; not a 0.05s swept arrival verdict,0.0,-7.105427357601002e-15,undiscounted episode return and gamma=.999 component sum separate,11.418125959675756,11.294396114417864,0.0,0.0,0.0,0.0,-1.9488205116122415,-1.7714847786738452,0.0,-0.02008854176088656,-0.020088531400836385,0.0
11,obstacle_free,0,monitor30,1,b0-empty-validation-seed-20261006-idx-1,operational_boundary_failure,153,2.0,64.49447636681896,49.453388605804484,49.17425039595591,27.200000000000266,,False,CONTROL_NODES_ONLY; not a 0.05s swept arrival verdict,0.0,1.7763568394002505e-15,undiscounted episode return and gamma=.999 component sum separate,15.041087761014474,14.32389813957072,0.0,0.0,0.0,0.0,-1.524489183235708,-1.4146262969268264,0.0,-0.020290506981203618,-0.020290497136199626,0.0
11,obstacle_free,0,monitor30,2,b0-empty-validation-seed-20261006-idx-2,operational_boundary_failure,114,2.0,61.98443494112631,46.90352013086259,46.90352013086259,22.72552286520317,,False,CONTROL_NODES_ONLY; not a 0.05s swept arrival verdict,0.0,3.552713678800501e-15,undiscounted episode return and gamma=.999 component sum separate,15.080914810263721,14.361564096367843,0.0,0.0,0.0,0.0,-1.1362761432601582,-1.0746035759412065,0.0,-0.020129130339312587,-0.020129121989828105,0.0
11,obstacle_free,25000,monitor30,0,b0-empty-validation-seed-20261006-idx-0,task_horizon,1000,2.0,57.14646408049198,2.3409327509184634,2.3409327509184634,200.00000000001145,,False,CONTROL_NODES_ONLY; not a 0.05s swept arrival verdict,-4.973799150320701e-14,9.947598300641403e-14,undiscounted episode return and gamma=.999 component sum separate,54.80553132957347,45.593007151440716,0.0,0.0,0.0,0.0,-10.000000000000524,-6.323045752290556,0.0,-1.0215987143802736,-0.6463398598959793,0.0
11,obstacle_free,25000,monitor30,1,b0-empty-validation-seed-20261006-idx-1,task_horizon,1000,2.0,64.49447636681896,16.909012593046636,5.583636470288797,144.59999999999886,,False,CONTROL_NODES_ONLY; not a 0.05s swept arrival verdict,5.684341886080802e-14,7.105427357601002e-14,undiscounted episode return and gamma=.999 component sum separate,47.585463773772375,46.471451072503626,0.0,0.0,0.0,0.0,-10.000000000000524,-6.323045752290556,0.0,-0.23716827922350345,-0.20168535745481217,0.0
11,obstacle_free,25000,monitor30,2,b0-empty-validation-seed-20261006-idx-2,task_horizon,1000,2.0,61.98443494112631,15.122430046812543,6.139377236542255,152.60000000000068,,False,CONTROL_NODES_ONLY; not a 0.05s swept arrival verdict,7.815970093361102e-14,8.526512829121202e-14,undiscounted episode return and gamma=.999 component sum separate,46.86200489431385,43.58734876103827,0.0,0.0,0.0,0.0,-10.000000000000524,-6.323045752290556,0.0,-0.9681083575191693,-0.5538315270198216,0.0
11,obstacle_free,50000,monitor30,0,b0-empty-validation-seed-20261006-idx-0,goal_success,365,2.0,57.14646408049198,2.000000000000006,2.000000000000006,72.88024927577669,,False,CONTROL_NODES_ONLY; not a 0.05s swept arrival verdict,3.552713678800501e-14,5.684341886080802e-14,undiscounted episode return and gamma=.999 component sum separate,55.14646408049201,49.247449472412015,0.0,100.0,69.47646516921667,0.0,-3.6440124637888194,-3.0551412010850045,0.0,-1.1074442324693465,-0.9127164368067809,0.0
11,obstacle_free,50000,monitor30,1,b0-empty-validation-seed-20261006-idx-1,operational_boundary_failure,838,2.0,64.49447636681896,15.282185152569722,2.8574836190428536,52.79999999999908,,False,CONTROL_NODES_ONLY; not a 0.05s swept arrival verdict,-4.263256414560601e-14,-9.947598300641403e-14,undiscounted episode return and gamma=.999 component sum separate,49.21229121424919,47.38759592594722,0.0,0.0,0.0,0.0,-8.376169047361483,-5.67440709571354,0.0,-2.4688175353520587,-1.7131654592323073,0.0
11,obstacle_free,50000,monitor30,2,b0-empty-validation-seed-20261006-idx-2,operational_boundary_failure,829,2.0,61.98443494112631,9.24885906572938,2.1218945063442285,98.99999999999646,,False,CONTROL_NODES_ONLY; not a 0.05s swept arrival verdict,-1.4210854715202004e-14,-7.105427357601002e-15,undiscounted episode return and gamma=.999 component sum separate,52.73557587539692,48.937355945239624,0.0,0.0,0.0,0.0,-8.28646154511447,-5.635409137870232,0.0,-3.419294530397822,-2.1188853402693586,0.0
11,obstacle_free,75000,monitor30,0,b0-empty-validation-seed-20261006-idx-0,task_horizon,1000,2.0,57.14646408049198,8.652844554188317,5.9486709059233895,65.19999999999838,,False,CONTROL_NODES_ONLY; not a 0.05s swept arrival verdict,-1.4210854715202004e-14,1.9184653865522705e-13,undiscounted episode return and gamma=.999 component sum separate,48.49361952630365,43.161662909950174,0.0,0.0,0.0,0.0,-10.000000000000524,-6.323045752290556,0.0,-0.6583475081923406,-0.4774346666237461,0.0
11,obstacle_free,75000,monitor30,1,b0-empty-validation-seed-20261006-idx-1,goal_success,851,2.0,64.49447636681896,1.9999999999999982,1.9999999999999982,170.00125672663302,170.00125672663302,True,CONTROL_NODES_ONLY; not a 0.05s swept arrival verdict,-6.394884621840902e-14,-8.526512829121202e-14,undiscounted episode return and gamma=.999 component sum separate,62.494476366818894,51.4382323230816,0.0,100.0,42.723319805780825,0.0,-8.50006283633171,-5.727694865188799,0.0,-0.7240364348684288,-0.5103681505257424,0.0
11,obstacle_free,75000,monitor30,2,b0-empty-validation-seed-20261006-idx-2,task_horizon,1000,2.0,61.98443494112631,11.300817894236417,11.300817894236417,200.00000000001145,,False,CONTROL_NODES_ONLY; not a 0.05s swept arrival verdict,1.4210854715202004e-13,2.0605739337042905e-13,undiscounted episode return and gamma=.999 component sum separate,50.683617046890035,43.52051113411532,0.0,0.0,0.0,0.0,-10.000000000000524,-6.323045752290556,0.0,-0.44186661186870824,-0.30646301585471153,0.0
11,obstacle_free,100000,Val300,0,b0-empty-validation-seed-20261006-idx-0,task_horizon,1000,2.0,57.14646408049198,8.995260474498155,5.805475963134279,116.59999999999546,,False,CONTROL_NODES_ONLY; not a 0.05s swept arrival verdict,2.842170943040401e-14,1.2789769243681803e-13,undiscounted episode return and gamma=.999 component sum separate,48.15120360599386,41.90849908084453,0.0,0.0,0.0,0.0,-10.000000000000524,-6.323045752290556,0.0,-2.675556041715846,-2.1164904377257545,0.0
11,obstacle_free,100000,Val300,1,b0-empty-validation-seed-20261006-idx-1,task_horizon,1000,2.0,64.49447636681896,8.71493297294743,7.275494677041277,192.40000000000973,,False,CONTROL_NODES_ONLY; not a 0.05s swept arrival verdict,1.2079226507921703e-13,1.6342482922482304e-13,undiscounted episode return and gamma=.999 component sum separate,55.77954339387165,46.75554678315995,0.0,0.0,0.0,0.0,-10.000000000000524,-6.323045752290556,0.0,-6.5660640730175395,-5.188456323224535,0.0
11,obstacle_free,100000,Val300,2,b0-empty-validation-seed-20261006-idx-2,operational_boundary_failure,179,2.0,61.98443494112631,40.192547858304046,40.192547858304046,35.63458986836245,,False,CONTROL_NODES_ONLY; not a 0.05s swept arrival verdict,0.0,-1.7763568394002505e-14,undiscounted episode return and gamma=.999 component sum separate,21.791887082822264,20.210753404020814,0.0,0.0,0.0,0.0,-1.7817294934181236,-1.6327684651437098,0.0,-0.3288270088395228,-0.31964105575179663,0.0
11,cv_train_v1,100000,monitor30,0,train-v1-seed-20261006-idx-0,task_horizon,1000,2.0,57.14646408049198,11.386445439376784,6.49178658663076,68.19999999999821,,False,CONTROL_NODES_ONLY; not a 0.05s swept arrival verdict,-7.105427357601002e-14,7.105427357601002e-15,undiscounted episode return and gamma=.999 component sum separate,45.760018641115124,41.2331600214831,0.0,0.0,0.0,0.0,-10.000000000000524,-6.323045752290556,0.0,-1.8240722619343956,-1.1441311633624758,0.0
11,cv_train_v1,100000,monitor30,1,train-v1-seed-20261006-idx-1,operational_boundary_failure,356,2.0,64.49447636681896,10.915714188218423,10.915714188218423,71.04573952409478,,False,CONTROL_NODES_ONLY; not a 0.05s swept arrival verdict,0.0,2.842170943040401e-14,undiscounted episode return and gamma=.999 component sum separate,53.578762178600535,46.29952989178807,0.0,0.0,0.0,0.0,-3.552286976204725,-2.9911141527053178,0.0,-3.2444997843409022,-2.8591609073570345,0.0
11,cv_train_v1,100000,monitor30,2,train-v1-seed-20261006-idx-2,operational_boundary_failure,396,2.0,61.98443494112631,14.87751214607567,14.87751214607567,79.10635930449523,,False,CONTROL_NODES_ONLY; not a 0.05s swept arrival verdict,7.815970093361102e-14,1.2789769243681803e-13,undiscounted episode return and gamma=.999 component sum separate,47.106922795050714,40.71356764341043,0.0,0.0,0.0,0.0,-3.9553179652247437,-3.2681127807656605,0.0,-0.8128068614630222,-0.684799944195778,0.0
11,cv_train_v1,125000,monitor30,0,train-v1-seed-20261006-idx-0,operational_boundary_failure,602,2.0,57.14646408049198,15.470007389985767,12.77220973304625,58.59999999999875,,False,CONTROL_NODES_ONLY; not a 0.05s swept arrival verdict,4.263256414560601e-14,1.4210854715202004e-14,undiscounted episode return and gamma=.999 component sum separate,41.67645669050626,36.12538753789783,0.0,0.0,0.0,0.0,-6.014361759696425,-4.521408067122493,0.0,-0.2700858465522106,-0.24551793417057455,0.0
11,cv_train_v1,125000,monitor30,1,train-v1-seed-20261006-idx-1,task_horizon,1000,2.0,64.49447636681896,18.38019488948762,7.105314574574059,133.19999999999627,,False,CONTROL_NODES_ONLY; not a 0.05s swept arrival verdict,2.1316282072803006e-14,1.1368683772161603e-13,undiscounted episode return and gamma=.999 component sum separate,46.11428147733136,39.31039507199947,0.0,0.0,0.0,0.0,-10.000000000000524,-6.323045752290556,0.0,-0.1922568257303436,-0.17468280520204899,0.0
11,cv_train_v1,125000,monitor30,2,train-v1-seed-20261006-idx-2,operational_boundary_failure,746,2.0,61.98443494112631,10.514463882502598,9.144502462912843,124.19999999999503,,False,CONTROL_NODES_ONLY; not a 0.05s swept arrival verdict,-4.973799150320701e-14,-1.6342482922482304e-13,undiscounted episode return and gamma=.999 component sum separate,51.46997105862366,43.79693198974573,0.0,0.0,0.0,0.0,-7.459836423906394,-5.2590941834383305,0.0,-0.5262261213108886,-0.45441316021281697,0.0
11,cv_train_v1,150000,monitor30,0,train-v1-seed-20261006-idx-0,operational_boundary_failure,199,2.0,57.14646408049198,32.319995137081584,32.319995137081584,39.681660691922794,,False,CONTROL_NODES_ONLY; not a 0.05s swept arrival verdict,0.0,-7.105427357601002e-15,undiscounted episode return and gamma=.999 component sum separate,24.826468943410397,22.429409464159672,0.0,0.0,0.0,0.0,-1.9840830345961393,-1.8004634030491897,0.0,-0.2043258901215495,-0.19466119651482452,0.0
11,cv_train_v1,150000,monitor30,1,train-v1-seed-20261006-idx-1,task_horizon,1000,2.0,64.49447636681896,17.578292420063796,10.663316827429357,169.8000000000046,,False,CONTROL_NODES_ONLY; not a 0.05s swept arrival verdict,3.552713678800501e-14,1.7053025658242404e-13,undiscounted episode return and gamma=.999 component sum separate,46.9161839467552,32.69490938704276,0.0,0.0,0.0,0.0,-10.000000000000524,-6.323045752290556,0.0,-0.1372011755013964,-0.13374773373643242,0.0
11,cv_train_v1,150000,monitor30,2,train-v1-seed-20261006-idx-2,operational_boundary_failure,104,2.0,61.98443494112631,55.03902048981875,53.238624981596665,13.800000000000075,,False,CONTROL_NODES_ONLY; not a 0.05s swept arrival verdict,0.0,3.552713678800501e-15,undiscounted episode return and gamma=.999 component sum separate,6.945414451307556,6.885417838976161,0.0,0.0,0.0,0.0,-1.0332858476706936,-0.9821592576174328,0.0,-0.3715257053639004,-0.3542530361867414,0.0
11,cv_train_v1,175000,monitor30,0,train-v1-seed-20261006-idx-0,operational_boundary_failure,175,2.0,57.14646408049198,23.37285846874881,23.367661506045298,34.600000000000115,,False,CONTROL_NODES_ONLY; not a 0.05s swept arrival verdict,-7.105427357601002e-15,-1.0658141036401503e-14,undiscounted episode return and gamma=.999 component sum separate,33.773605611743164,31.55143011377952,0.0,0.0,0.0,0.0,-1.7482782357092748,-1.604718107832006,0.0,-0.19464518258492228,-0.18797679293070274,0.0
11,cv_train_v1,175000,monitor30,1,train-v1-seed-20261006-idx-1,operational_boundary_failure,708,2.0,64.49447636681896,58.55856251363772,32.200681948471406,55.9999999999989,,False,CONTROL_NODES_ONLY; not a 0.05s swept arrival verdict,0.0,-5.440092820663267e-14,undiscounted episode return and gamma=.999 component sum separate,5.9359138531812405,13.513105519105373,0.0,0.0,0.0,0.0,-7.078368099303262,-5.0746556207546565,0.0,-0.13928962279407567,-0.13497119666867388,0.0
11,cv_train_v1,175000,monitor30,2,train-v1-seed-20261006-idx-2,operational_boundary_failure,847,2.0,61.98443494112631,24.67848904384063,15.151873334911208,93.39999999999678,,False,CONTROL_NODES_ONLY; not a 0.05s swept arrival verdict,1.1368683772161603e-13,2.4868995751603507e-14,undiscounted episode return and gamma=.999 component sum separate,37.305945897285795,33.24581555389955,0.0,0.0,0.0,0.0,-8.465802324439082,-5.7130247688312235,0.0,-1.2319449857877918,-0.9161834987934413,0.0
11,cv_train_v1,200000,monitor30,0,train-v1-seed-20261006-idx-0,operational_boundary_failure,265,2.0,57.14646408049198,25.307369597822127,19.252023389424824,38.999999999999865,,False,CONTROL_NODES_ONLY; not a 0.05s swept arrival verdict,-3.552713678800501e-15,7.105427357601002e-15,undiscounted episode return and gamma=.999 component sum separate,31.83909448266985,30.018341568630547,0.0,0.0,0.0,0.0,-2.6444687192326373,-2.3247103426863185,0.0,-0.27140891809838036,-0.2598518579334291,0.0
11,cv_train_v1,200000,monitor30,1,train-v1-seed-20261006-idx-1,operational_boundary_failure,554,2.0,64.49447636681896,33.58825511984015,9.890127134108528,45.3999999999995,,False,CONTROL_NODES_ONLY; not a 0.05s swept arrival verdict,-4.973799150320701e-14,-1.0302869668521453e-13,undiscounted episode return and gamma=.999 component sum separate,30.90622124697876,33.170163985182576,0.0,0.0,0.0,0.0,-5.53538927210568,-4.252474950138395,0.0,-0.15132828237834325,-0.1436488522792288,0.0
11,cv_train_v1,200000,monitor30,2,train-v1-seed-20261006-idx-2,operational_boundary_failure,364,2.0,61.98443494112631,25.730169495632673,25.509594562657544,45.79999999999948,,False,CONTROL_NODES_ONLY; not a 0.05s swept arrival verdict,3.552713678800501e-14,4.263256414560601e-14,undiscounted episode return and gamma=.999 component sum separate,36.25426544549367,32.86285395273982,0.0,0.0,0.0,0.0,-3.6372716029445713,-3.050455991757124,0.0,-0.20495047827484633,-0.1978435016753442,0.0
11,cv_train_v1,225000,monitor30,0,train-v1-seed-20261006-idx-0,operational_boundary_failure,819,2.0,57.14646408049198,30.088937791077182,15.247519228114964,84.99999999999726,,False,CONTROL_NODES_ONLY; not a 0.05s swept arrival verdict,-3.907985046680551e-14,-9.947598300641403e-14,undiscounted episode return and gamma=.999 component sum separate,27.05752628941476,28.28860290922615,0.0,0.0,0.0,0.0,-8.181286049295263,-5.589239132353601,0.0,-0.30375354539996074,-0.2554553468003785,0.0
11,cv_train_v1,225000,monitor30,1,train-v1-seed-20261006-idx-1,operational_boundary_failure,274,2.0,64.49447636681896,9.580931951621748,9.580931951621748,54.754612920014175,,False,CONTROL_NODES_ONLY; not a 0.05s swept arrival verdict,2.1316282072803006e-14,2.842170943040401e-14,undiscounted episode return and gamma=.999 component sum separate,54.91354441519723,48.45586482024603,0.0,0.0,0.0,0.0,-2.737730646000702,-2.395994572787857,0.0,-0.2734544499142522,-0.26058197053635374,0.0
11,cv_train_v1,225000,monitor30,2,train-v1-seed-20261006-idx-2,operational_boundary_failure,399,2.0,61.98443494112631,15.326724400558605,14.098182306341291,73.99999999999788,,False,CONTROL_NODES_ONLY; not a 0.05s swept arrival verdict,7.105427357601002e-15,4.973799150320701e-14,undiscounted episode return and gamma=.999 component sum separate,46.65771054056771,39.45610383567887,0.0,0.0,0.0,0.0,-3.985551094844435,-3.2884448066287,0.0,-0.36715053671996734,-0.32894384821223205,0.0
11,cv_train_v1,250000,monitor30,0,train-v1-seed-20261006-idx-0,operational_boundary_failure,752,2.0,57.14646408049198,35.16021975993009,30.284520960751156,114.99999999999555,,False,CONTROL_NODES_ONLY; not a 0.05s swept arrival verdict,0.0,-6.572520305780927e-14,undiscounted episode return and gamma=.999 component sum separate,21.986244320561894,18.42697543978321,0.0,0.0,0.0,0.0,-7.5155905003914985,-5.285465724596018,0.0,-0.5231228354898925,-0.37342993732885144,0.0
11,cv_train_v1,250000,monitor30,1,train-v1-seed-20261006-idx-1,operational_boundary_failure,833,2.0,64.49447636681896,55.639064321353494,4.145306413992109,83.19999999999736,,False,CONTROL_NODES_ONLY; not a 0.05s swept arrival verdict,1.4210854715202004e-14,-8.049116928532385e-15,undiscounted episode return and gamma=.999 component sum separate,8.855412045465478,23.02859492924842,0.0,0.0,0.0,0.0,-8.322657410396856,-5.651186544258027,0.0,-0.16977135830980822,-0.1590872096081827,0.0
11,cv_train_v1,250000,monitor30,2,train-v1-seed-20261006-idx-2,operational_boundary_failure,660,2.0,61.98443494112631,22.903932357469344,16.469319914910294,91.99999999999686,,False,CONTROL_NODES_ONLY; not a 0.05s swept arrival verdict,0.0,-3.552713678800501e-14,undiscounted episode return and gamma=.999 component sum separate,39.080502583656965,34.3622997118118,0.0,0.0,0.0,0.0,-6.592092552861281,-4.829103405700611,0.0,-0.4451104778793391,-0.36158313154014254,0.0
11,cv_train_v1,275000,monitor30,0,train-v1-seed-20261006-idx-0,operational_boundary_failure,592,2.0,57.14646408049198,24.451543530670023,24.451543530670023,118.27134303622942,,False,CONTROL_NODES_ONLY; not a 0.05s swept arrival verdict,-7.105427357601002e-15,-7.105427357601002e-14,undiscounted episode return and gamma=.999 component sum separate,32.69492054982195,20.974178149245535,0.0,0.0,0.0,0.0,-5.913567151811521,-4.465879713537545,0.0,-0.43797336169874135,-0.3386681152530069,0.0
11,cv_train_v1,275000,monitor30,1,train-v1-seed-20261006-idx-1,collision,76,2.0,64.49447636681896,47.424577182794835,47.424577182794835,15.022214399779134,,False,CONTROL_NODES_ONLY; not a 0.05s swept arrival verdict,0.0,3.552713678800501e-15,undiscounted episode return and gamma=.999 component sum separate,17.069899184024123,16.44017001004778,0.0,0.0,0.0,0.0,-0.7511107199889556,-0.7239436906674479,0.0,-0.2580716927652101,-0.2510745665369814,0.0
11,cv_train_v1,275000,monitor30,2,train-v1-seed-20261006-idx-2,operational_boundary_failure,151,2.0,61.98443494112631,55.1900747777734,50.34046550757256,15.200000000000095,,False,CONTROL_NODES_ONLY; not a 0.05s swept arrival verdict,0.0,-9.769962616701378e-15,undiscounted episode return and gamma=.999 component sum separate,6.794360163352913,6.996766069251575,0.0,0.0,0.0,0.0,-1.5013589093286543,-1.3947357094910064,0.0,-0.46213374424381765,-0.43655867295013756,0.0
11,cv_train_v1,300000,Val300,0,train-v1-seed-20261006-idx-0,operational_boundary_failure,585,2.0,57.14646408049198,12.042276067316553,11.985815122179597,116.39999999999547,,False,CONTROL_NODES_ONLY; not a 0.05s swept arrival verdict,-2.842170943040401e-14,-7.105427357601002e-14,undiscounted episode return and gamma=.999 component sum separate,45.1041880131754,32.80708818633124,0.0,0.0,0.0,0.0,-5.841775971507384,-4.425986866533889,0.0,-0.4896869168661172,-0.35272168649310864,0.0
11,cv_train_v1,300000,Val300,1,train-v1-seed-20261006-idx-1,task_horizon,1000,2.0,64.49447636681896,28.947918054351828,12.601392986753634,89.19999999999702,,False,CONTROL_NODES_ONLY; not a 0.05s swept arrival verdict,-1.4210854715202004e-14,3.552713678800501e-14,undiscounted episode return and gamma=.999 component sum separate,35.54655831246711,37.53185934551516,0.0,0.0,0.0,0.0,-10.000000000000524,-6.323045752290556,0.0,-0.2914390715252077,-0.2038430651058205,0.0
11,cv_train_v1,300000,Val300,2,train-v1-seed-20261006-idx-2,operational_boundary_failure,261,2.0,61.98443494112631,33.73648021070584,33.73648021070584,52.09909478628908,,False,CONTROL_NODES_ONLY; not a 0.05s swept arrival verdict,0.0,1.0658141036401503e-14,undiscounted episode return and gamma=.999 component sum separate,28.247954730420467,25.43723657130737,0.0,0.0,0.0,0.0,-2.604954739314448,-2.29430697519406,0.0,-0.22075906756192895,-0.20273735790227002,0.0
22,obstacle_free,0,monitor30,0,b0-empty-validation-seed-20261006-idx-0,operational_boundary_failure,411,2.0,57.14646408049198,74.74283547344494,42.311991893558854,25.600000000000243,,False,CONTROL_NODES_ONLY; not a 0.05s swept arrival verdict,0.0,3.552713678800501e-15,undiscounted episode return and gamma=.999 component sum separate,-17.59637139295296,-10.77415803464499,0.0,0.0,0.0,0.0,-4.107600640459874,-3.369901881997361,0.0,-0.019883800143847496,-0.01988377657167415,0.0
22,obstacle_free,0,monitor30,1,b0-empty-validation-seed-20261006-idx-1,operational_boundary_failure,294,2.0,64.49447636681896,68.83024222636821,49.349868793546996,26.400000000000254,,False,CONTROL_NODES_ONLY; not a 0.05s swept arrival verdict,0.0,6.217248937900877e-15,undiscounted episode return and gamma=.999 component sum separate,-4.335765859549255,-1.0862140180501292,0.0,0.0,0.0,0.0,-2.939893293293813,-2.5482516984055574,0.0,-0.019738178004622915,-0.01973816662880901,0.0
22,obstacle_free,0,monitor30,2,b0-empty-validation-seed-20261006-idx-2,operational_boundary_failure,223,2.0,61.98443494112631,54.01762385761204,46.57000450314422,27.000000000000263,,False,CONTROL_NODES_ONLY; not a 0.05s swept arrival verdict,0.0,6.217248937900877e-15,undiscounted episode return and gamma=.999 component sum separate,7.966811083514273,8.50078048007291,0.0,0.0,0.0,0.0,-2.227217326220516,-1.9975157418607554,0.0,-0.01975315226944146,-0.019753144985854478,0.0
22,obstacle_free,25000,monitor30,0,b0-empty-validation-seed-20261006-idx-0,operational_boundary_failure,311,2.0,57.14646408049198,35.87837554371943,17.96760864421775,36.79999999999999,,False,CONTROL_NODES_ONLY; not a 0.05s swept arrival verdict,7.105427357601002e-15,1.0658141036401503e-14,undiscounted episode return and gamma=.999 component sum separate,21.26808853677256,22.362917251088312,0.0,0.0,0.0,0.0,-3.1052904359350872,-2.6705476031246786,0.0,-1.1022549702280442,-0.8802404658653488,0.0
22,obstacle_free,25000,monitor30,1,b0-empty-validation-seed-20261006-idx-1,operational_boundary_failure,345,2.0,64.49447636681896,28.639316380128804,10.983254079659018,45.3999999999995,,False,CONTROL_NODES_ONLY; not a 0.05s swept arrival verdict,1.4210854715202004e-14,6.039613253960852e-14,undiscounted episode return and gamma=.999 component sum separate,35.85515998669017,35.302465205510096,0.0,0.0,0.0,0.0,-3.4470870659238226,-2.916954147157148,0.0,-1.0428146856858151,-0.7972872624959093,0.0
22,obstacle_free,25000,monitor30,2,b0-empty-validation-seed-20261006-idx-2,operational_boundary_failure,455,2.0,61.98443494112631,36.00173533860505,16.783522480146388,42.99999999999964,,False,CONTROL_NODES_ONLY; not a 0.05s swept arrival verdict,3.552713678800501e-15,-2.4868995751603507e-14,undiscounted episode return and gamma=.999 component sum separate,25.98269960252126,27.128613186195352,0.0,0.0,0.0,0.0,-4.544086573018297,-3.6532098258267047,0.0,-0.7162203901852334,-0.5321847258227617,0.0
22,obstacle_free,50000,monitor30,0,b0-empty-validation-seed-20261006-idx-0,goal_success,239,2.0,57.14646408049198,2.0000000000000004,2.0000000000000004,47.64931672018676,,False,CONTROL_NODES_ONLY; not a 0.05s swept arrival verdict,-5.684341886080802e-14,-8.526512829121202e-14,undiscounted episode return and gamma=.999 component sum separate,55.146464080491924,49.27034744684817,0.0,100.0,78.81088379839443,0.0,-2.382465836009334,-2.120854967312535,0.0,-0.15265246836846946,-0.1512877214683977,0.0
22,obstacle_free,50000,monitor30,1,b0-empty-validation-seed-20261006-idx-1,goal_success,627,2.0,64.49447636681896,2.000000000000003,2.000000000000003,125.38791373091381,,False,CONTROL_NODES_ONLY; not a 0.05s swept arrival verdict,2.1316282072803006e-14,2.842170943040401e-14,undiscounted episode return and gamma=.999 component sum separate,62.49447636681898,52.96114979901592,0.0,100.0,53.45589798201543,0.0,-6.269395686545752,-4.659432750412993,0.0,-2.7669519243671643,-2.0634629435227128,0.0
22,obstacle_free,50000,monitor30,2,b0-empty-validation-seed-20261006-idx-2,goal_success,487,2.0,61.98443494112631,1.9999999999999958,1.9999999999999958,97.31111138076967,97.31111138076967,True,CONTROL_NODES_ONLY; not a 0.05s swept arrival verdict,3.552713678800501e-14,2.842170943040401e-14,undiscounted episode return and gamma=.999 component sum separate,59.98443494112635,51.44840358387387,0.0,100.0,61.49322608990547,0.0,-4.865555569038496,-3.8540936896388516,0.0,-0.11405051942083697,-0.1125952271056811,0.0
22,obstacle_free,50000,monitor30,3,b0-empty-validation-seed-20261006-idx-3,operational_boundary_failure,816,2.0,65.92020595522848,13.208005774198197,5.597026290342022,55.79999999999891,,False,CONTROL_NODES_ONLY; not a 0.05s swept arrival verdict,-2.1316282072803006e-14,-2.842170943040401e-14,undiscounted episode return and gamma=.999 component sum separate,52.71220018103026,48.6266502393117,0.0,0.0,0.0,0.0,-8.159338174644168,-5.5795430752808,0.0,-3.056574530774634,-2.158610842236012,0.0
22,obstacle_free,75000,monitor30,0,b0-empty-validation-seed-20261006-idx-0,task_horizon,1000,2.0,57.14646408049198,7.9615305704497485,4.902418721167971,110.79999999999579,,False,CONTROL_NODES_ONLY; not a 0.05s swept arrival verdict,-2.1316282072803006e-14,2.842170943040401e-14,undiscounted episode return and gamma=.999 component sum separate,49.184933510042214,43.48133467988247,0.0,0.0,0.0,0.0,-10.000000000000524,-6.323045752290556,0.0,-1.5415897489418333,-1.0382588770892818,0.0
22,obstacle_free,75000,monitor30,1,b0-empty-validation-seed-20261006-idx-1,task_horizon,1000,2.0,64.49447636681896,11.75182945552572,9.015934288411971,92.79999999999681,,False,CONTROL_NODES_ONLY; not a 0.05s swept arrival verdict,2.842170943040401e-14,7.815970093361102e-14,undiscounted episode return and gamma=.999 component sum separate,52.742646911293264,46.89440920839848,0.0,0.0,0.0,0.0,-10.000000000000524,-6.323045752290556,0.0,-6.562755181284022,-3.7103340385549393,0.0
22,obstacle_free,75000,monitor30,2,b0-empty-validation-seed-20261006-idx-2,task_horizon,1000,2.0,61.98443494112631,18.841211781837554,7.134584803273204,79.39999999999758,,False,CONTROL_NODES_ONLY; not a 0.05s swept arrival verdict,2.842170943040401e-14,1.4210854715202004e-14,undiscounted episode return and gamma=.999 component sum separate,43.14322315928878,42.155756426649646,0.0,0.0,0.0,0.0,-10.000000000000524,-6.323045752290556,0.0,-0.8185544361838629,-0.5460350182508956,0.0
22,obstacle_free,100000,Val300,0,b0-empty-validation-seed-20261006-idx-0,operational_boundary_failure,263,2.0,57.14646408049198,3.5875744868808743,2.433932862463135,49.399999999999274,,False,CONTROL_NODES_ONLY; not a 0.05s swept arrival verdict,-7.105427357601002e-15,-1.4210854715202004e-14,undiscounted episode return and gamma=.999 component sum separate,53.5588895936111,47.26016335743006,0.0,0.0,0.0,0.0,-2.6283242841041825,-2.3123032175367406,0.0,-1.9295415990207576,-1.6551957864503941,0.0
22,obstacle_free,100000,Val300,1,b0-empty-validation-seed-20261006-idx-1,operational_boundary_failure,238,2.0,64.49447636681896,11.715899992770984,11.715899992770984,47.544929141827254,,False,CONTROL_NODES_ONLY; not a 0.05s swept arrival verdict,2.842170943040401e-14,4.973799150320701e-14,undiscounted episode return and gamma=.999 component sum separate,52.778576374048,46.770236452783855,0.0,0.0,0.0,0.0,-2.377246457091359,-2.1167393563947257,0.0,-2.391743794498968,-2.0217208285566795,0.0
22,obstacle_free,100000,Val300,2,b0-empty-validation-seed-20261006-idx-2,operational_boundary_failure,254,2.0,61.98443494112631,5.56287925329062,5.56287925329062,50.77698583135628,,False,CONTROL_NODES_ONLY; not a 0.05s swept arrival verdict,7.105427357601002e-15,3.552713678800501e-14,undiscounted episode return and gamma=.999 component sum separate,56.4215556878357,49.541616055866825,0.0,0.0,0.0,0.0,-2.5388492915678085,-2.243174327688242,0.0,-4.234347843069076,-3.5831779762930216,0.0
22,cv_train_v1,100000,monitor30,0,train-v1-seed-20261006-idx-0,operational_boundary_failure,254,2.0,57.14646408049198,2.976669444073631,2.4227316926642013,48.19999999999934,,False,CONTROL_NODES_ONLY; not a 0.05s swept arrival verdict,1.4210854715202004e-14,2.1316282072803006e-14,undiscounted episode return and gamma=.999 component sum separate,54.16979463641837,47.90713951685093,0.0,0.0,0.0,0.0,-2.5371147277968493,-2.241827665108377,0.0,-0.9947012757121438,-0.8694069005751602,0.0
22,cv_train_v1,100000,monitor30,1,train-v1-seed-20261006-idx-1,operational_boundary_failure,243,2.0,64.49447636681896,10.177670507491504,10.177670507491504,48.461303995333985,,False,CONTROL_NODES_ONLY; not a 0.05s swept arrival verdict,4.973799150320701e-14,6.394884621840902e-14,undiscounted episode return and gamma=.999 component sum separate,54.3168058593275,47.968373896975216,0.0,0.0,0.0,0.0,-2.423065199766695,-2.15279478133293,0.0,-0.5349109987845299,-0.44748215830765464,0.0
22,cv_train_v1,100000,monitor30,2,train-v1-seed-20261006-idx-2,operational_boundary_failure,670,2.0,61.98443494112631,22.666743446973094,3.5027420892966057,73.19999999999793,,False,CONTROL_NODES_ONLY; not a 0.05s swept arrival verdict,1.0658141036401503e-13,3.197442310920451e-14,undiscounted episode return and gamma=.999 component sum separate,39.31769149415332,39.19436214716395,0.0,0.0,0.0,0.0,-6.69385714445347,-4.881483858289886,0.0,-6.3057183841671405,-4.278616177204491,0.0
22,cv_train_v1,125000,monitor30,0,train-v1-seed-20261006-idx-0,task_horizon,1000,2.0,57.14646408049198,8.924488289861838,2.627465491828579,113.39999999999564,,False,CONTROL_NODES_ONLY; not a 0.05s swept arrival verdict,9.237055564881302e-14,1.3500311979441904e-13,undiscounted episode return and gamma=.999 component sum separate,48.22197579063023,41.247181829989785,0.0,0.0,0.0,0.0,-10.000000000000524,-6.323045752290556,0.0,-5.463776299472048,-2.705346388910263,0.0
22,cv_train_v1,125000,monitor30,1,train-v1-seed-20261006-idx-1,operational_boundary_failure,817,2.0,64.49447636681896,28.716003124109946,5.366050375914281,69.79999999999812,,False,CONTROL_NODES_ONLY; not a 0.05s swept arrival verdict,7.105427357601002e-15,-1.0658141036401503e-13,undiscounted episode return and gamma=.999 component sum separate,35.77847324270902,35.65076137033677,0.0,0.0,0.0,0.0,-8.167890935439688,-5.583323828728781,0.0,-0.6522493988626054,-0.6164728447837903,0.0
22,cv_train_v1,125000,monitor30,2,train-v1-seed-20261006-idx-2,operational_boundary_failure,581,2.0,61.98443494112631,27.04583152341148,8.438966695553846,64.7999999999984,,False,CONTROL_NODES_ONLY; not a 0.05s swept arrival verdict,1.4210854715202004e-14,2.842170943040401e-14,undiscounted episode return and gamma=.999 component sum separate,34.938603417714845,32.17654176919236,0.0,0.0,0.0,0.0,-5.801125656299994,-4.403270957417795,0.0,-1.0871396085956124,-0.9623707139091625,0.0
22,cv_train_v1,150000,monitor30,0,train-v1-seed-20261006-idx-0,operational_boundary_failure,627,2.0,57.14646408049198,31.796609432994984,17.672267860159668,76.99999999999771,,False,CONTROL_NODES_ONLY; not a 0.05s swept arrival verdict,3.552713678800501e-14,3.197442310920451e-14,undiscounted episode return and gamma=.999 component sum separate,25.349854647497033,25.623495626096755,0.0,0.0,0.0,0.0,-6.269734409176759,-4.659613817637066,0.0,-2.551028697475357,-1.6555193527615462,0.0
22,cv_train_v1,150000,monitor30,1,train-v1-seed-20261006-idx-1,operational_boundary_failure,70,2.0,64.49447636681896,52.9973605719304,52.9973605719304,13.954617394299868,,False,CONTROL_NODES_ONLY; not a 0.05s swept arrival verdict,0.0,1.7763568394002505e-15,undiscounted episode return and gamma=.999 component sum separate,11.497115794888558,11.177386323488134,0.0,0.0,0.0,0.0,-0.6977308697149924,-0.674270584058263,0.0,-0.1732837960115284,-0.17000739249984106,0.0
22,cv_train_v1,150000,monitor30,2,train-v1-seed-20261006-idx-2,operational_boundary_failure,433,2.0,61.98443494112631,35.649286395719386,35.649286395719386,86.42764774778936,,False,CONTROL_NODES_ONLY; not a 0.05s swept arrival verdict,0.0,2.4868995751603507e-14,undiscounted episode return and gamma=.999 component sum separate,26.335148545406923,22.51318902361747,0.0,0.0,0.0,0.0,-4.321382387389462,-3.510206574222553,0.0,-0.29887568203181625,-0.2689689414976978,0.0
22,cv_train_v1,175000,monitor30,0,train-v1-seed-20261006-idx-0,operational_boundary_failure,631,2.0,57.14646408049198,47.33727876101799,6.148690623132136,43.79999999999959,,False,CONTROL_NODES_ONLY; not a 0.05s swept arrival verdict,1.7763568394002505e-14,-5.81756864903582e-14,undiscounted episode return and gamma=.999 component sum separate,9.809185319474008,17.46513304060832,0.0,0.0,0.0,0.0,-6.3020458785710405,-4.676849783577623,0.0,-0.4277957902824991,-0.3723899666963605,0.0
22,cv_train_v1,175000,monitor30,1,train-v1-seed-20261006-idx-1,operational_boundary_failure,521,2.0,64.49447636681896,34.8697060080875,16.245025967856765,54.999999999998956,,False,CONTROL_NODES_ONLY; not a 0.05s swept arrival verdict,-7.105427357601002e-15,0.0,undiscounted episode return and gamma=.999 component sum separate,29.624770358731453,30.374874896969956,0.0,0.0,0.0,0.0,-5.208307047943455,-4.061278529740835,0.0,-0.3458962444697384,-0.33252351318717227,0.0
22,cv_train_v1,175000,monitor30,2,train-v1-seed-20261006-idx-2,operational_boundary_failure,447,2.0,61.98443494112631,20.035017595610388,20.035017595610388,89.35269848276238,,False,CONTROL_NODES_ONLY; not a 0.05s swept arrival verdict,2.842170943040401e-14,7.815970093361102e-14,undiscounted episode return and gamma=.999 component sum separate,41.949417345515954,35.11049926744977,0.0,0.0,0.0,0.0,-4.467634924138117,-3.604477346229739,0.0,-1.6359185888648569,-1.4745205005232978,0.0
22,cv_train_v1,200000,monitor30,0,train-v1-seed-20261006-idx-0,operational_boundary_failure,680,2.0,57.14646408049198,27.90225740321058,4.693938131517451,50.19999999999923,,False,CONTROL_NODES_ONLY; not a 0.05s swept arrival verdict,-1.4210854715202004e-14,-8.881784197001252e-14,undiscounted episode return and gamma=.999 component sum separate,29.244206677281387,28.86073493386081,0.0,0.0,0.0,0.0,-6.793658405525638,-4.93233854860979,0.0,-0.7081056384772773,-0.56111824178743,0.0
22,cv_train_v1,200000,monitor30,1,train-v1-seed-20261006-idx-1,operational_boundary_failure,897,2.0,64.49447636681896,59.20538501017894,12.468931178758778,135.79999999999686,,False,CONTROL_NODES_ONLY; not a 0.05s swept arrival verdict,-1.0658141036401503e-13,-2.6645352591003757e-14,undiscounted episode return and gamma=.999 component sum separate,5.289091356639915,22.87082513062711,0.0,0.0,0.0,0.0,-8.969730056689126,-5.923807610719498,0.0,-0.5660419440654466,-0.431924436896129,0.0
22,cv_train_v1,200000,monitor30,2,train-v1-seed-20261006-idx-2,operational_boundary_failure,281,2.0,61.98443494112631,31.602849378391475,31.602849378391475,56.01003601356687,,False,CONTROL_NODES_ONLY; not a 0.05s swept arrival verdict,0.0,1.0658141036401503e-14,undiscounted episode return and gamma=.999 component sum separate,30.381585562734834,26.28127734182027,0.0,0.0,0.0,0.0,-2.8005018006783358,-2.4436005141132577,0.0,-0.35790762189177117,-0.33174642074700716,0.0
22,cv_train_v1,225000,monitor30,0,train-v1-seed-20261006-idx-0,operational_boundary_failure,105,2.0,57.14646408049198,36.72177865530246,36.72177865530246,20.890842551142914,,False,CONTROL_NODES_ONLY; not a 0.05s swept arrival verdict,0.0,0.0,undiscounted episode return and gamma=.999 component sum separate,20.424685425189523,19.408797070285992,0.0,0.0,0.0,0.0,-1.0445421275571445,-0.9923092306624371,0.0,-0.39728808160257506,-0.37806922337156784,0.0
22,cv_train_v1,225000,monitor30,1,train-v1-seed-20261006-idx-1,operational_boundary_failure,826,2.0,64.49447636681896,68.00957419553825,14.481941857610897,62.199999999998546,,False,CONTROL_NODES_ONLY; not a 0.05s swept arrival verdict,1.4210854715202004e-14,-1.1013412404281553e-13,undiscounted episode return and gamma=.999 component sum separate,-3.515097828719277,13.333219338936479,0.0,0.0,0.0,0.0,-8.259659926438443,-5.623690198198684,0.0,-0.4827205679210966,-0.40285305114419656,0.0
22,cv_train_v1,225000,monitor30,2,train-v1-seed-20261006-idx-2,operational_boundary_failure,507,2.0,61.98443494112631,33.38916829008274,20.607353716127584,84.1999999999973,,False,CONTROL_NODES_ONLY; not a 0.05s swept arrival verdict,-3.907985046680551e-14,-1.1013412404281553e-13,undiscounted episode return and gamma=.999 component sum separate,28.595266651043527,26.206310677325828,0.0,0.0,0.0,0.0,-5.064665812568079,-3.975314769804087,0.0,-4.391951725772219,-3.2739190155126097,0.0
22,cv_train_v1,250000,monitor30,0,train-v1-seed-20261006-idx-0,operational_boundary_failure,98,2.0,57.14646408049198,52.97083461203395,51.435387092679164,7.999999999999993,,False,CONTROL_NODES_ONLY; not a 0.05s swept arrival verdict,0.0,1.7763568394002505e-15,undiscounted episode return and gamma=.999 component sum separate,4.175629468458034,4.184892223186391,0.0,0.0,0.0,0.0,-0.9793775060991259,-0.9333905852583207,0.0,-0.3369240078279781,-0.3299649527943205,0.0
22,cv_train_v1,250000,monitor30,1,train-v1-seed-20261006-idx-1,operational_boundary_failure,760,2.0,64.49447636681896,16.441484061215284,7.285446829682459,136.79999999999708,,False,CONTROL_NODES_ONLY; not a 0.05s swept arrival verdict,7.105427357601002e-15,-1.2079226507921703e-13,undiscounted episode return and gamma=.999 component sum separate,48.05299230560368,43.55414990302933,0.0,0.0,0.0,0.0,-7.593619074633671,-5.3221277138573155,0.0,-0.24400519867524414,-0.21754812455716888,0.0
22,cv_train_v1,250000,monitor30,2,train-v1-seed-20261006-idx-2,operational_boundary_failure,45,2.0,61.98443494112631,56.89111788668206,56.89111788668206,8.946447482681869,,False,CONTROL_NODES_ONLY; not a 0.05s swept arrival verdict,0.0,0.0,undiscounted episode return and gamma=.999 component sum separate,5.093317054444249,5.00177564780307,0.0,0.0,0.0,0.0,-0.44732237413409304,-0.4376781139265909,0.0,-0.4130416656871728,-0.4062332027584526,0.0
22,cv_train_v1,275000,monitor30,0,train-v1-seed-20261006-idx-0,operational_boundary_failure,429,2.0,57.14646408049198,14.569819031203183,14.569819031203183,85.60898623052535,,False,CONTROL_NODES_ONLY; not a 0.05s swept arrival verdict,-2.1316282072803006e-14,-7.105427357601002e-15,undiscounted episode return and gamma=.999 component sum separate,42.57664504928878,36.91439050862869,0.0,0.0,0.0,0.0,-4.280449311526259,-3.4835743132887456,0.0,-1.3357819738399024,-1.1276966238290846,0.0
22,cv_train_v1,275000,monitor30,1,train-v1-seed-20261006-idx-1,operational_boundary_failure,478,2.0,64.49447636681896,23.396051156398784,16.811865945491387,64.39999999999843,,False,CONTROL_NODES_ONLY; not a 0.05s swept arrival verdict,1.4210854715202004e-14,2.842170943040401e-14,undiscounted episode return and gamma=.999 component sum separate,41.09842521042019,38.471889059468076,0.0,0.0,0.0,0.0,-4.773219763890339,-3.797053595864702,0.0,-0.1269276159312818,-0.12411308088054095,0.0
22,cv_train_v1,275000,monitor30,2,train-v1-seed-20261006-idx-2,collision,37,2.0,61.98443494112631,55.10990121698403,55.10990121698403,7.2168058260697325,,False,CONTROL_NODES_ONLY; not a 0.05s swept arrival verdict,0.0,8.881784197001252e-16,undiscounted episode return and gamma=.999 component sum separate,6.874533724142282,6.74844253272178,0.0,0.0,0.0,0.0,-0.36084029130348644,-0.3545813789501098,0.0,-0.4740035165916822,-0.4637869777730147,0.0
22,cv_train_v1,300000,Val300,0,train-v1-seed-20261006-idx-0,operational_boundary_failure,136,2.0,57.14646408049198,27.334171084607252,27.334171084607252,27.152929917876946,,False,CONTROL_NODES_ONLY; not a 0.05s swept arrival verdict,0.0,-1.0658141036401503e-14,undiscounted episode return and gamma=.999 component sum separate,29.81229299588473,28.00341023911397,0.0,0.0,0.0,0.0,-1.357646495893849,-1.2701114287839514,0.0,-1.4951175176639449,-1.3981683017137532,0.0
22,cv_train_v1,300000,Val300,1,train-v1-seed-20261006-idx-1,operational_boundary_failure,418,2.0,64.49447636681896,13.660857079674615,11.03071004674929,69.39999999999814,,False,CONTROL_NODES_ONLY; not a 0.05s swept arrival verdict,0.0,2.1316282072803006e-14,undiscounted episode return and gamma=.999 component sum separate,50.833619287144344,45.88566637308682,0.0,0.0,0.0,0.0,-4.178337419187153,-3.416659019884375,0.0,-0.32560097528979937,-0.318898319159554,0.0
22,cv_train_v1,300000,Val300,2,train-v1-seed-20261006-idx-2,operational_boundary_failure,22,2.0,61.98443494112631,58.15485801976538,58.15485801976538,4.29374570071723,,False,CONTROL_NODES_ONLY; not a 0.05s swept arrival verdict,0.0,-4.440892098500626e-16,undiscounted episode return and gamma=.999 component sum separate,3.829576921360932,3.7870939961879797,0.0,0.0,0.0,0.0,-0.21468728503586146,-0.21250307052678366,0.0,-0.15385495577409417,-0.1531536958775999,0.0
33,obstacle_free,0,monitor30,0,b0-empty-validation-seed-20261006-idx-0,operational_boundary_failure,474,2.0,57.14646408049198,41.68444091510151,20.326236292633702,56.599999999998865,,False,CONTROL_NODES_ONLY; not a 0.05s swept arrival verdict,-3.197442310920451e-14,-6.572520305780927e-14,undiscounted episode return and gamma=.999 component sum separate,15.462023165390438,18.527545959726016,0.0,0.0,0.0,0.0,-4.730416716222542,-3.7704334065275504,0.0,-0.0172443803561507,-0.017244375737126956,0.0
33,obstacle_free,0,monitor30,1,b0-empty-validation-seed-20261006-idx-1,operational_boundary_failure,558,2.0,64.49447636681896,45.74732333811023,19.75279444377716,66.79999999999829,,False,CONTROL_NODES_ONLY; not a 0.05s swept arrival verdict,-4.263256414560601e-14,-9.769962616701378e-14,undiscounted episode return and gamma=.999 component sum separate,18.747153028708688,22.780838863008317,0.0,0.0,0.0,0.0,-5.571581340359141,-4.273249535783557,0.0,-0.01726192187786852,-0.01726191609039185,0.0
33,obstacle_free,0,monitor30,2,b0-empty-validation-seed-20261006-idx-2,operational_boundary_failure,521,2.0,61.98443494112631,41.43892858168148,18.97783951824045,64.19999999999844,,False,CONTROL_NODES_ONLY; not a 0.05s swept arrival verdict,4.973799150320701e-14,5.329070518200751e-15,undiscounted episode return and gamma=.999 component sum separate,20.54550635944488,23.291207038394568,0.0,0.0,0.0,0.0,-5.200239208126661,-4.056483280950815,0.0,-0.017199136181508583,-0.017199130835319862,0.0
33,obstacle_free,25000,monitor30,0,b0-empty-validation-seed-20261006-idx-0,task_horizon,1000,2.0,57.14646408049198,11.973588292168627,4.559786409418222,170.00000000000463,,False,CONTROL_NODES_ONLY; not a 0.05s swept arrival verdict,0.0,3.552713678800501e-14,undiscounted episode return and gamma=.999 component sum separate,45.17287578832335,40.86463244084338,0.0,0.0,0.0,0.0,-10.000000000000524,-6.323045752290556,0.0,-0.11344638676286373,-0.10536631800475253,0.0
33,obstacle_free,25000,monitor30,1,b0-empty-validation-seed-20261006-idx-1,task_horizon,1000,2.0,64.49447636681896,13.682250611469748,6.853530393265098,65.39999999999837,,False,CONTROL_NODES_ONLY; not a 0.05s swept arrival verdict,-2.1316282072803006e-14,1.0658141036401503e-13,undiscounted episode return and gamma=.999 component sum separate,50.81222575534919,46.687341240349916,0.0,0.0,0.0,0.0,-10.000000000000524,-6.323045752290556,0.0,-0.13402307643768333,-0.13353768498391552,0.0
33,obstacle_free,25000,monitor30,2,b0-empty-validation-seed-20261006-idx-2,operational_boundary_failure,663,2.0,61.98443494112631,23.042023238362425,17.200804569714677,61.39999999999859,,False,CONTROL_NODES_ONLY; not a 0.05s swept arrival verdict,-1.3500311979441904e-13,-2.4868995751603507e-13,undiscounted episode return and gamma=.999 component sum separate,38.94241170276375,36.88645740379935,0.0,0.0,0.0,0.0,-6.628065992606594,-4.84768077928602,0.0,-0.13100998482159512,-0.12776293354578322,0.0
33,obstacle_free,50000,monitor30,0,b0-empty-validation-seed-20261006-idx-0,task_horizon,1000,2.0,57.14646408049198,7.6822476101738175,2.42908312947845,165.60000000000363,,False,CONTROL_NODES_ONLY; not a 0.05s swept arrival verdict,-2.842170943040401e-14,1.4921397450962104e-13,undiscounted episode return and gamma=.999 component sum separate,49.464216470318135,43.090730570505265,0.0,0.0,0.0,0.0,-10.000000000000524,-6.323045752290556,0.0,-1.2750261169991273,-0.9510515357695482,0.0
33,obstacle_free,50000,monitor30,1,b0-empty-validation-seed-20261006-idx-1,goal_success,849,2.0,64.49447636681896,2.0,2.0,169.6576563774513,169.6576563774513,True,CONTROL_NODES_ONLY; not a 0.05s swept arrival verdict,-4.263256414560601e-14,-2.842170943040401e-14,undiscounted episode return and gamma=.999 component sum separate,62.494476366818915,52.5985988100512,0.0,100.0,42.80889478645896,0.0,-8.482882818872625,-5.720344624252101,0.0,-0.7357837558537175,-0.6742487245383473,0.0
33,obstacle_free,50000,monitor30,2,b0-empty-validation-seed-20261006-idx-2,task_horizon,1000,2.0,61.98443494112631,12.450992894720894,2.5744306932867107,181.60000000000727,,False,CONTROL_NODES_ONLY; not a 0.05s swept arrival verdict,-4.973799150320701e-14,-5.684341886080802e-14,undiscounted episode return and gamma=.999 component sum separate,49.53344204640536,43.799243143853985,0.0,0.0,0.0,0.0,-10.000000000000524,-6.323045752290556,0.0,-1.0754963305505525,-0.7639560138606355,0.0
33,obstacle_free,75000,monitor30,0,b0-empty-validation-seed-20261006-idx-0,goal_success,816,2.0,57.14646408049198,2.000000000000004,2.000000000000004,163.04735984946046,,False,CONTROL_NODES_ONLY; not a 0.05s swept arrival verdict,-6.394884621840902e-14,-1.4210854715202004e-13,undiscounted episode return and gamma=.999 component sum separate,55.14646408049191,40.207639313932184,0.0,100.0,44.24588682904074,0.0,-8.152367992473106,-5.576459056365614,0.0,-6.101096754442865,-4.062950857691458,0.0
33,obstacle_free,75000,monitor30,1,b0-empty-validation-seed-20261006-idx-1,operational_boundary_failure,91,2.0,64.49447636681896,52.3848232052851,52.2038724221877,16.800000000000118,,False,CONTROL_NODES_ONLY; not a 0.05s swept arrival verdict,0.0,-1.7763568394002505e-15,undiscounted episode return and gamma=.999 component sum separate,12.109653161533856,11.673178670617158,0.0,0.0,0.0,0.0,-0.9006814547547437,-0.8617224561480017,0.0,-0.18625717682641604,-0.18450663521880184,0.0
33,obstacle_free,75000,monitor30,2,b0-empty-validation-seed-20261006-idx-2,goal_success,842,2.0,61.98443494112631,1.9999999999999967,1.9999999999999967,168.3505153863467,168.3505153863467,True,CONTROL_NODES_ONLY; not a 0.05s swept arrival verdict,5.684341886080802e-14,-5.684341886080802e-14,undiscounted episode return and gamma=.999 component sum separate,59.984434941126366,45.63439115961888,0.0,100.0,43.10975930397504,0.0,-8.417525769317399,-5.692268410640928,0.0,-3.602151340909936,-2.1607140501515296,0.0
33,obstacle_free,100000,Val300,0,b0-empty-validation-seed-20261006-idx-0,task_horizon,1000,2.0,57.14646408049198,4.792095027075337,2.6039669383227317,83.19999999999736,,False,CONTROL_NODES_ONLY; not a 0.05s swept arrival verdict,-5.684341886080802e-14,1.4210854715202004e-14,undiscounted episode return and gamma=.999 component sum separate,52.35436905341659,39.18057530688523,0.0,0.0,0.0,0.0,-10.000000000000524,-6.323045752290556,0.0,-1.6572246250694718,-0.9392970117466493,0.0
33,obstacle_free,100000,Val300,1,b0-empty-validation-seed-20261006-idx-1,task_horizon,1000,2.0,64.49447636681896,23.39097257933322,8.574476302292053,83.99999999999731,,False,CONTROL_NODES_ONLY; not a 0.05s swept arrival verdict,1.4210854715202004e-14,4.973799150320701e-14,undiscounted episode return and gamma=.999 component sum separate,41.10350378748575,38.18028534598246,0.0,0.0,0.0,0.0,-10.000000000000524,-6.323045752290556,0.0,-3.7361464892219374,-2.5507001799375373,0.0
33,obstacle_free,100000,Val300,2,b0-empty-validation-seed-20261006-idx-2,task_horizon,1000,2.0,61.98443494112631,5.463536938699599,5.463536938699599,200.00000000001145,,False,CONTROL_NODES_ONLY; not a 0.05s swept arrival verdict,-7.105427357601002e-15,1.0658141036401503e-13,undiscounted episode return and gamma=.999 component sum separate,56.520898002426705,43.88996846100725,0.0,0.0,0.0,0.0,-10.000000000000524,-6.323045752290556,0.0,-7.575788283876862,-4.024558785712318,0.0
33,cv_train_v1,100000,monitor30,0,train-v1-seed-20261006-idx-0,task_horizon,1000,2.0,57.14646408049198,15.396568029222482,5.192111186497501,76.39999999999775,,False,CONTROL_NODES_ONLY; not a 0.05s swept arrival verdict,5.684341886080802e-14,1.0658141036401503e-13,undiscounted episode return and gamma=.999 component sum separate,41.74989605126956,36.11861441536565,0.0,0.0,0.0,0.0,-10.000000000000524,-6.323045752290556,0.0,-2.8237760034811124,-1.4232317865148938,0.0
33,cv_train_v1,100000,monitor30,1,train-v1-seed-20261006-idx-1,collision,91,2.0,64.49447636681896,46.5137972736553,46.5137972736553,18.095774294550708,,False,CONTROL_NODES_ONLY; not a 0.05s swept arrival verdict,0.0,-3.552713678800501e-15,undiscounted episode return and gamma=.999 component sum separate,17.98067909316366,17.206503554612183,0.0,0.0,0.0,0.0,-0.904788714727534,-0.8654760400953756,0.0,-0.3116071670180728,-0.300529480189237,0.0
33,cv_train_v1,100000,monitor30,2,train-v1-seed-20261006-idx-2,task_horizon,1000,2.0,61.98443494112631,10.768360567691342,4.386611968990249,188.40000000000882,,False,CONTROL_NODES_ONLY; not a 0.05s swept arrival verdict,7.105427357601002e-15,2.842170943040401e-14,undiscounted episode return and gamma=.999 component sum separate,51.21607437343497,42.4023392895593,0.0,0.0,0.0,0.0,-10.000000000000524,-6.323045752290556,0.0,-3.1178050750273454,-1.9767193747859644,0.0
33,cv_train_v1,125000,monitor30,0,train-v1-seed-20261006-idx-0,operational_boundary_failure,195,2.0,57.14646408049198,40.01553275316722,37.68232624035404,32.40000000000024,,False,CONTROL_NODES_ONLY; not a 0.05s swept arrival verdict,0.0,1.2434497875801753e-14,undiscounted episode return and gamma=.999 component sum separate,17.13093132732476,16.222982367946866,0.0,0.0,0.0,0.0,-1.9434501140307747,-1.7670618375891582,0.0,-0.39420771219865136,-0.3744603796647225,0.0
33,cv_train_v1,125000,monitor30,1,train-v1-seed-20261006-idx-1,operational_boundary_failure,313,2.0,64.49447636681896,18.8774599807679,15.86963530840135,53.19999999999906,,False,CONTROL_NODES_ONLY; not a 0.05s swept arrival verdict,2.842170943040401e-14,4.263256414560601e-14,undiscounted episode return and gamma=.999 component sum separate,45.61701638605109,41.17149206021152,0.0,0.0,0.0,0.0,-3.1273717359373165,-2.686722413820555,0.0,-0.6052458439898807,-0.5647340580396476,0.0
33,cv_train_v1,125000,monitor30,2,train-v1-seed-20261006-idx-2,task_horizon,1000,2.0,61.98443494112631,5.7214001189994255,5.096001124769939,170.60000000000477,,False,CONTROL_NODES_ONLY; not a 0.05s swept arrival verdict,-8.526512829121202e-14,-7.815970093361102e-14,undiscounted episode return and gamma=.999 component sum separate,56.2630348221268,46.57204252770312,0.0,0.0,0.0,0.0,-10.000000000000524,-6.323045752290556,0.0,-0.6175370233424285,-0.5202648065276538,0.0
33,cv_train_v1,150000,monitor30,0,train-v1-seed-20261006-idx-0,task_horizon,1000,2.0,57.14646408049198,7.703540813210782,5.397985621144634,135.5999999999968,,False,CONTROL_NODES_ONLY; not a 0.05s swept arrival verdict,-9.237055564881302e-14,-4.973799150320701e-14,undiscounted episode return and gamma=.999 component sum separate,49.44292326728111,43.207074217644895,0.0,0.0,0.0,0.0,-10.000000000000524,-6.323045752290556,0.0,-0.5378918743832781,-0.4604391367441277,0.0
33,cv_train_v1,150000,monitor30,1,train-v1-seed-20261006-idx-1,operational_boundary_failure,24,2.0,64.49447636681896,60.72269163525931,60.72269163525931,4.617233560256082,,False,CONTROL_NODES_ONLY; not a 0.05s swept arrival verdict,0.0,0.0,undiscounted episode return and gamma=.999 component sum separate,3.7717847315596487,3.72907148073405,0.0,0.0,0.0,0.0,-0.23086167801280402,-0.22832969769009934,0.0,-0.12711389384585525,-0.1263555220353057,0.0
33,cv_train_v1,150000,monitor30,2,train-v1-seed-20261006-idx-2,task_horizon,1000,2.0,61.98443494112631,23.3261331709532,21.018921648991288,144.99999999999895,,False,CONTROL_NODES_ONLY; not a 0.05s swept arrival verdict,-9.947598300641403e-14,-1.2079226507921703e-13,undiscounted episode return and gamma=.999 component sum separate,38.65830177017301,28.92266971783959,0.0,0.0,0.0,0.0,-10.000000000000524,-6.323045752290556,0.0,-1.0585315164637623,-0.851588053306164,0.0
33,cv_train_v1,175000,monitor30,0,train-v1-seed-20261006-idx-0,operational_boundary_failure,686,2.0,57.14646408049198,25.767939752238707,6.330744321101255,54.59999999999898,,False,CONTROL_NODES_ONLY; not a 0.05s swept arrival verdict,-1.7763568394002505e-14,-5.3290705182007514e-14,undiscounted episode return and gamma=.999 component sum separate,31.378524328253256,33.582857239912705,0.0,0.0,0.0,0.0,-6.858010742823599,-4.9648618225738606,0.0,-0.5748876669291276,-0.5554043948270444,0.0
33,cv_train_v1,175000,monitor30,1,train-v1-seed-20261006-idx-1,operational_boundary_failure,603,2.0,64.49447636681896,14.621575080526187,14.621575080526187,120.4219054507925,,False,CONTROL_NODES_ONLY; not a 0.05s swept arrival verdict,4.263256414560601e-14,-2.1316282072803006e-14,undiscounted episode return and gamma=.999 component sum separate,49.872901286292816,37.66874605994064,0.0,0.0,0.0,0.0,-6.021095272539678,-4.525098093482487,0.0,-0.5744191655447456,-0.5191296434858791,0.0
33,cv_train_v1,175000,monitor30,2,train-v1-seed-20261006-idx-2,operational_boundary_failure,672,2.0,61.98443494112631,15.991853177914546,13.243231199452378,51.79999999999914,,False,CONTROL_NODES_ONLY; not a 0.05s swept arrival verdict,5.684341886080802e-14,-3.552713678800501e-14,undiscounted episode return and gamma=.999 component sum separate,45.99258176321182,40.92936682415334,0.0,0.0,0.0,0.0,-6.71254564617898,-4.891045562952775,0.0,-1.0821831693178223,-0.9435909958727705,0.0
33,cv_train_v1,200000,monitor30,0,train-v1-seed-20261006-idx-0,operational_boundary_failure,796,2.0,57.14646408049198,35.64412987040081,20.139031445849398,86.59999999999717,,False,CONTROL_NODES_ONLY; not a 0.05s swept arrival verdict,-1.0302869668521453e-13,-2.5579538487363607e-13,undiscounted episode return and gamma=.999 component sum separate,21.502334210091067,25.042491336623357,0.0,0.0,0.0,0.0,-7.9591970751572845,-5.490135101455915,0.0,-1.0237901876691016,-0.9429585952643728,0.0
33,cv_train_v1,200000,monitor30,1,train-v1-seed-20261006-idx-1,operational_boundary_failure,618,2.0,64.49447636681896,13.366416368652692,11.646410169181763,111.19999999999577,,False,CONTROL_NODES_ONLY; not a 0.05s swept arrival verdict,-4.263256414560601e-14,-1.6342482922482304e-13,undiscounted episode return and gamma=.999 component sum separate,51.12805999816622,42.85999313261499,0.0,0.0,0.0,0.0,-6.170406923675071,-4.6062779496499395,0.0,-0.5671502467713319,-0.5476764916341419,0.0
33,cv_train_v1,200000,monitor30,2,train-v1-seed-20261006-idx-2,operational_boundary_failure,724,2.0,61.98443494112631,30.161312379968006,16.354766885461416,93.19999999999679,,False,CONTROL_NODES_ONLY; not a 0.05s swept arrival verdict,-4.263256414560601e-14,-1.2434497875801753e-13,undiscounted episode return and gamma=.999 component sum separate,31.82312256115826,31.617728391726743,0.0,0.0,0.0,0.0,-7.237565995114094,-5.152483723031226,0.0,-0.6543796056280072,-0.605098434802504,0.0
33,cv_train_v1,225000,monitor30,0,train-v1-seed-20261006-idx-0,operational_boundary_failure,675,2.0,57.14646408049198,42.01025926740665,22.92934150082258,40.399999999999785,,False,CONTROL_NODES_ONLY; not a 0.05s swept arrival verdict,-2.842170943040401e-14,-1.0036416142611415e-13,undiscounted episode return and gamma=.999 component sum separate,15.1362048130853,18.834193992375305,0.0,0.0,0.0,0.0,-6.740014013845407,-4.9050672530540265,0.0,-0.9626683816165105,-0.7142068813565046,0.0
33,cv_train_v1,225000,monitor30,1,train-v1-seed-20261006-idx-1,task_horizon,1000,2.0,64.49447636681896,35.46857014298641,30.47467627275482,132.79999999999617,,False,CONTROL_NODES_ONLY; not a 0.05s swept arrival verdict,-2.1316282072803006e-14,1.0658141036401503e-14,undiscounted episode return and gamma=.999 component sum separate,29.02590622383253,25.62800574452201,0.0,0.0,0.0,0.0,-10.000000000000524,-6.323045752290556,0.0,-0.6160418105566723,-0.5159398021389114,0.0
33,cv_train_v1,225000,monitor30,2,train-v1-seed-20261006-idx-2,operational_boundary_failure,223,2.0,61.98443494112631,39.204852601958926,39.204852601958926,44.565620945873306,,False,CONTROL_NODES_ONLY; not a 0.05s swept arrival verdict,0.0,1.0658141036401503e-14,undiscounted episode return and gamma=.999 component sum separate,22.779582339167384,20.549713685774368,0.0,0.0,0.0,0.0,-2.2282810472936627,-1.9983675977872577,0.0,-0.6436829780303454,-0.5911689326225968,0.0
33,cv_train_v1,250000,monitor30,0,train-v1-seed-20261006-idx-0,operational_boundary_failure,628,2.0,57.14646408049198,45.10319814874014,19.594894306619985,56.99999999999884,,False,CONTROL_NODES_ONLY; not a 0.05s swept arrival verdict,4.973799150320701e-14,2.3092638912203256e-14,undiscounted episode return and gamma=.999 component sum separate,12.04326593175189,18.321703413154044,0.0,0.0,0.0,0.0,-6.27164285853967,-4.660633118176757,0.0,-0.5523716651021013,-0.5201420913167817,0.0
33,cv_train_v1,250000,monitor30,1,train-v1-seed-20261006-idx-1,operational_boundary_failure,849,2.0,64.49447636681896,54.369735116517155,33.25980722500224,117.79999999999539,,False,CONTROL_NODES_ONLY; not a 0.05s swept arrival verdict,0.0,-8.326672684688674e-14,undiscounted episode return and gamma=.999 component sum separate,10.124741250301803,15.875383064089315,0.0,0.0,0.0,0.0,-8.485720269300177,-5.72155930542025,0.0,-0.4876743603091254,-0.4322518115048553,0.0
33,cv_train_v1,250000,monitor30,2,train-v1-seed-20261006-idx-2,operational_boundary_failure,152,2.0,61.98443494112631,29.835079726878043,29.835079726878043,30.30547563962839,,False,CONTROL_NODES_ONLY; not a 0.05s swept arrival verdict,-7.105427357601002e-15,-1.0658141036401503e-14,undiscounted episode return and gamma=.999 component sum separate,32.14935521424826,29.942305238767876,0.0,0.0,0.0,0.0,-1.5152737819814226,-1.4067069137149246,0.0,-0.6555984781012598,-0.6196802807656493,0.0
33,cv_train_v1,275000,monitor30,0,train-v1-seed-20261006-idx-0,operational_boundary_failure,814,2.0,57.14646408049198,32.11381459447751,19.754802060595363,95.19999999999668,,False,CONTROL_NODES_ONLY; not a 0.05s swept arrival verdict,0.0,-1.0302869668521453e-13,undiscounted episode return and gamma=.999 component sum separate,25.03264948601447,26.955549821310026,0.0,0.0,0.0,0.0,-8.132607754052305,-5.567704983264151,0.0,-0.8710969770155441,-0.7142290775006884,0.0
33,cv_train_v1,275000,monitor30,1,train-v1-seed-20261006-idx-1,operational_boundary_failure,704,2.0,64.49447636681896,32.75727634192817,30.225690252805943,133.3999999999963,,False,CONTROL_NODES_ONLY; not a 0.05s swept arrival verdict,2.1316282072803006e-14,-3.907985046680551e-14,undiscounted episode return and gamma=.999 component sum separate,31.73720002489081,25.386600128868707,0.0,0.0,0.0,0.0,-7.037085273860846,-5.05426999044106,0.0,-0.7766889939718173,-0.7040848635525163,0.0
33,cv_train_v1,275000,monitor30,2,train-v1-seed-20261006-idx-2,operational_boundary_failure,298,2.0,61.98443494112631,47.875057716562196,44.340859263330294,36.200000000000024,,False,CONTROL_NODES_ONLY; not a 0.05s swept arrival verdict,0.0,1.4210854715202004e-14,undiscounted episode return and gamma=.999 component sum separate,14.109377224564113,13.430492142946969,0.0,0.0,0.0,0.0,-2.976411679448066,-2.5754274029963318,0.0,-0.4308365046104214,-0.40185398009830975,0.0
33,cv_train_v1,300000,Val300,0,train-v1-seed-20261006-idx-0,operational_boundary_failure,507,2.0,57.14646408049198,39.747322751419325,20.68106894596243,41.999999999999694,,False,CONTROL_NODES_ONLY; not a 0.05s swept arrival verdict,-1.4210854715202004e-14,-3.730349362740526e-14,undiscounted episode return and gamma=.999 component sum separate,17.39914132907264,21.139326778252634,0.0,0.0,0.0,0.0,-5.060237593254958,-3.97264566169909,0.0,-0.8907825115333814,-0.820380295657599,0.0
33,cv_train_v1,300000,Val300,1,train-v1-seed-20261006-idx-1,operational_boundary_failure,78,2.0,64.49447636681896,51.47170440023927,51.47170440023927,15.485949236492555,,False,CONTROL_NODES_ONLY; not a 0.05s swept arrival verdict,0.0,-1.7763568394002505e-15,undiscounted episode return and gamma=.999 component sum separate,13.02277196657969,12.585678310644006,0.0,0.0,0.0,0.0,-0.7742974618246267,-0.7454369854908969,0.0,-0.3103828160492037,-0.3043118857656883,0.0
33,cv_train_v1,300000,Val300,2,train-v1-seed-20261006-idx-2,operational_boundary_failure,55,2.0,61.98443494112631,49.8764412363406,49.8764412363406,10.97354326355291,,False,CONTROL_NODES_ONLY; not a 0.05s swept arrival verdict,0.0,0.0,undiscounted episode return and gamma=.999 component sum separate,12.107993704785713,11.77783301938723,0.0,0.0,0.0,0.0,-0.5486771631776449,-0.5341557097337358,0.0,-0.35570356481047793,-0.34720763242788966,0.0
