training_seed,profile,bin_first_transition,bin_last_transition,transitions,successful_episode_transitions,terminal_success_transitions,terminal_event_counts,replay_reward_mean,replay_reward_sum,current_replay_scope
11,obstacle_free,1,25000,25000,766,2,"{""goal_success"": 2, ""collision"": 0, ""operational_boundary_failure"": 64, ""task_horizon"": 4}",0.035289126779606654,882.2281694901664,retained historical transitions; not historical RNG or batches
11,obstacle_free,25001,50000,25000,971,3,"{""goal_success"": 3, ""collision"": 0, ""operational_boundary_failure"": 14, ""task_horizon"": 16}",0.060736926875791034,1518.4231718947758,retained historical transitions; not historical RNG or batches
11,obstacle_free,50001,75000,25000,4418,7,"{""goal_success"": 7, ""collision"": 0, ""operational_boundary_failure"": 4, ""task_horizon"": 18}",0.07913229854598783,1978.3074636496958,retained historical transitions; not historical RNG or batches
11,obstacle_free,75001,100000,25000,3777,5,"{""goal_success"": 5, ""collision"": 0, ""operational_boundary_failure"": 6, ""task_horizon"": 18}",0.06507812768121146,1626.9531920302866,retained historical transitions; not historical RNG or batches
11,cv_train_v1,100001,125000,25000,0,0,"{""goal_success"": 0, ""collision"": 3, ""operational_boundary_failure"": 16, ""task_horizon"": 15}",0.0344923845016034,862.309612540085,retained historical transitions; not historical RNG or batches
11,cv_train_v1,125001,150000,25000,334,1,"{""goal_success"": 1, ""collision"": 2, ""operational_boundary_failure"": 28, ""task_horizon"": 9}",0.042250708070760264,1056.2677017690066,retained historical transitions; not historical RNG or batches
11,cv_train_v1,150001,175000,25000,0,0,"{""goal_success"": 0, ""collision"": 1, ""operational_boundary_failure"": 23, ""task_horizon"": 15}",0.028357558719263615,708.9389679815904,retained historical transitions; not historical RNG or batches
11,cv_train_v1,175001,200000,25000,486,1,"{""goal_success"": 1, ""collision"": 2, ""operational_boundary_failure"": 27, ""task_horizon"": 11}",0.045088320544926425,1127.2080136231607,retained historical transitions; not historical RNG or batches
11,cv_train_v1,200001,225000,25000,0,0,"{""goal_success"": 0, ""collision"": 1, ""operational_boundary_failure"": 29, ""task_horizon"": 11}",0.02809814769367812,702.453692341953,retained historical transitions; not historical RNG or batches
11,cv_train_v1,225001,250000,25000,935,2,"{""goal_success"": 2, ""collision"": 2, ""operational_boundary_failure"": 28, ""task_horizon"": 6}",0.0520669964192903,1301.6749104822575,retained historical transitions; not historical RNG or batches
11,cv_train_v1,250001,275000,25000,515,1,"{""goal_success"": 1, ""collision"": 2, ""operational_boundary_failure"": 40, ""task_horizon"": 4}",0.03523357419575941,880.8393548939854,retained historical transitions; not historical RNG or batches
11,cv_train_v1,275001,300000,25000,498,1,"{""goal_success"": 1, ""collision"": 4, ""operational_boundary_failure"": 24, ""task_horizon"": 12}",0.03181456760074241,795.3641900185603,retained historical transitions; not historical RNG or batches
22,obstacle_free,1,25000,25000,499,2,"{""goal_success"": 2, ""collision"": 0, ""operational_boundary_failure"": 83, ""task_horizon"": 0}",0.05389373540301101,1347.3433850752754,retained historical transitions; not historical RNG or batches
22,obstacle_free,25001,50000,25000,1710,3,"{""goal_success"": 3, ""collision"": 0, ""operational_boundary_failure"": 24, ""task_horizon"": 13}",0.06068470304216722,1517.1175760541805,retained historical transitions; not historical RNG or batches
22,obstacle_free,50001,75000,25000,1094,1,"{""goal_success"": 1, ""collision"": 0, ""operational_boundary_failure"": 18, ""task_horizon"": 15}",0.04567825538929257,1141.9563847323143,retained historical transitions; not historical RNG or batches
22,obstacle_free,75001,100000,25000,2411,6,"{""goal_success"": 6, ""collision"": 0, ""operational_boundary_failure"": 17, ""task_horizon"": 14}",0.07673626192711804,1918.4065481779508,retained historical transitions; not historical RNG or batches
22,cv_train_v1,100001,125000,25000,631,2,"{""goal_success"": 2, ""collision"": 1, ""operational_boundary_failure"": 32, ""task_horizon"": 8}",0.050380330547064076,1259.508263676602,retained historical transitions; not historical RNG or batches
22,cv_train_v1,125001,150000,25000,2312,4,"{""goal_success"": 4, ""collision"": 0, ""operational_boundary_failure"": 20, ""task_horizon"": 13}",0.05347983771055784,1336.995942763946,retained historical transitions; not historical RNG or batches
22,cv_train_v1,150001,175000,25000,0,0,"{""goal_success"": 0, ""collision"": 2, ""operational_boundary_failure"": 22, ""task_horizon"": 14}",0.026014234592471038,650.355864811776,retained historical transitions; not historical RNG or batches
22,cv_train_v1,175001,200000,25000,862,2,"{""goal_success"": 2, ""collision"": 3, ""operational_boundary_failure"": 31, ""task_horizon"": 8}",0.039566984500407854,989.1746125101963,retained historical transitions; not historical RNG or batches
22,cv_train_v1,200001,225000,25000,431,1,"{""goal_success"": 1, ""collision"": 2, ""operational_boundary_failure"": 25, ""task_horizon"": 10}",0.022064529998347217,551.6132499586804,retained historical transitions; not historical RNG or batches
22,cv_train_v1,225001,250000,25000,0,0,"{""goal_success"": 0, ""collision"": 1, ""operational_boundary_failure"": 35, ""task_horizon"": 10}",0.02107139706554488,526.784926638622,retained historical transitions; not historical RNG or batches
22,cv_train_v1,250001,275000,25000,0,0,"{""goal_success"": 0, ""collision"": 3, ""operational_boundary_failure"": 51, ""task_horizon"": 2}",0.03779700116227177,944.9250290567943,retained historical transitions; not historical RNG or batches
22,cv_train_v1,275001,300000,25000,0,0,"{""goal_success"": 0, ""collision"": 7, ""operational_boundary_failure"": 58, ""task_horizon"": 1}",0.041538974758240595,1038.4743689560148,retained historical transitions; not historical RNG or batches
33,obstacle_free,1,25000,25000,404,1,"{""goal_success"": 1, ""collision"": 0, ""operational_boundary_failure"": 74, ""task_horizon"": 4}",0.04967022464210666,1241.7556160526665,retained historical transitions; not historical RNG or batches
33,obstacle_free,25001,50000,25000,3271,6,"{""goal_success"": 6, ""collision"": 0, ""operational_boundary_failure"": 6, ""task_horizon"": 18}",0.06679358368562746,1669.8395921406864,retained historical transitions; not historical RNG or batches
33,obstacle_free,50001,75000,25000,2455,4,"{""goal_success"": 4, ""collision"": 0, ""operational_boundary_failure"": 17, ""task_horizon"": 14}",0.05844185623679321,1461.0464059198302,retained historical transitions; not historical RNG or batches
33,obstacle_free,75001,100000,25000,2240,4,"{""goal_success"": 4, ""collision"": 0, ""operational_boundary_failure"": 6, ""task_horizon"": 18}",0.04964594220130026,1241.1485550325065,retained historical transitions; not historical RNG or batches
33,cv_train_v1,100001,125000,25000,972,2,"{""goal_success"": 2, ""collision"": 2, ""operational_boundary_failure"": 20, ""task_horizon"": 11}",0.04306617066520239,1076.6542666300597,retained historical transitions; not historical RNG or batches
33,cv_train_v1,125001,150000,25000,0,0,"{""goal_success"": 0, ""collision"": 3, ""operational_boundary_failure"": 23, ""task_horizon"": 10}",0.026602287600732643,665.0571900183161,retained historical transitions; not historical RNG or batches
33,cv_train_v1,150001,175000,25000,836,2,"{""goal_success"": 2, ""collision"": 4, ""operational_boundary_failure"": 18, ""task_horizon"": 13}",0.03126145301814249,781.5363254535623,retained historical transitions; not historical RNG or batches
33,cv_train_v1,175001,200000,25000,638,2,"{""goal_success"": 2, ""collision"": 0, ""operational_boundary_failure"": 26, ""task_horizon"": 9}",0.03860998654517987,965.2496636294968,retained historical transitions; not historical RNG or batches
33,cv_train_v1,200001,225000,25000,0,0,"{""goal_success"": 0, ""collision"": 2, ""operational_boundary_failure"": 29, ""task_horizon"": 9}",0.025308307662511034,632.7076915627758,retained historical transitions; not historical RNG or batches
33,cv_train_v1,225001,250000,25000,0,0,"{""goal_success"": 0, ""collision"": 2, ""operational_boundary_failure"": 36, ""task_horizon"": 5}",0.029059767321746498,726.4941830436625,retained historical transitions; not historical RNG or batches
33,cv_train_v1,250001,275000,25000,0,0,"{""goal_success"": 0, ""collision"": 2, ""operational_boundary_failure"": 44, ""task_horizon"": 4}",0.033706651880068314,842.6662970017078,retained historical transitions; not historical RNG or batches
33,cv_train_v1,275001,300000,25000,0,0,"{""goal_success"": 0, ""collision"": 1, ""operational_boundary_failure"": 63, ""task_horizon"": 5}",0.04630308796913033,1157.5771992282582,retained historical transitions; not historical RNG or batches
