training_seed,profile,bin_last_transition,complete,bin_scope,episodes,logged_steps,phase_boundary_fragments,budget_stop_fragments,external_truncations,action_saturation_count,successful_episode_transitions,terminal_success_transitions,goal_success,collision,operational_boundary_failure,task_horizon,none,external_truncation,steps_n,steps_mean,steps_sample_sd,steps_minimum,steps_maximum,steps_sum,physical_time_s_n,physical_time_s_mean,physical_time_s_sample_sd,physical_time_s_minimum,physical_time_s_maximum,physical_time_s_sum,reward_n,reward_mean,reward_sample_sd,reward_minimum,reward_maximum,reward_sum,path_length_m_n,path_length_m_mean,path_length_m_sample_sd,path_length_m_minimum,path_length_m_maximum,path_length_m_sum,minimum_clearance_m_n,minimum_clearance_m_mean,minimum_clearance_m_sample_sd,minimum_clearance_m_minimum,minimum_clearance_m_maximum,minimum_clearance_m_sum,initial_distance_m_n,initial_distance_m_mean,initial_distance_m_sample_sd,initial_distance_m_minimum,initial_distance_m_maximum,initial_distance_m_sum,final_distance_m_n,final_distance_m_mean,final_distance_m_sample_sd,final_distance_m_minimum,final_distance_m_maximum,final_distance_m_sum,progress_n,progress_mean,progress_sample_sd,progress_minimum,progress_maximum,progress_sum,goal_n,goal_mean,goal_sample_sd,goal_minimum,goal_maximum,goal_sum,time_n,time_mean,time_sample_sd,time_minimum,time_maximum,time_sum,smoothness_n,smoothness_mean,smoothness_sample_sd,smoothness_minimum,smoothness_maximum,smoothness_sum
11,cv_train_v1,125000,True,episode final transition; whole episode assigned,34,23708,0,0,0,4,0,0,0,3,16,15,0,0,34,697.294117647059,352.63050706058306,49.0,1000.0,23708.0,34,139.40359069322756,70.55802017914613,9.748080441114539,200.00000000001145,4739.722083569736,34,23.33022927579771,11.288281653711659,-3.0807891470719637,45.85181583737525,793.2277953771224,34,108.18815993947875,51.106270097473924,11.133470252758485,172.23823062937984,3678.397437942278,34,4.884654778193729,4.187035911831217,4.440892098500626e-16,17.33360007713179,166.07826245858686,0,,,,,,0,,,,,,34,37.18214017215683,15.677700404088869,3.625117902296765,60.58463771611041,1264.192765853332,34,0.0,0.0,0.0,0.0,0.0,34,-6.970179534661371,3.5279010089572926,-10.000000000000524,-0.48740402205572647,-236.98610417848658,34,-6.881731361697725,3.364453816972071,-12.547121582080868,-0.3514231722063617,-233.97886629772267
11,cv_train_v1,150000,True,episode final transition; whole episode assigned,40,25201,0,0,0,2,334,1,1,2,28,9,0,0,40,630.0250000000001,305.11531972900565,18.0,1000.0,25201.0,40,125.93047824838227,61.04424113796218,3.562237903018886,200.00000000001145,5037.21912993529,40,26.821017673307804,25.12061506253331,-4.349480527129578,154.34115352480396,1072.8407069323123,40,91.34719328815862,44.53836175004657,3.766264242275019,205.97526922353865,3653.8877315263453,40,6.1731249742957175,4.545684549594842,-2.220446049250313e-15,18.238810998971545,246.9249989718287,0,,,,,,0,,,,,,40,36.744894205701975,16.951670338736893,2.395762038771622,76.43294453086453,1469.7957682280785,40,2.4999999999999996,15.811388300841893,0.0,100.0,100.0,40,-6.296523912419119,3.0522120568981,-10.000000000000524,-0.17811189515094428,-251.8609564967647,40,-6.127352619975049,3.3858586959628756,-14.868123466516282,-0.2234978611358529,-245.09410479900197
11,cv_train_v1,175000,True,episode final transition; whole episode assigned,39,25110,0,0,0,2,0,0,0,1,23,15,0,0,39,643.8461538461537,366.26590416063476,10.0,1000.0,25110.0,39,128.70571665267093,73.28623699172233,1.9553270882156242,200.00000000001145,5019.522949454166,39,18.436340451018435,15.701776783877898,-33.054628556969455,40.65238311431339,719.017277589719,39,90.15184279136342,46.806071341012114,1.459201883675981,185.67547779802555,3515.9218688631727,39,5.0636770877347805,3.1190516995561013,0.0,12.698445204124138,197.48340642165635,0,,,,,,0,,,,,,39,31.790311982971893,18.50516795958175,-11.361788729413561,56.68985315490303,1239.8221673359037,39,0.0,0.0,0.0,0.0,0.0,39,-6.435285832633537,3.6643118495860993,-10.000000000000524,-0.09776635441078121,-250.9761474727079,39,-6.918685699319912,5.716387441487098,-29.945598385072874,-0.12369992435186926,-269.8287422734766
11,cv_train_v1,200000,True,episode final transition; whole episode assigned,41,25181,0,0,0,0,486,1,1,2,27,11,0,0,41,614.1707317073171,300.3174905361844,48.0,1000.0,25181.0,41,122.76178856290701,60.11260006637008,9.445438922455796,200.00000000001145,5033.233331079187,41,27.532580406018624,25.28511375004542,-32.59722706618534,154.98358008131106,1128.8357966467631,41,101.42585635177535,47.155764432706945,11.700628545985998,185.5808580923204,4158.460110422789,41,5.222858393922314,4.315720045455554,-1.1102230246251565e-15,18.835016264546816,214.13719415081488,0,,,,,,0,,,,,,41,37.03627737524805,16.644583306745727,-12.288210324671585,65.25580482591718,1518.4873723851706,41,2.4390243902439024,15.617376188860607,0.0,100.0,100.0,41,-6.138089428145352,3.0056300033184917,-10.000000000000524,-0.4722719461227894,-251.66166655395935,41,-5.804631931328001,3.326515608206162,-15.17814672410875,-0.332818200697638,-237.9899091844481
11,cv_train_v1,225000,True,episode final transition; whole episode assigned,41,25130,0,0,0,0,0,0,0,1,29,11,0,0,41,612.9268292682927,356.0335932355191,39.0,1000.0,25130.0,41,122.49997976582225,71.23904859702549,7.745690245610394,200.00000000001145,5022.499170398713,41,16.849160344532976,16.363880897765583,-47.22935436348226,42.46931805361664,690.8155741258518,41,98.87236017690795,55.08622547509139,4.627058784982123,202.53730026263426,4053.7667672532266,41,6.075596953093986,3.9711695763254187,1.7763568394002505e-15,15.49148523277232,249.09947507685337,0,,,,,,0,,,,,,41,28.359669964149994,16.53209808326461,-29.152642525770393,49.284367309509626,1162.7464685301495,41,0.0,0.0,0.0,0.0,0.0,41,-6.124998988291111,3.5619524298512637,-10.000000000000524,-0.38728451228051947,-251.12495851993546,41,-5.3855106313259125,3.2766279926659316,-12.561087909303716,-0.34917468987664485,-220.80593588436244
11,cv_train_v1,250000,True,episode final transition; whole episode assigned,38,24126,0,0,0,0,935,2,2,2,28,6,0,0,38,634.8947368421053,289.05575909059894,23.0,1000.0,24126.0,38,126.9066531472339,57.81752108077021,4.53239697681997,200.00000000001145,4822.45281959489,38,34.01546462870161,30.498467506297178,1.543751180286257,152.096090781422,1292.587655890661,38,103.93365171117036,47.83319192979958,4.293947708072261,206.46065687414293,3949.4787650244743,38,5.44424927351261,4.8740770872718615,1.1102230246251565e-15,19.73673772732232,206.88147239347919,0,,,,,,0,,,,,,38,40.56759326342785,13.889819387073151,4.079576588178085,63.09189499555476,1541.5685440102584,38,5.263157894736842,22.629428592141423,0.0,100.0,200.0,38,-6.345332657361705,2.8908760540385035,-10.000000000000524,-0.22661984884099842,-241.12264097974474,38,-5.469953872101399,2.8895373909784863,-12.102174470596966,-0.16182048830390924,-207.8582471398532
11,cv_train_v1,275000,True,episode final transition; whole episode assigned,47,25571,0,0,0,7,515,1,1,2,40,4,0,0,47,544.0638297872339,299.72258218554435,20.0,1000.0,25571.0,47,108.71338171446644,59.97080771364881,3.812705916194397,200.00000000001145,5109.528940579925,47,19.940965588883135,25.244515899636315,-24.98828477773638,152.11284821793188,937.2253826775074,47,88.88115878171422,47.66693237143706,3.369024936058437,201.59811177345975,4177.4144627405685,47,6.224202180872662,3.9102149597731173,6.661338147750939e-16,15.152727873358607,292.53750250101507,0,,,,,,0,,,,,,47,29.009098969208278,18.49579511320656,-12.227374107977802,62.972113906138006,1363.4276515527893,47,2.127659574468085,14.586499149789452,0.0,100.0,100.0,47,-5.4356690857233385,2.998540385682448,-10.000000000000524,-0.1906352958097198,-255.4764470289969,47,-5.760123869069908,3.577898231631391,-16.263947570059294,-0.15645523856184326,-270.72582184628584
11,cv_train_v1,300000,False,episode final transition; whole episode assigned,2,977,0,2,0,0,0,0,0,0,0,0,2,0,2,488.5,79.90306627407988,432.0,545.0,977.0,2,97.69999999999654,15.980613254815067,86.39999999999718,108.9999999999959,195.39999999999307,2,31.123811646960792,6.526225034921498,26.509073669218388,35.7385496247032,62.247623293921585,2,51.31261778901741,11.556276937290942,43.14109600138927,59.48413957664554,102.62523557803482,2,5.719453563789106,8.043180774892496,0.03206589555335104,11.40684123202486,11.438907127578211,0,,,,,,0,,,,,,2,39.37682547907307,8.074603241130614,33.66721877187874,45.0864321862674,78.75365095814614,2,0.0,0.0,0.0,0.0,0.0,2,-4.88499999999984,0.7990306627407816,-5.449999999999828,-4.319999999999852,-9.76999999999968,2,-3.3680138321124646,0.7493475434683472,-3.897882561564414,-2.838145102660515,-6.736027664224929
11,cv_train_v1,300000,True,episode final transition; whole episode assigned,41,24996,0,0,0,1,498,1,1,4,24,12,0,0,41,609.6585365853659,346.4349585244031,23.0,1000.0,24996.0,41,121.85551504701937,69.3224612177711,4.521143660755447,200.00000000001145,4996.076116927795,41,18.006307969467333,28.420309506540207,-13.351865157944221,169.69255753026175,738.2586267481607,41,91.70048573624032,47.523264921525104,4.988779959653667,184.0660122577724,3759.719915185854,41,4.238489362544139,2.6680793171733193,-1.3322676295501878e-15,9.95918247427855,173.7780638643097,0,,,,,,0,,,,,,41,28.106243098131028,17.79452258132727,1.6747433848873499,82.50317072609552,1152.3559670233722,41,2.439024390243902,15.617376188860602,0.0,100.0,100.0,41,-6.092775752350965,3.4661230608885427,-10.000000000000524,-0.22605718303777228,-249.8038058463895,41,-6.446183766556639,4.226942736617542,-16.975352893436757,-0.18990230858646634,-264.2935344288222
11,obstacle_free,25000,True,episode final transition; whole episode assigned,70,24263,0,0,0,0,766,2,2,0,64,4,0,0,70,346.6142857142857,244.4875915085596,16.0,1000.0,24263.0,70,69.21980329224489,48.915664261614594,3.1501302947864716,200.00000000001145,4845.386230457143,70,11.617008409365543,30.680170218300447,-41.04292803632034,149.57369082008404,813.190588655588,70,59.97345280694807,38.39570321083581,1.865193295158587,146.61198277760244,4198.1416964863665,0,,,,,,0,,,,,,0,,,,,,70,23.506633026541056,20.939476285430313,-15.835687532085146,68.64044283976057,1645.4643118578736,70,2.8571428571428577,16.78015193509294,0.0,100.0,200.0,70,-3.4609901646122454,2.4457832130807287,-10.000000000000524,-0.1575065147393236,-242.26931152285712,70,-11.285777309706132,6.970466406552997,-38.93873892614705,-0.6643030804303931,-790.0044116794288
11,obstacle_free,50000,True,episode final transition; whole episode assigned,33,25501,0,0,0,0,971,3,3,0,14,16,0,0,33,772.7575757575756,308.63429312689703,39.0,1000.0,25501.0,33,154.5104300674529,61.756320041725466,7.723982554844138,200.00000000001145,5098.844192225946,33,46.37996070162401,35.94152926668371,8.83432377852671,156.92957311908333,1530.5387031535925,33,120.9378033683856,43.02383364854719,9.95125955168998,173.11613693980252,3990.947511156725,0,,,,,,0,,,,,,0,,,,,,33,50.2764828779673,11.206564195531836,9.456028674942068,73.24354884904452,1659.1239349729203,33,9.09090909090909,29.193710406057114,0.0,100.0,300.0,33,-7.725521503372633,3.0878160020862553,-10.000000000000524,-0.38619912774220666,-254.9422096112967,33,-5.261909763879713,2.581357042957438,-11.542735799205943,-0.2355057686731524,-173.64302220803057
11,obstacle_free,75000,True,episode final transition; whole episode assigned,29,24622,0,0,0,1,4418,7,7,0,4,18,0,0,29,849.0344827586208,230.53191330960487,314.0,1000.0,24622.0,29,169.76871582242512,46.145434473186334,62.7812710186782,200.00000000001145,4923.292758850329,29,68.18897429981855,48.01686274504374,27.3177654012355,161.13540380477815,1977.4802546947385,29,132.32150698835687,32.594836684417274,64.12643326593516,185.64631813376243,3837.3237026623506,0,,,,,,0,,,,,,0,,,,,,29,59.503836930302235,6.5165689911740685,45.73218270560964,75.20273334943798,1725.611270978765,29,24.13793103448276,43.54941703556927,0.0,100.0,700.0,29,-8.488435791121239,2.307271723659289,-10.000000000000524,-3.139063550933899,-246.16463794251575,29,-6.964357873845188,2.5363374065142166,-12.217018089480483,-2.444130731600007,-201.96637834151045
11,obstacle_free,100000,False,episode final transition; whole episode assigned,2,1407,2,0,0,0,0,0,0,0,0,0,2,0,2,703.5,120.91525958289962,618.0,789.0,1407.0,2,140.69999999999845,24.183051916584727,123.59999999999506,157.80000000000186,281.3999999999969,2,33.38914865736107,8.286883029790513,27.529437472096472,39.24885984262566,66.77829731472214,2,111.8468141962714,7.698301305086616,106.40329313982741,117.2903352527154,223.6936283925428,0,,,,,,0,,,,,,0,,,,,,2,47.16205157573998,8.593245507163429,41.08570940522388,53.23839374625607,94.32410315147996,2,0.0,0.0,0.0,0.0,0.0,2,-7.034999999999998,1.2091525958292597,-7.890000000000185,-6.179999999999812,-14.069999999999997,2,-6.737902918378951,1.515515073202236,-7.809533903630679,-5.666271933127223,-13.475805836757901
11,obstacle_free,100000,True,episode final transition; whole episode assigned,29,24207,0,0,0,1,3777,5,5,0,6,18,0,0,29,834.7241379310345,278.65350944340025,53.0,1000.0,24207.0,29,166.90749821096057,55.77898068960843,10.508469956179583,200.00000000001145,4840.317448117858,29,55.79048753962279,45.31850021475484,5.8716401851519135,161.23216103044885,1617.924138649061,29,136.80596131333243,43.61818311814791,12.46415751624819,195.24843688403766,3967.3728780866404,0,,,,,,0,,,,,,0,,,,,,29,56.65517342189349,11.897042082746076,7.352368052281761,79.93035945746293,1643.0000292349107,29,17.24137931034483,38.44258722192447,0.0,100.0,500.0,29,-8.34537491054801,2.7889490344804018,-10.000000000000524,-0.5254234978089786,-242.01587240589214,29,-9.7606902820675,3.9429181184121243,-19.937735009553446,-0.9553043693208682,-283.0600181799575
22,cv_train_v1,125000,True,episode final transition; whole episode assigned,43,24154,0,0,0,0,631,2,2,1,32,8,0,0,43,561.720930232558,296.56464208068945,110.0,1000.0,24154.0,43,112.27858575892081,59.338565498061485,21.896156013819937,200.00000000001145,4827.979187633594,43,28.271268069380966,34.28614077033565,-27.129431972640212,156.62322984503254,1215.6645269833814,43,125.22762354891528,66.43466911365917,22.778561808408476,257.0685646109752,5384.787812603359,43,4.728195325854535,3.9237756941005504,8.881784197001252e-16,17.655592181774637,203.31239901174501,0,,,,,,0,,,,,,43,37.1599966755019,17.846237122344988,-5.9359296446350704,69.40068917196322,1597.8798570465822,43,4.651162790697674,21.308263231644634,0.0,100.0,200.0,43,-5.613929287946044,2.966928274903073,-10.000000000000524,-1.094807800690996,-241.39895938167984,43,-7.925962108872585,4.869575877336068,-22.891100179704043,-1.3966378667704415,-340.8163706815212
22,cv_train_v1,150000,True,episode final transition; whole episode assigned,37,25384,0,0,0,0,2312,4,4,0,20,13,0,0,37,686.0540540540542,311.36348408125707,10.0,1000.0,25384.0,37,137.14673288833944,62.31453575144118,1.929501794573088,200.00000000001145,5074.4291168685595,37,35.69980099495831,43.1862563613599,-17.36874040532039,154.88962702898647,1320.892636813457,37,151.33763997947378,71.73083341233873,1.1855857248639752,284.0758182798514,5599.49267924053,37,5.144514493618735,3.425455223080159,0.006306014921612757,15.47135286404033,190.34703626389313,0,,,,,,0,,,,,,37,40.33057431503693,17.278537807000358,1.1425599238327209,67.34945814893989,1492.2312496563668,37,10.810810810810812,31.480009386767836,0.0,100.0,400.0,37,-6.857336644416972,3.1157267875720436,-10.000000000000524,-0.0964750897286544,-253.7214558434279,37,-8.584247486472444,4.721672044251308,-21.482445692700352,-0.33037651599518364,-317.6171569994803
22,cv_train_v1,175000,True,episode final transition; whole episode assigned,38,24205,0,0,0,1,0,0,0,2,22,14,0,0,38,636.9736842105265,366.70707706539224,24.0,1000.0,24205.0,38,127.3388524928837,73.36385983262119,4.762755939432239,200.00000000001145,4838.876394729579,38,16.871173703524754,15.163172361995414,-15.896289038823952,41.707235742159355,641.1046007339406,38,130.666930191341,74.98223166318519,3.5252441086987965,246.54659835786669,4965.3433472709585,38,6.300059716650497,4.533672747990483,-3.552713678800501e-15,18.332791734032224,239.4022692327189,0,,,,,,0,,,,,,38,30.708851119286738,16.093739944933102,3.0578253209320962,66.15028608719332,1166.9363425328952,38,0.0,0.0,0.0,0.0,0.0,38,-6.3669426246441745,3.668192991631046,-10.000000000000524,-0.23813779697161186,-241.94381973647856,38,-7.470734791117791,4.998068896622896,-20.49060967002664,-0.6353162482275361,-283.8879220624761
22,cv_train_v1,200000,True,episode final transition; whole episode assigned,44,25830,0,0,0,0,862,2,2,3,31,8,0,0,44,587.0454545454545,298.7952518648813,35.0,1000.0,25830.0,44,117.33024699804541,59.77911374225091,6.977157634178476,200.00000000001145,5162.530867913995,44,22.976485493473493,34.35014317116666,-39.25640962340711,160.93167008245985,1010.9653617128337,44,122.0147534208125,63.06713331782759,8.237555285163655,260.5434651104658,5368.649150515748,44,4.358003365352891,3.4976811335627294,-5.551115123125783e-15,15.432859958543295,191.7521480755271,0,,,,,,0,,,,,,44,31.296139964276037,19.3949148304252,-20.618817390005297,69.59083442508313,1377.0301584281456,44,4.545454545454546,21.070705494148537,0.0,100.0,200.0,44,-5.866512349902282,2.988955687112545,-10.000000000000524,-0.34885788170892357,-258.1265433957004,44,-6.998596666354821,3.579494688280221,-16.24058202998397,-0.58653107410858,-307.9382533196123
22,cv_train_v1,225000,True,episode final transition; whole episode assigned,38,24634,0,0,0,4,431,1,1,2,25,10,0,0,38,648.2631578947367,317.70866173447257,22.0,1000.0,24634.0,38,129.5839848320873,63.562532480972486,4.370472865852147,200.00000000001145,4924.191423619319,38,13.906283746612987,29.64823315114945,-38.43378574450097,150.53216511221262,528.4387823712935,38,122.60971254340754,63.55013502723453,4.777199015057878,228.7955687190948,4659.169076649485,38,5.3765100202478235,4.111287583601365,-7.993605777301127e-15,16.715667268931995,204.30738076941728,0,,,,,,0,,,,,,38,25.871095510645418,19.98708204258361,-20.903025633702626,61.029589992980846,983.1016294045257,38,2.6315789473684204,16.222142113076252,0.0,100.0,100.0,38,-6.479199241604376,3.178126624048613,-10.000000000000524,-0.21852364329260726,-246.20957118096615,38,-8.117191469796484,3.8231691271614734,-14.081249184072185,-0.3777402275594375,-308.4532758522666
22,cv_train_v1,250000,True,episode final transition; whole episode assigned,46,24889,0,0,0,1,0,0,0,1,35,10,0,0,46,541.0652173913043,368.9071188237502,18.0,1000.0,24889.0,46,108.13424522552855,73.80537682509858,3.4046508543477554,200.00000000001145,4974.175280374312,46,12.02453783566634,20.279953523861284,-49.646436631409976,48.46156384118664,553.1287404406519,46,90.29623532246819,60.229583300495975,2.431744686404614,225.36610846855731,4153.626824833535,46,4.714115927774561,3.660072218135981,2.220446049250313e-16,14.261805441067228,216.8493326776299,0,,,,,,0,,,,,,46,24.81812118337058,19.597704571238047,-27.192786435177442,59.723011684873704,1141.6335744350465,46,0.0,0.0,0.0,0.0,0.0,46,-5.406712261276426,3.690268841254922,-10.000000000000524,-0.17023254271738775,-248.7087640187157,46,-7.3868710864278,4.936071148134338,-17.51097952271988,-0.32115068888087606,-339.7960699756788
22,cv_train_v1,275000,True,episode final transition; whole episode assigned,56,25180,0,0,0,0,0,0,0,3,51,2,0,0,56,449.64285714285705,252.67286997376513,28.0,1000.0,25180.0,56,89.83723089940462,50.527934298298476,5.5619729073969415,200.00000000001145,5030.8849303666575,56,16.863606483858263,20.82418915477623,-29.66667037161586,61.500088662970555,944.3619630960632,56,82.48655149679534,43.52865988974942,6.523732180106117,192.5720357472988,4619.246883820539,56,5.16720262070789,4.255044224839546,-6.661338147750939e-16,19.271667464391555,289.3633467596418,0,,,,,,0,,,,,,56,28.565208626920725,20.53742094336398,-17.305064796805425,73.1775263002986,1599.6516831075605,56,0.0,0.0,0.0,0.0,0.0,56,-4.491861544970244,2.5263967149149407,-10.000000000000524,-0.27809864536984696,-251.54424651833358,56,-7.2097405980922336,3.9829805750919567,-17.78138137901165,-0.6854589547557277,-403.74547349316515
22,cv_train_v1,300000,False,episode final transition; whole episode assigned,2,463,0,2,0,0,0,0,0,0,0,0,2,0,2,231.5,152.02795795510772,124.0,339.0,463.0,2,46.29999999999923,30.40559159102013,24.80000000000023,67.79999999999824,92.59999999999846,2,15.950451253555853,5.731914241784775,11.89737582401009,20.003526683101615,31.900902507111706,2,50.637741385831376,34.34279618015,26.353717321939847,74.92176544972291,101.27548277166275,2,2.7190237560194044,0.8372110620061625,2.1270261367904557,3.3110213752483526,5.438047512038809,0,,,,,,0,,,,,,2,23.48150634082962,1.4361655542314715,22.46598393852601,24.497028743133228,46.96301268165924,2,0.0,0.0,0.0,0.0,0.0,2,-2.3149999999999555,1.5202795795509971,-3.389999999999899,-1.2400000000000122,-4.629999999999911,2,-5.216055087273796,2.7754691080022886,-7.178608114515993,-3.2535020600315994,-10.432110174547592
22,cv_train_v1,300000,True,episode final transition; whole episode assigned,66,25261,0,0,0,8,0,0,0,7,58,1,0,0,66,382.74242424242425,241.11505779517606,27.0,1000.0,25261.0,66,76.44800369499987,48.21731144351658,5.2180377435424035,200.00000000001145,5045.568243869991,66,15.929920287102732,18.64414171918521,-44.118487069560075,49.65666216396358,1051.3747389487808,66,73.8842888000625,41.18026825201035,3.5745242635218024,196.25517744599045,4876.363060804128,66,4.743571017503808,3.881530505840238,-4.440892098500626e-15,18.06625121943172,313.0756871552513,0,,,,,,0,,,,,,66,26.03777089844289,19.26445550779614,-27.3459357975893,59.87148874639621,1718.4928792972307,66,0.0,0.0,0.0,0.0,0.0,66,-3.822400184750002,2.4108655721758394,-10.000000000000524,-0.26090188717712004,-252.27841219350006,66,-6.285450426590151,3.6124935130647167,-13.073837460692229,-0.33533557701153555,-414.83972815494985
22,obstacle_free,25000,True,episode final transition; whole episode assigned,85,24733,0,0,0,0,499,2,2,0,83,0,0,0,85,290.9764705882352,146.39338526483945,16.0,566.0,24733.0,85,58.10440458028228,29.2826805783998,3.003651907950868,113.07563712910306,4938.8743893239935,85,15.146571056142296,30.10146112802944,-44.704110292373606,154.90661428645302,1287.458539772095,85,57.299189106546095,30.019140006862266,2.2649760416253004,106.95166877774241,4870.43107405642,0,,,,,,0,,,,,,0,,,,,,85,24.820605407538206,19.945390701335445,-22.079573287903692,61.04758425203139,2109.7514596407477,85,2.3529411764705874,15.2477210493529,0.0,100.0,200.0,85,-2.905220229014113,1.4641340289199918,-5.653781856455193,-0.1501825953975434,-246.9437194661994,85,-9.121755298852385,5.815681225535916,-26.35117211258477,-0.6242043756621225,-775.3492004024527
22,obstacle_free,50000,True,episode final transition; whole episode assigned,40,24404,0,0,0,1,1710,3,3,0,24,13,0,0,40,610.1,321.20109524991284,18.0,1000.0,24404.0,40,121.95431471685382,64.28395330462719,3.5351749273203357,200.00000000001145,4878.172588674153,40,37.57349678750057,33.873789266890974,3.145825508280778,154.16874745573136,1502.9398715000225,40,128.31741065786673,60.00718659309097,3.717460747826808,221.9188928337998,5132.696426314669,0,,,,,,0,,,,,,0,,,,,,40,44.10157894836056,14.078712034903347,3.5630758093569455,67.65922776095738,1764.063157934423,40,7.5,26.67467828369185,0.0,100.0,300.0,40,-6.0977157358426854,3.2141976652313473,-10.000000000000524,-0.17675874636601677,-243.90862943370735,40,-7.930366425017324,6.690948034487753,-27.006571770880885,-0.24049155471015135,-317.21465700069297
22,obstacle_free,75000,True,episode final transition; whole episode assigned,34,24621,0,0,0,1,489,1,1,0,18,15,0,0,34,724.1470588235293,332.5328994753927,34.0,1000.0,24621.0,34,144.77522694101415,66.55173837759443,6.657833708850058,200.00000000001145,4922.357715994482,34,32.521471157988515,23.542342377233147,4.898255794354758,151.01835046145922,1105.7300193716094,34,155.67524701660383,72.45548879941273,6.457263758227394,248.31259669431824,5292.958398564529,0,,,,,,0,,,,,,0,,,,,,34,43.636181621980455,12.399508973585503,5.607443755079792,60.921984107857405,1483.6301751473352,34,2.941176470588235,17.14985851425088,0.0,100.0,100.0,34,-7.238761347050692,3.3275869188797023,-10.000000000000524,-0.3328916854425027,-246.1178857997235,34,-6.817125587529476,3.4455592827818142,-11.917217864350466,-0.3344573950559466,-231.7822699760021
22,obstacle_free,100000,False,episode final transition; whole episode assigned,2,217,2,0,0,0,0,0,0,0,0,0,2,0,2,108.5,116.67261889578035,26.0,191.0,217.0,2,21.69999999999995,23.334523779156015,5.199999999999986,38.19999999999991,43.3999999999999,2,19.758290348399733,23.665792033480614,3.024048319375016,36.492532377424446,39.516580696799465,2,25.473480438088924,27.46592119090632,6.05214131246377,44.89481956371408,50.94696087617785,0,,,,,,0,,,,,,0,,,,,,2,22.72559851849462,26.216292937425433,4.187880004868106,41.26331703212114,45.45119703698924,2,0.0,0.0,0.0,0.0,0.0,2,-1.0849999999999973,1.166726188957801,-1.9099999999999957,-0.2599999999999992,-2.169999999999995,2,-1.8823081700949083,1.383774714987039,-2.8607846546967255,-0.9038316854930909,-3.7646163401898165
22,obstacle_free,100000,True,episode final transition; whole episode assigned,37,26025,0,0,0,1,3016,6,6,0,17,14,0,0,37,703.3783783783784,283.74551894174385,189.0,1000.0,26025.0,37,140.62736105665056,56.77368620685648,37.73004187151239,200.00000000001145,5203.212359096071,37,53.76159118630735,44.54327335596955,15.358831593958088,166.48672953081973,1989.1788738933724,37,142.7439825049495,52.72833490916652,49.33788554434642,226.03634399734688,5281.52735268313,0,,,,,,0,,,,,,0,,,,,,37,51.92330427904101,10.23266147603925,31.91821893592058,82.07225373515872,1921.162258324517,37,16.21621621621622,37.368387661182226,0.0,100.0,600.0,37,-7.031368052832525,2.8386843103428063,-10.000000000000524,-1.88650209357562,-260.16061795480334,37,-7.346561256117351,2.492973928588602,-12.897221266514418,-2.5298067289273347,-271.82276647634205
33,cv_train_v1,125000,True,episode final transition; whole episode assigned,35,23894,0,0,0,0,972,2,2,2,20,11,0,0,35,682.6857142857143,326.9484373296023,19.0,1000.0,23894.0,35,136.47299021571777,65.42470535441059,3.618268948522611,200.00000000001145,4776.554657550122,35,29.51412995066098,34.62993825750836,-27.327916466706753,151.87566064356614,1032.9945482731341,35,99.78173389162517,44.36127823857339,3.844479682020858,171.7711687628705,3492.3606862068796,35,4.866340321004135,3.790771060196132,-8.881784197001252e-16,14.050260437884464,170.32191123514477,0,,,,,,0,,,,,,35,40.72267429682711,18.720045933102035,-4.481475710430313,72.17495284122887,1425.2936003889486,35,5.7142857142857135,23.55041079768028,0.0,100.0,200.0,35,-6.823649510785889,3.2712352677205154,-10.000000000000524,-0.18091344742613052,-238.8277328775061,35,-10.099180549665954,5.068350360531362,-19.45229618420745,-0.39889939693608856,-353.4713192383084
33,cv_train_v1,150000,True,episode final transition; whole episode assigned,36,25700,0,0,0,5,0,0,0,3,23,10,0,0,36,713.8888888888888,331.31200467904034,42.0,1000.0,25700.0,36,142.70408842112758,66.27402587334416,8.272282825147045,200.00000000001145,5137.347183160593,36,18.898189362383846,14.058661204561647,-29.08888343144768,42.65633456303476,680.3348170458183,36,97.04977582579994,42.11946495121061,7.32169961958189,157.27131757699127,3493.791929728798,36,4.681449337106071,3.974182538915253,-7.549516567451064e-15,16.67005816887521,168.5321761358186,0,,,,,,0,,,,,,36,36.32029314298981,15.90241268277631,-2.247760166528373,60.40100072452545,1307.5305531476329,36,0.0,0.0,0.0,0.0,0.0,36,-7.13520442105638,3.3137012936671915,-10.000000000000524,-0.4136141412573519,-256.86735915802956,36,-10.286899359549581,4.775642560088649,-16.841123264918725,-0.7753833207715721,-370.3283769437849
33,cv_train_v1,175000,True,episode final transition; whole episode assigned,37,23847,0,0,0,14,836,2,2,4,18,13,0,0,37,644.5135135135135,345.7849863090599,44.0,1000.0,23847.0,37,128.8385650235696,69.19946930884252,8.701491352145084,200.00000000001145,4767.026905872075,37,22.022645086259676,33.48836767691293,-23.149601032574054,149.35505944287357,814.8378681916078,37,86.92802324105719,40.07414511981253,11.084777830496524,143.73692433269835,3216.3368599191153,37,4.7887718034190385,3.5045066379845795,-8.881784197001252e-16,13.10010172565911,177.1845567265044,0,,,,,,0,,,,,,37,33.82201172510285,15.483798860861059,3.847453021856083,63.01632378288428,1251.4144338288052,37,5.405405405405405,22.92434351351256,0.0,100.0,200.0,37,-6.441928251178469,3.45997346544211,-10.000000000000524,-0.4350745676072538,-238.35134529360323,37,-10.762843793070113,5.687905893767076,-18.84290150759298,-0.8537474217169461,-398.22522034359434
33,cv_train_v1,200000,True,episode final transition; whole episode assigned,37,25748,0,0,0,4,638,2,2,0,26,9,0,0,37,695.8918918918919,274.08177852845546,17.0,1000.0,25748.0,37,139.09527987736132,54.85519172562656,3.2626932798506516,200.00000000001145,5146.525355462366,37,24.684196181386657,35.691191085812896,-35.16504565236538,153.96660937390993,913.3152587113061,37,94.14490570263011,34.491270131940425,2.7719630120777277,166.87152475931387,3483.3615109973143,37,4.57834824262533,2.8425907825456,0.3218380138799808,12.571392090698508,169.39888497713716,0,,,,,,0,,,,,,37,38.78509052990742,17.025981929887312,-5.726197718336238,65.03427292168132,1435.0483496065751,37,5.405405405405404,22.924343513512564,0.0,100.0,200.0,37,-6.954763993868075,2.742759586281316,-10.000000000000524,-0.16313466399253257,-257.32626777311873,37,-12.551535760058108,5.187560207104262,-22.23554134756339,-0.2368253530176137,-464.40682312215006
33,cv_train_v1,225000,True,episode final transition; whole episode assigned,40,24939,0,0,0,1,0,0,0,2,29,9,0,0,40,623.4749999999998,309.8087902859787,30.0,1000.0,24939.0,40,124.61084002868282,61.99972439109943,5.879689627371262,200.00000000001145,4984.433601147312,40,16.223490103201453,19.047924464387872,-44.557902899624665,52.16881680163367,648.9396041280581,40,92.82015649533707,44.139476771109635,1.9891265186543718,174.30596036389903,3712.806259813482,40,6.297041497050405,4.304266031251058,-3.774758283725532e-15,19.15060796260562,251.88165988201618,0,,,,,,0,,,,,,40,34.033740735444425,19.265421385804377,-17.128822941638624,67.19519590865036,1361.3496294177767,40,0.0,0.0,0.0,0.0,0.0,40,-6.230542001434152,3.0999862195549657,-10.000000000000524,-0.293984481368563,-249.22168005736594,40,-11.579708630808833,5.512431201512423,-19.73012420273388,-0.5191381600260025,-463.18834523235336
33,cv_train_v1,250000,True,episode final transition; whole episode assigned,43,25233,0,0,0,0,0,0,0,2,36,5,0,0,43,586.8139534883721,297.88862218828683,33.0,1000.0,25233.0,43,117.26722071170579,59.596716613774745,6.43267975136037,200.00000000001145,5042.49049060335,43,16.578826451393954,16.155235427462056,-24.33714627309168,47.74707419520247,712.8895374099402,43,82.46720891067305,34.06793421222175,5.16221063432214,164.42672011404156,3546.0899831589422,43,5.8961791085903705,5.013219167115101,-1.7763568394002505e-15,17.268483432575874,253.53570166938596,0,,,,,,0,,,,,,43,33.604055567545984,15.956600039006736,3.4689683736436976,64.45449609362953,1444.9743894044768,43,0.0,0.0,0.0,0.0,0.0,43,-5.863361035585304,2.979835830688737,-10.000000000000524,-0.3216339875680183,-252.124524530168,43,-11.16186808056672,5.958899378476484,-20.931193583553398,-0.5744544329693466,-479.96032746436885
33,cv_train_v1,275000,True,episode final transition; whole episode assigned,50,24999,0,0,0,1,0,0,0,2,44,4,0,0,50,499.9800000000001,252.8336139173955,39.0,1000.0,24999.0,50,99.90593499676966,50.5910206167461,7.795963677919849,200.00000000001145,4995.296749838482,50,17.2632730577186,17.865095754232765,-27.03130365356809,40.04458549348551,863.1636528859298,50,77.67141015746628,30.546227258081398,2.9263711674155157,154.12326971724553,3883.570507873312,50,4.58568484484634,3.599584366495003,-5.551115123125783e-15,16.253517147986496,229.28424224231705,0,,,,,,0,,,,,,50,31.642301298901614,18.056148751959057,-12.575240609996193,56.39981008669719,1582.1150649450815,50,0.0,0.0,0.0,0.0,0.0,50,-4.995296749838496,2.5295510308373106,-10.000000000000524,-0.3897981838959922,-249.76483749192477,50,-9.383731491344543,4.750174138324999,-19.617716811522573,-0.4231120739873104,-469.1865745672274
33,cv_train_v1,300000,False,episode final transition; whole episode assigned,2,1343,0,2,0,0,0,0,0,0,0,0,2,0,2,671.5,396.6869042456532,391.0,952.0,1343.0,2,134.30000000000345,79.33738084913885,78.19999999999764,190.40000000000927,268.6000000000069,2,14.327659171736528,30.90435800523835,-7.525021941984273,36.18034028545733,28.65531834347306,2,80.22852023278276,2.3882716466951863,78.53975715608904,81.91728330947649,160.4570404655655,2,8.680572587539952,1.4604572180112245,7.647873385051375,9.713271790028529,17.361145175079905,0,,,,,,0,,,,,,2,32.79753780484308,21.053966671240094,17.91013520073365,47.684940408952514,65.59507560968616,2,0.0,0.0,0.0,0.0,0.0,2,-6.715000000000157,3.9668690424569446,-9.520000000000449,-3.9099999999998647,-13.430000000000314,2,-11.754878633106403,5.883522291541349,-15.915157142717506,-7.594600123495299,-23.509757266212805
33,cv_train_v1,300000,True,episode final transition; whole episode assigned,69,24297,0,0,0,0,0,0,0,1,63,5,0,0,69,352.13043478260886,287.03037926137,9.0,1000.0,24297.0,69,70.33217271528719,57.41259229074405,1.6328031738512951,200.00000000001145,4852.919917354817,69,16.707423302738302,15.806135866406409,-23.64102705534345,45.01225239898515,1152.8122078889423,69,49.17102796084526,33.19241062037975,1.006585757029036,132.7154516451932,3392.800929298323,69,5.76480468136098,4.276186148025725,-3.552713678800501e-15,17.372787289195912,397.7715230139074,0,,,,,,0,,,,,,69,26.80458641540238,18.127903070502846,0.9400678707371171,61.02491720040843,1849.5164626627645,69,0.0,0.0,0.0,0.0,0.0,69,-3.5166086357643596,2.8706296145372017,-10.000000000000524,-0.08164015869256476,-242.64599586774065,69,-6.580554476899717,5.198322908812774,-20.35754182223757,-0.1999702769533041,-454.05825890608054
33,obstacle_free,25000,True,episode final transition; whole episode assigned,79,24430,0,0,0,0,404,1,1,0,74,4,0,0,79,309.240506329114,244.0757666722844,13.0,1000.0,24430.0,79,61.76399719110796,48.826647209124395,2.421431713672224,200.00000000001145,4879.35577809753,79,14.848570043769413,19.723998852452837,-26.47406488344402,141.29927035879953,1173.037033457784,79,56.98298456526119,45.44463852912322,1.488285682769486,184.81176028873276,4501.655780655634,0,,,,,,0,,,,,,0,,,,,,79,26.210571013183394,16.510602620600615,-10.667541808741802,64.24105095195054,2070.6351100414877,79,1.2658227848101262,11.250879009260238,0.0,100.0,100.0,79,-3.0881998595553948,2.441332360456219,-10.000000000000524,-0.12107158568361122,-243.9677889048763,79,-9.539623894668711,6.570651916822385,-26.62170410999374,-0.40268120679568853,-753.6302876788278
33,obstacle_free,50000,True,episode final transition; whole episode assigned,30,25288,0,0,0,0,3271,6,6,0,6,18,0,0,30,842.9333333333333,259.53046905482233,270.0,1000.0,25288.0,30,168.5407485544942,51.941123492419464,53.94829989638198,200.00000000001145,5056.222456634827,30,56.594614841009985,48.52414567456317,20.47918440552806,156.57622754099344,1697.8384452302994,30,147.57187826719212,45.52481647578017,56.397910347895824,199.19089392800169,4427.156348015765,0,,,,,,0,,,,,,0,,,,,,30,53.61070019866327,8.102228116046962,39.860483137861976,68.0034283548115,1608.3210059598973,30,20.0,40.68381021724862,0.0,100.0,600.0,30,-8.427037427724681,2.5970561746209566,-10.000000000000524,-2.697414994819092,-252.81112283174036,30,-8.589047929928565,3.0934394120903668,-16.36409951483703,-3.4399897655734586,-257.67143789785695
33,obstacle_free,75000,True,episode final transition; whole episode assigned,35,24741,0,0,0,0,2455,4,4,0,17,14,0,0,35,706.8857142857145,327.7645111812991,108.0,1000.0,24741.0,35,141.3122809093056,65.59016907535205,21.436722678880194,200.00000000001145,4945.929831825696,35,41.753145816566004,41.45322851500017,-2.9626190602407507,154.8037286055822,1461.3601035798101,35,117.77232308375415,55.05296025411498,17.088070351785415,183.02784327049417,4122.031307931394,0,,,,,,0,,,,,,0,,,,,,35,45.88956739102938,18.101055454444978,10.363310943683715,71.5287736158552,1606.1348586860286,35,11.428571428571425,32.28028510906756,0.0,100.0,400.0,35,-7.065614045465275,3.2795084537675883,-10.000000000000524,-1.0718361339440088,-247.29649159128456,35,-8.499378957569506,4.361164203678556,-20.321389118271235,-1.2126878735979458,-297.4782635149326
33,obstacle_free,100000,False,episode final transition; whole episode assigned,2,1115,2,0,0,0,0,0,0,0,0,0,2,0,2,557.5,246.7802666341051,383.0,732.0,1115.0,2,111.4999999999985,49.356053326822106,76.59999999999773,146.39999999999927,222.999999999997,2,40.232411800829794,16.89184701976369,28.288072226389115,52.17675137527047,80.46482360165959,2,103.11906612587134,34.936572454380325,78.41517883196386,127.82295341977881,206.23813225174268,0,,,,,,0,,,,,,0,,,,,,2,54.8239136467421,9.859657102700483,47.85208324924848,61.79574404423572,109.6478272934842,2,0.0,0.0,0.0,0.0,0.0,2,-5.5749999999999575,2.467802666341175,-7.320000000000046,-3.82999999999987,-11.149999999999915,2,-9.016501845912323,4.564387250722157,-12.244011022859382,-5.788992668965264,-18.033003691824646
33,obstacle_free,100000,True,episode final transition; whole episode assigned,28,24426,0,0,0,0,2240,4,4,0,6,18,0,0,28,872.3571428571429,232.1125547988262,321.0,1000.0,24426.0,28,174.4311394832644,46.456247871720755,64.05610354722641,200.00000000001145,4884.071905531403,28,42.89606271901043,45.83054975419546,-4.619008161574397,158.94095434330586,1201.0897561322922,28,154.2230019341339,39.507304673226216,64.92428519052818,190.0057224797103,4318.244054155747,0,,,,,,0,,,,,,0,,,,,,28,51.922365696517495,10.973672164406553,19.197173335816398,68.01388809623862,1453.8262395024901,28,14.285714285714286,35.63483225498992,0.0,100.0,400.0,28,-8.721556974163192,2.3228123935860183,-10.000000000000524,-3.2028051773613093,-244.2035952765693,28,-14.590460289058123,6.018919048071107,-28.206281782231674,-5.7730207567141525,-408.5328880936275
