training_seed,profile,bin_first_transition,bin_last_transition,updates,actor_loss_n,actor_loss_mean,actor_loss_sample_sd,actor_loss_first,actor_loss_last,actor_loss_minimum,actor_loss_maximum,actor_loss_sum,q1_loss_n,q1_loss_mean,q1_loss_sample_sd,q1_loss_first,q1_loss_last,q1_loss_minimum,q1_loss_maximum,q1_loss_sum,q2_loss_n,q2_loss_mean,q2_loss_sample_sd,q2_loss_first,q2_loss_last,q2_loss_minimum,q2_loss_maximum,q2_loss_sum,alpha_loss_n,alpha_loss_mean,alpha_loss_sample_sd,alpha_loss_first,alpha_loss_last,alpha_loss_minimum,alpha_loss_maximum,alpha_loss_sum,alpha_n,alpha_mean,alpha_sample_sd,alpha_first,alpha_last,alpha_minimum,alpha_maximum,alpha_sum,actor_gradient_norm_n,actor_gradient_norm_mean,actor_gradient_norm_sample_sd,actor_gradient_norm_first,actor_gradient_norm_last,actor_gradient_norm_minimum,actor_gradient_norm_maximum,actor_gradient_norm_sum,q1_gradient_norm_n,q1_gradient_norm_mean,q1_gradient_norm_sample_sd,q1_gradient_norm_first,q1_gradient_norm_last,q1_gradient_norm_minimum,q1_gradient_norm_maximum,q1_gradient_norm_sum,q2_gradient_norm_n,q2_gradient_norm_mean,q2_gradient_norm_sample_sd,q2_gradient_norm_first,q2_gradient_norm_last,q2_gradient_norm_minimum,q2_gradient_norm_maximum,q2_gradient_norm_sum,alpha_gradient_norm_n,alpha_gradient_norm_mean,alpha_gradient_norm_sample_sd,alpha_gradient_norm_first,alpha_gradient_norm_last,alpha_gradient_norm_minimum,alpha_gradient_norm_maximum,alpha_gradient_norm_sum
11,obstacle_free,1,25000,15001,15001,-7.0824577275629625,2.8313767893742554,-0.31008780002593994,-10.326045989990234,-12.549546241760254,-0.31008780002593994,-106243.94837117195,15001,0.16120121404561313,1.527174604471217,0.12145861983299255,0.023559026420116425,0.0013734214007854462,36.68272018432617,2418.1794118982507,15001,0.16473080740547066,1.5237511556812469,0.18005552887916565,0.04559358209371567,0.0013549149734899402,36.576622009277344,2471.1268418894615,15001,0.23766384087878772,0.2542929581944381,0.9845885038375854,0.010709717869758606,-0.00196563801728189,1.0127334594726562,3565.1952770226635,15001,0.05422592996905575,0.04814321989197908,0.19993998110294342,0.00846284069120884,0.00846284069120884,0.19993998110294342,813.4431754657999,15001,0.1518297228520394,0.07577917875115328,0.2998122274875641,0.1978263556957245,0.025342734530568123,0.79167640209198,2277.5976725034416,15001,5.4610043718623364,6.985675123638317,1.2855653762817383,2.3873488903045654,0.009776084683835506,81.12459564208984,81920.52658230718,15001,5.4746102681645,7.039944885511852,1.6907742023468018,5.963006019592285,0.009317891672253609,81.60285186767578,82124.62863273546,15001,0.23766444134425588,0.25429239670175247,0.9845884442329407,0.010709717869758606,0.0003880092117469758,1.0127334594726562,3565.204284605192
11,obstacle_free,25001,50000,25000,25000,-16.661169472312967,3.400181604599796,-11.098123550415039,-22.762691497802734,-24.409828186035156,-9.281628608703613,-416529.2368078232,25000,1.0305791090630663,4.862263804439141,0.03493315353989601,0.3039102554321289,0.016577694565057755,80.44044494628906,25764.47772657685,25000,1.0668691673103055,4.842229183649095,0.03663888946175575,0.25847288966178894,0.02132076770067215,80.1978988647461,26671.729182757437,25000,0.0006919863861794856,0.002996468751664886,0.009087905287742615,-0.00020759465405717492,-0.01521268393844366,0.019044237211346626,17.299659654487186,25000,0.006243319066204116,0.0009983809189227646,0.008461509831249714,0.006947806105017662,0.004947064444422722,0.008461509831249714,156.08297665510327,25000,0.3231660576081256,0.14144563550347525,0.20147942006587982,0.27867066860198975,0.09145572781562805,3.4496610164642334,8079.15144020319,25000,22.64270239019401,19.615882697306322,4.559932231903076,56.49164581298828,0.8212407827377319,183.48263549804688,566067.5597548485,25000,23.613039338305033,19.55712306693117,4.013183116912842,41.449432373046875,0.7660603523254395,179.0463409423828,590325.9834576249,25000,0.0020777207041157235,0.00226728764619727,0.009087905287742615,0.00020759466860909015,6.990299539211264e-08,0.019044235348701477,51.943017602892866
11,obstacle_free,50001,75000,25000,25000,-24.992476931610092,1.8507229234735203,-20.992023468017578,-27.123334884643555,-30.66400909423828,-19.938369750976562,-624811.9232902527,25000,1.1876770701097004,4.723571438744356,0.13485603034496307,4.7651872634887695,0.037872426211833954,60.44520568847656,29691.92675274238,25000,1.2366796643994806,4.701833963472733,0.1679151952266693,4.829056262969971,0.04468771070241928,60.508209228515625,30916.99160998687,25000,3.8234801856887984e-05,0.0019426612037373044,-0.0011117178946733475,0.0012458174023777246,-0.03291263431310654,0.009487256407737732,0.9558700464222056,25000,0.0063932378004119,0.0003394321505846483,0.006947434972971678,0.005973877850919962,0.00567897642031312,0.007127697113901377,159.830945010297,25000,0.42332306055247826,0.15656453301198772,0.4385961592197418,0.3834775984287262,0.17155589163303375,3.809147596359253,10583.076513811946,25000,38.02648843284572,32.01714326505454,41.98944091796875,41.93103790283203,2.116088390350342,289.20709228515625,950662.2108211517,25000,37.076241770968494,30.312718958281188,48.83790969848633,36.00400161743164,1.8605875968933105,250.91726684570312,926906.0442742109,25000,0.0014119182418910062,0.0013348414282023813,0.0011117176618427038,0.0012458174023777246,1.494608170560241e-08,0.032912638038396835,35.297956047275136
11,obstacle_free,75001,100000,25000,25000,-29.562959229354703,1.367922484188611,-27.592674255371094,-29.57522964477539,-34.64179229736328,-24.265567779541016,-739073.9807338715,25000,1.4736728247201434,5.252627042865079,0.19502870738506317,0.4227144718170166,0.046954862773418427,59.858577728271484,36841.82061800361,25000,1.5073021629491479,5.24354913984926,0.44117018580436707,0.12058540433645248,0.05456143990159035,59.79059600830078,37682.55407372862,25000,-3.0708070611583583e-06,0.0021170782678373383,0.0009863341692835093,0.0008045567665249109,-0.019584842026233673,0.010000147856771946,-0.07677017652895302,25000,0.00658813535390422,0.000679594790489652,0.0059724110178649426,0.006177099421620369,0.005640048533678055,0.00810824241489172,164.70338384760544,25000,0.41466657032966575,0.19835254501005867,0.3020944893360138,0.32075178623199463,0.1682509481906891,6.409694194793701,10366.664258241653,25000,49.27006322968478,38.01205094092135,32.197959899902344,37.063385009765625,2.64835786819458,360.92486572265625,1231751.5807421207,25000,52.65876055153874,41.3708626691792,53.727386474609375,16.40128517150879,2.519141435623169,385.0513916015625,1316469.0137884617,25000,0.0015722091834594499,0.001417776160095771,0.000986334285698831,0.0008045566501095891,1.5741937531288386e-08,0.019584842026233673,39.305229586486156
11,cv_train_v1,100001,125000,25000,25000,-31.395935090561014,1.2072995566200093,-31.84833526611328,-32.059722900390625,-36.26213073730469,-26.901548385620117,-784898.3772640228,25000,1.5198451636291987,5.119353175709408,0.11247089505195618,0.12518972158432007,0.05420319363474846,73.11528778076172,37996.1290907301,25000,1.553292402946507,5.1037640355752885,0.07499444484710693,0.0836920291185379,0.05920511856675148,70.22193145751953,38832.31007366255,25000,-7.386495935992554e-05,0.002443891484136083,0.0011576981050893664,0.0023082043044269085,-0.013768673874437809,0.008897190913558006,-1.8466239839981426,25000,0.007597104567717757,0.0005424304295237424,0.006176354363560677,0.007968825288116932,0.006157021038234234,0.00878074299544096,189.92761419294402,25000,0.3790805362868312,0.1586195482925021,0.35160547494888306,0.288404256105423,0.17478369176387787,4.4933390617370605,9477.013407170773,25000,49.95808698303232,38.30831901138288,9.636616706848145,11.666111946105957,3.5938737392425537,441.1295166015625,1248952.1745758057,25000,55.295192210302446,42.348871106860535,17.885107040405273,5.391646862030029,2.6882498264312744,377.79705810546875,1382379.8052575588,25000,0.001885807911973272,0.0015561645477297945,0.0011576982215046883,0.002308204071596265,4.7927123603130894e-08,0.013768673874437809,47.145197799331505
11,cv_train_v1,125001,150000,25000,25000,-33.599585336151016,1.5661221321937262,-30.896692276000977,-35.79658508300781,-39.799896240234375,-27.822189331054688,-839989.6334037781,25000,1.4379304181474397,4.305394534145593,0.1393941342830658,0.17856764793395996,0.07163438200950623,55.067195892333984,35948.26045368612,25000,1.472785386556082,4.27292611184211,1.0947903394699097,1.3188966512680054,0.0774025171995163,54.421966552734375,36819.63466390222,25000,-7.225580363563471e-05,0.0026611735656226787,0.003215039847418666,-0.0008457023068331182,-0.01409843098372221,0.009002715349197388,-1.8063950908908737,25000,0.009127326017692677,0.0005280636304924007,0.007967104203999043,0.010035778395831585,0.007693384308367968,0.010035778395831585,228.18315044231713,25000,0.375672746185664,0.15647819970835622,0.27655863761901855,0.3194006085395813,0.20133839547634125,10.55371379852295,9391.818654641509,25000,53.5661443578144,38.49347876350617,23.04527473449707,10.767338752746582,4.959875583648682,430.02130126953125,1339153.6089453697,25000,57.817997605381194,41.55538299429198,80.25645446777344,83.54459381103516,5.157948017120361,471.8228759765625,1445449.9401345253,25000,0.002072678930206256,0.001670597516214233,0.003215039847418666,0.0008457024814561009,3.293217787359026e-07,0.01409843098372221,51.81697325515648
11,cv_train_v1,150001,175000,25000,25000,-36.08644008537288,1.394249974344894,-35.22924041748047,-38.90937042236328,-41.97831726074219,-30.456764221191406,-902161.0021343231,25000,1.3744259624358977,3.581568284548844,0.16350893676280975,0.2388746738433838,0.09024135768413544,52.92052459716797,34360.64906089753,25000,1.410710004465587,3.5608812804732546,0.2287045419216156,0.20625892281532288,0.10332688689231873,52.32391357421875,35267.7501116395,25000,5.397760545922228e-05,0.0027164213041051787,-0.0024317684583365917,0.0022927008103579283,-0.017488844692707062,0.010337762534618378,1.3494401364805526,25000,0.009378086095899291,0.0005181470935127044,0.010037166066467762,0.009137666784226894,0.008200405165553093,0.010640904307365417,234.4521523974836,25000,0.4024651569604868,0.1852275401652658,0.3227710723876953,0.39958688616752625,0.23260411620140076,9.558643341064453,10061.628924012184,25000,57.76907139736219,39.55581948252955,8.260581970214844,66.73108673095703,5.616691589355469,458.0527648925781,1444226.784934044,25000,59.08472835948948,41.20796165900659,25.025575637817383,29.63418960571289,5.284346103668213,601.7826538085938,1477118.208987236,25000,0.002090933583800708,0.0017348430044924787,0.0024317684583365917,0.0022927008103579283,1.7483247916061373e-07,0.017488844692707062,52.27333959501786
11,cv_train_v1,175001,200000,25000,25000,-38.78191575729364,1.8372175069704955,-39.48210144042969,-40.63195037841797,-46.06513977050781,-33.192684173583984,-969547.8939323425,25000,1.4308026531442999,3.2072772755340613,0.24947816133499146,0.28742170333862305,0.1241082027554512,36.78232955932617,35770.0663286075,25000,1.4652172903388767,3.154651288603867,0.1484958529472351,0.3491780459880829,0.1250419318675995,33.66456985473633,36630.43225847185,25000,-0.00010323632647632667,0.002337758297819955,0.0020191334187984467,-0.004053798969835043,-0.014674495905637741,0.00874115526676178,-2.5809081619081553,25000,0.010772599539309664,0.0010983412886892223,0.009135506115853786,0.012764360755681992,0.008796274662017822,0.012815645895898342,269.3149884827435,25000,0.4768024444258228,0.19930561337670955,0.5154485106468201,0.48910051584243774,0.2817341983318329,9.533933639526367,11920.061110645533,25000,61.647883129348614,42.015315510282974,43.39701461791992,22.46788215637207,7.038959503173828,428.56671142578125,1541197.0782337189,25000,62.62605769607512,42.97207766488684,15.697412490844727,35.308868408203125,7.338146686553955,402.52880859375,1565651.442401886,25000,0.0018285316263383171,0.0014601747734499903,0.0020191329531371593,0.004053798969835043,6.388201967411078e-09,0.014674495905637741,45.713290658457964
11,cv_train_v1,200001,225000,25000,25000,-43.16676018096936,1.788887681847332,-38.813446044921875,-42.68385696411133,-50.17756652832031,-35.918182373046875,-1079169.004524231,25000,1.6700749727022552,3.426995941891263,0.34972965717315674,2.6791536808013916,0.15664808452129364,39.3228645324707,41751.87431755662,25000,1.6986867934983974,3.3537765495317924,0.4157768487930298,2.8636176586151123,0.15903674066066742,40.26837158203125,42467.16983745992,25000,3.855694257712452e-05,0.002682390342076307,-0.005260591395199299,-0.00044891261495649815,-0.013883368112146854,0.009217324666678905,0.9639235644281143,25000,0.012249734369032135,0.0004223032217459084,0.012765816412866116,0.011766130104660988,0.01116345264017582,0.01327433530241251,306.2433592258021,25000,0.5086274565887414,0.18090245423987447,0.42461493611335754,0.490256667137146,0.30607423186302185,6.650059700012207,12715.686414718628,25000,70.86534674644426,48.51057368959842,73.2024154663086,146.5529327392578,6.955099105834961,489.6059265136719,1771633.6686611176,25000,71.57624342552242,49.77604935848511,119.89339447021484,144.603271484375,8.421043395996094,536.7739868164062,1789406.0856380463,25000,0.0021218951841274567,0.0016413669233176114,0.005260591860860586,0.00044891255674883723,4.099289299119846e-07,0.013883369043469429,53.04737960318636
11,cv_train_v1,225001,250000,25000,25000,-42.99129328674282,1.8015133132284409,-42.74016189575195,-38.67158508300781,-51.366172790527344,-36.13662338256836,-1074782.332168579,25000,1.6036426347088784,3.129214256973381,0.382976770401001,0.5664491057395935,0.1925799548625946,41.080467224121094,40091.065867722034,25000,1.649428825498234,3.0861509242966636,0.42695188522338867,0.9534662961959839,0.20665812492370605,42.14522933959961,41235.72063745558,25000,8.53926575917296e-06,0.0025023307256429738,0.002383721526712179,0.0018258400959894061,-0.012087935581803322,0.009852079674601555,0.21348164397932123,25000,0.011717908469364009,0.00048204124191174845,0.01176613662391901,0.011746101081371307,0.010772698558866978,0.013068404980003834,292.9477117341012,25000,0.5418879850244523,0.17380834890502592,0.553385317325592,0.5228120684623718,0.3441908359527588,5.9762678146362305,13547.199625611305,25000,72.13914454727215,48.28799874632627,21.56696128845215,45.17032241821289,8.514507293701172,461.48138427734375,1803478.6136817932,25000,72.28224926235215,49.755254928664726,56.40353012084961,54.401817321777344,9.466452598571777,520.1714477539062,1807056.2315587997,25000,0.001979126231771227,0.0015312199921716056,0.0023837212938815355,0.0018258400959894061,1.3926562303367973e-07,0.012087936513125896,49.47815579428094
11,cv_train_v1,250001,275000,25000,25000,-40.30729694702159,1.8389360456215005,-41.78268051147461,-39.25121307373047,-48.493675231933594,-33.40436553955078,-1007682.4236755371,25000,1.5955768579328005,3.1420690480076776,0.39101532101631165,1.5837771892547607,0.18556039035320282,53.41062545776367,39889.42144832015,25000,1.617107244884364,3.0528015648757636,0.514417827129364,1.9430543184280396,0.22867384552955627,52.134910583496094,40427.681122109294,25000,-9.254219416470949e-06,0.0026119837911782787,-0.002192534040659666,-0.0014768849359825253,-0.014078945852816105,0.009080152027308941,-0.2313554854117683,25000,0.012380851117484257,0.0004012052610996563,0.011746056377887726,0.01219472661614418,0.011691111139953136,0.013648489490151405,309.5212779371068,25000,0.5841105606257883,0.2034447665765592,0.4919206202030182,0.5507684946060181,0.35766562819480896,7.704992771148682,14602.764015644789,25000,68.05227653953547,44.88512742807609,35.256004333496094,41.33666229248047,9.922173500061035,447.613037109375,1701306.913488388,25000,67.44579646919213,45.5811118368083,20.462068557739258,91.56999969482422,10.502182006835938,457.67333984375,1686144.9117298126,25000,0.002065960438561408,0.0015981807513733286,0.002192534040659666,0.0014768850523978472,1.712501074280226e-08,0.014078943990170956,51.649010964034595
11,cv_train_v1,275001,300000,25000,25000,-37.20884201354997,1.782762428543395,-37.02284622192383,-37.38197326660156,-44.3837890625,-30.012378692626953,-930221.0503387451,25000,1.620275015715355,2.9215511541159978,0.6066781878471375,1.0420026779174805,0.25249171257019043,43.01536178588867,40506.875392884016,25000,1.634244401022191,2.860966480262759,0.5353730916976929,1.396945834159851,0.27487999200820923,44.21485900878906,40856.110025554895,25000,-1.0232518640404918e-05,0.002642584187569045,-0.001085077878087759,0.0014493747148662806,-0.012361761182546616,0.010337763465940952,-0.2558129660101258,25000,0.013111565885841846,0.0004899211783923364,0.012195914052426815,0.01256627682596445,0.011678619310259819,0.014226160943508148,327.78914714604616,25000,0.6112210152673719,0.22806456170467673,0.4890613853931427,0.589320182800293,0.38393789529800415,9.502545356750488,15280.525381684303,25000,64.15784761611924,41.38961692653379,23.470108032226562,41.346195220947266,10.80034065246582,451.3174743652344,1603946.1904029846,25000,63.067055837287775,42.3491873196282,39.371192932128906,67.78015899658203,9.714271545410156,497.81640625,1576676.3959321976,25000,0.0021059356870738234,0.0015963124307189186,0.0010850777616724372,0.0014493749476969242,2.7783406153503165e-07,0.01236176211386919,52.648392176846045
22,obstacle_free,1,25000,15001,15001,-8.189205978025738,3.820861559677913,-0.46392762660980225,-14.73791790008545,-15.74024486541748,-0.46392762660980225,-122846.27887636423,15001,0.3437611457684581,2.6485444155147757,0.1792985051870346,0.0950070321559906,0.0016782140592113137,34.70945358276367,5156.76094767265,15001,0.353193638822453,2.6605040032844323,0.1562463790178299,0.13272622227668762,0.0017262951005250216,34.90205764770508,5298.257775975624,15001,0.23369155343376594,0.25579937518925683,1.0007550716400146,0.009721855632960796,0.0001238916302099824,1.0123114585876465,3505.606993059948,15001,0.05461285993966968,0.0479075660185856,0.19993998110294342,0.009120072238147259,0.009120072238147259,0.19993998110294342,819.2475119549781,15001,0.15742745470315447,0.08048871080470567,0.19184283912181854,0.4093382954597473,0.024810830131173134,0.744338870048523,2361.5692480020225,15001,6.14940354034232,7.457096006448401,1.7672114372253418,17.757551193237305,0.009841096587479115,76.70207977294922,92247.20250867493,15001,6.185297757951755,7.815313039432647,1.6377010345458984,26.094745635986328,0.007455557584762573,87.16943359375,92785.65166703425,15001,0.2336915533751637,0.255799374858243,1.0007550716400146,0.009721856564283371,0.00012389170296955854,1.0123114585876465,3505.606992180823
22,obstacle_free,25001,50000,25000,25000,-20.106723265419166,2.552153805089173,-15.340226173400879,-22.98519515991211,-26.186124801635742,-13.623526573181152,-502668.08163547516,25000,0.9498245672951704,3.831411537040431,0.06904233992099762,0.4609610140323639,0.02146775647997856,62.02944564819336,23745.614182379097,25000,0.9773245926558202,3.8549428737328775,0.08150455355644226,0.7309451103210449,0.01956690475344658,62.63372802734375,24433.114816395566,25000,0.0006617914991207334,0.002821940024378468,0.0112469382584095,0.0013758178101852536,-0.016776826232671738,0.01535317488014698,16.544787478018407,25000,0.006189045082256219,0.0008935687309046971,0.009118420071899891,0.005980233661830425,0.004687108565121889,0.009118420071899891,154.72612705640495,25000,0.35217909247845014,0.13847457268019872,0.4586523175239563,0.22892658412456512,0.07827459275722504,1.5490273237228394,8804.477311961353,25000,31.630101761364966,25.827316085070784,4.950898170471191,24.209630966186523,1.3115510940551758,259.2997741699219,790752.5440341234,25000,31.01567073738083,25.692740872408535,6.259042263031006,36.9621696472168,0.7297978401184082,265.21868896484375,775391.7684345245,25000,0.0020879121331500617,0.002010417753742758,0.011246939189732075,0.0013758178101852536,7.67453229855164e-08,0.016776826232671738,52.197803328751576
22,obstacle_free,50001,75000,25000,25000,-24.540273445205834,1.1724308099732692,-23.219575881958008,-25.105770111083984,-28.96832275390625,-19.81206512451172,-613506.8361301422,25000,1.100752776529054,4.1474304358184755,0.5600897073745728,0.09411558508872986,0.032255444675683975,61.674259185791016,27518.819413226098,25000,1.1289729469823835,4.174007382655337,1.2976298332214355,0.16538505256175995,0.03205067664384842,61.713035583496094,28224.323674559593,25000,4.877061965846206e-05,0.0019031245389174542,0.001985163427889347,-0.0010241186246275902,-0.020886734127998352,0.007325166370719671,1.219265491461556,25000,0.005588793599661469,0.0003090907380426229,0.005978964734822512,0.005081245210021734,0.004795440007001162,0.006278816144913435,139.719839991536,25000,0.3544463775753949,0.1294968436124757,0.2424210160970688,0.391764760017395,0.11834978312253952,2.1971912384033203,8861.159439384937,25000,42.75681947630391,34.77095436131126,71.60475158691406,13.239197731018066,1.2692980766296387,376.9266052246094,1068920.4869076014,25000,41.30826190493099,32.97407522256055,84.97441101074219,18.712169647216797,1.5442239046096802,310.69964599609375,1032706.5476232767,25000,0.001438597120434001,0.0012468429001368897,0.0019851636607199907,0.001024118741042912,5.4910643143557536e-08,0.020886732265353203,35.96492801084988
22,obstacle_free,75001,100000,25000,25000,-23.099124333419535,1.3248542677958,-24.275667190551758,-24.274978637695312,-28.564319610595703,-18.01291275024414,-577478.108335495,25000,1.229880940651519,5.236492488878931,0.7720852494239807,0.19683486223220825,0.026562921702861786,67.53216552734375,30747.023516288027,25000,1.2224865743332305,5.228371517349952,1.4678691625595093,0.1633003056049347,0.026813499629497528,67.64071655273438,30562.16435833089,25000,4.790388553374251e-05,0.0017191382162160319,-0.0013501531211659312,0.0003300077223684639,-0.013380616903305054,0.00591648044064641,1.1975971383435535,25000,0.004708047737590998,0.0003667001778016717,0.005082520190626383,0.004252214916050434,0.003959327470511198,0.005684958770871162,117.70119343977422,25000,0.28259402904540054,0.12905122216564135,0.2487388700246811,0.21954095363616943,0.11423225700855255,2.9161620140075684,7064.850726135075,25000,32.9237779367826,30.619287430267608,45.720069885253906,50.00328826904297,1.2949696779251099,439.400634765625,823094.4484195709,25000,32.2142639551494,29.110597318223018,40.53419876098633,38.989681243896484,1.229921579360962,388.85455322265625,805356.5988787413,25000,0.001269102149447996,0.0011606232741705564,0.0013501531211659312,0.0003300077223684639,8.380261817819701e-08,0.013380615971982479,31.727553736200022
22,cv_train_v1,100001,125000,25000,25000,-22.610440376968523,1.1266443117535718,-21.533222198486328,-22.992443084716797,-26.969587326049805,-18.165679931640625,-565261.0094242096,25000,1.210959039518614,5.144955425075299,0.10852110385894775,0.15052452683448792,0.03108149580657482,67.64540100097656,30273.97598796524,25000,1.2097768477373472,5.140328326127047,0.08800355345010757,0.12464873492717743,0.02873208187520504,67.28118133544922,30244.421193433926,25000,-0.00011200372333129049,0.0025574674078354663,-0.0003810320922639221,-0.0004391442344058305,-0.021437659859657288,0.00829992163926363,-2.8000930832822633,25000,0.005683203988242893,0.00071412431654649,0.004252920858561993,0.00606500543653965,0.004098564386367798,0.006725903134793043,142.08009970607236,25000,0.28364305014610036,0.14401384220848495,0.19553065299987793,0.25836896896362305,0.11562108993530273,7.887796401977539,7091.076253652573,25000,28.6237518845989,27.888652963742324,25.57358169555664,27.862171173095703,1.6519408226013184,316.91607666015625,715593.7971149683,25000,28.453996664786327,26.784521594237646,11.108757019042969,40.23917770385742,1.2787327766418457,532.6875610351562,711349.9166196585,25000,0.0018873473459950442,0.0017294399063305013,0.00038103206316009164,0.00043914420530200005,6.350703785074074e-08,0.021437659859657288,47.183683649876144
22,cv_train_v1,125001,150000,25000,25000,-24.120421869964584,1.4391713268401647,-22.390329360961914,-26.614612579345703,-29.309114456176758,-18.429122924804688,-603010.546749115,25000,1.2619073279941146,4.757601396813047,0.5296852588653564,0.5489535927772522,0.04711691662669182,68.67222595214844,31547.683199852705,25000,1.2723896462264734,4.756167644375802,0.452154278755188,0.40833330154418945,0.04560096561908722,69.2895736694336,31809.741155661643,25000,-0.00010909965789091036,0.0023544743047857596,-0.0008971659117378294,-0.0016833213157951832,-0.01282011903822422,0.008519239723682404,-2.7274914472727687,25000,0.0074048245237022595,0.0007964977929667237,0.006065144203603268,0.00873611867427826,0.005908115766942501,0.00918859988451004,185.1206130925566,25000,0.3223501379346871,0.14033313490448449,0.2046997994184494,0.23962430655956268,0.1424744725227356,3.2126100063323975,8058.753448367119,25000,29.745573583769758,25.39569879970852,62.565269470214844,57.4844970703125,1.8351515531539917,330.01983642578125,743639.339594245,25000,29.394016788606542,24.83959888539162,54.90024948120117,21.156166076660156,1.8599698543548584,349.283203125,734850.4197151661,25000,0.001823365106798641,0.001493539133779052,0.0008971657953225076,0.0016833211993798614,1.1957520484884299e-07,0.01282011903822422,45.58412766996612
22,cv_train_v1,150001,175000,25000,25000,-27.628687769927964,1.2937012972572755,-25.85866928100586,-28.377103805541992,-32.49018859863281,-22.92865562438965,-690717.1942481995,25000,1.3206654358103835,4.070021245386369,0.22189798951148987,0.20923715829849243,0.08611531555652618,60.1952018737793,33016.63589525968,25000,1.3378049638164144,4.06524854819187,0.17282931506633759,0.23333758115768433,0.07803128659725189,59.310298919677734,33445.12409541011,25000,5.695475352680195e-08,0.0026017094213354143,-0.0013997162459418178,0.00013238034443929791,-0.012304766103625298,0.009571273811161518,0.001423868838173803,25000,0.008523544520791588,0.00040527350592854254,0.008735793642699718,0.009035582654178143,0.007606981322169304,0.009655074216425419,213.0886130197905,25000,0.3809893558031307,0.14201378677937776,0.29746708273887634,0.3732873797416687,0.19245554506778717,4.570315837860107,9524.733895078301,25000,33.25338939336762,25.11966879451917,30.711252212524414,22.469009399414062,3.422550916671753,350.0631103515625,831334.7348341942,25000,33.267625971155034,24.95611750296977,9.783273696899414,9.657896995544434,3.7757034301757812,290.81304931640625,831690.6492788792,25000,0.002050425733088174,0.001601398781409019,0.0013997162459418178,0.0001323804463027045,3.5034716461268545e-08,0.012304766103625298,51.260643327204214
22,cv_train_v1,175001,200000,25000,25000,-29.270063671417304,1.209925292505979,-27.441143035888672,-29.898170471191406,-34.600311279296875,-24.65008544921875,-731751.5917854309,25000,1.3749687333193379,3.674597853076944,1.040423035621643,0.3109455704689026,0.12255989015102386,47.46574783325195,34374.21833298355,25000,1.4017675531816447,3.685297943089684,1.0875614881515503,0.3743269741535187,0.1018013283610344,47.1568489074707,35044.188829541206,25000,-9.589105000632057e-05,0.0028722725934116704,-0.00019401847384870052,0.0053954338654875755,-0.015125417150557041,0.010211189277470112,-2.397276250158029,25000,0.010141112651936695,0.000962407449892519,0.009035379625856876,0.011853297241032124,0.008364456705749035,0.012192506343126297,253.52781629841775,25000,0.44412156693577665,0.14941197843003393,0.3131984770298004,0.5143715739250183,0.22889432311058044,4.346961975097656,11103.039173394442,25000,39.795452305278815,27.653646116771206,15.665602684020996,35.56816482543945,4.860861301422119,313.3677978515625,994886.3076319695,25000,40.02920251155799,28.288079309051525,21.59909439086914,54.56914138793945,4.783310890197754,596.4880981445312,1000730.0627889633,25000,0.002273022059544734,0.0017584963317736821,0.0001940181537065655,0.005395433399826288,1.7475116464993334e-07,0.015125417150557041,56.82555148861826
22,cv_train_v1,200001,225000,25000,25000,-29.73226910079946,1.3328051460162629,-29.756080627441406,-30.164958953857422,-35.656700134277344,-24.411922454833984,-743306.727519989,25000,1.6694348498511355,4.158650584248561,0.4425698518753052,0.7591605186462402,0.1880238950252533,66.85601806640625,41735.871246278286,25000,1.7026296952283408,4.188136075494648,0.5283260345458984,1.1170287132263184,0.16880252957344055,67.22706604003906,42565.742380708456,25000,-3.0676510880584855e-05,0.002756463932598748,0.0043381499126553535,0.00014869787264615297,-0.01267811469733715,0.011352826841175556,-0.7669127720146207,25000,0.01187239586666218,0.0009125139442097058,0.011848381720483303,0.01316444668918848,0.010122764855623245,0.013704279437661171,296.8098966665566,25000,0.5097156737303786,0.16366555545844663,0.41297265887260437,0.5946484208106995,0.2888908386230469,5.411301136016846,12742.891843259335,25000,51.21447229083998,34.50270657102699,51.984657287597656,21.38907814025879,7.800335884094238,544.0415649414062,1280361.8072710037,25000,50.48373558809281,34.465619650994505,36.4671630859375,50.71644592285156,6.96820068359375,577.8055419921875,1262093.38970232,25000,0.0021901208280094074,0.0016739812964758787,0.004338149446994066,0.00014869750884827226,3.225684963581443e-08,0.01267811469733715,54.7530207002353
22,cv_train_v1,225001,250000,25000,25000,-28.239683389740023,1.7195205695950215,-29.119464874267578,-20.761409759521484,-34.76426696777344,-20.761409759521484,-705992.0847434998,25000,1.8095742427241894,4.367611637680969,1.001082181930542,0.4589713215827942,0.2643383741378784,73.41828918457031,45239.356068104506,25000,1.8366821537828475,4.391753774863181,0.5983275771141052,0.4256686270236969,0.2529451847076416,73.52877807617188,45917.05384457111,25000,-7.424065746890843e-06,0.0027336176803758718,-0.0019212866900488734,0.005247622728347778,-0.013319766148924828,0.01033523865044117,-0.18560164367227117,25000,0.0131350288203731,0.00046952771680291896,0.01316357497125864,0.013540590181946754,0.012096486985683441,0.014331867918372154,328.37572050932795,25000,0.5517448895597408,0.16977088551636868,0.5292113423347473,0.5274509787559509,0.2978079915046692,4.3805155754089355,13793.622238993645,25000,56.5624276310729,37.34255897093751,23.812543869018555,24.472841262817383,10.286616325378418,624.1121215820312,1414060.690776825,25000,56.64315073177344,36.688040921715555,39.0876579284668,27.053237915039062,9.76573371887207,484.1007080078125,1416078.7682943344,25000,0.0021751554214218065,0.0016556661444427836,0.0019212866900488734,0.005247623194009066,8.83902373516321e-08,0.013319766148924828,54.378885535545066
22,cv_train_v1,250001,275000,25000,25000,-23.678109650993377,2.073453277983504,-23.423568725585938,-20.530963897705078,-31.244375228881836,-15.869650840759277,-591952.7412748337,25000,2.1104931473577007,5.104546522344142,1.1766530275344849,1.2761681079864502,0.2690455913543701,71.63375091552734,52762.32868394256,25000,2.1778905438530476,5.145462395651654,1.0673840045928955,1.4626530408859253,0.2821897566318512,69.7771987915039,54447.26359632611,25000,-6.443027850997212e-05,0.0030104040111942685,0.0028898431919515133,0.001190475421026349,-0.014799445867538452,0.012251263484358788,-1.6107569627492921,25000,0.01395615617763258,0.0010986006728360652,0.013538369908928871,0.016001425683498383,0.012219796888530254,0.016584385186433792,348.90390444081277,25000,0.5908317261385926,0.17852980717357123,0.6735968589782715,1.556609869003296,0.3587311804294586,7.6749162673950195,14770.793153464794,25000,60.439466332244834,39.54557350416055,36.55712890625,44.52057647705078,12.044265747070312,568.57421875,1510986.6583061218,25000,61.24293460853592,39.42367626524369,33.488101959228516,43.04946517944336,12.158809661865234,558.3069458007812,1531073.3652133942,25000,0.0023802273283965152,0.0018441732414993179,0.0028898431919515133,0.0011904750717803836,5.3448541592615584e-08,0.014799446798861027,59.505683209912874
22,cv_train_v1,275001,300000,25000,25000,-22.91578636245719,1.7884743467200064,-22.7476806640625,-19.619539260864258,-30.205949783325195,-16.12224578857422,-572894.6590614319,25000,2.6332659288585227,5.640808726022374,3.9733400344848633,0.9841549396514893,0.3820134401321411,117.87049865722656,65831.64822146297,25000,2.704617203879353,5.712612808617689,1.517354965209961,1.2064805030822754,0.42810916900634766,102.67426300048828,67615.43009698391,25000,-3.5749854553141655e-05,0.0034949992857013323,0.0015557913575321436,0.0037625934928655624,-0.01849854737520218,0.014051206409931183,-0.8937463638285408,25000,0.016682256021276057,0.0007610568716445609,0.01600043475627899,0.017423931509256363,0.015300020575523376,0.018469076603651047,417.0564005319029,25000,0.6361828823709446,0.1925529026776809,1.4290300607681274,0.568611204624176,0.37200483679771423,7.304571151733398,15904.57205927372,25000,69.03149238399533,44.32025179671578,215.80445861816406,53.91149139404297,13.317488670349121,691.8944091796875,1725787.3095998764,25000,69.61415799297389,44.04865538283707,65.18926239013672,34.9671516418457,13.429269790649414,630.5943603515625,1740353.9498243332,25000,0.0027824412992140755,0.0021151852914631218,0.0015557915903627872,0.0037625927943736315,7.955179626151221e-08,0.01849854551255703,69.56103248035186
33,obstacle_free,1,25000,15001,15001,-9.20782399829384,3.961321432768722,-0.4308801591396332,-15.222323417663574,-16.46480369567871,-0.4308801591396332,-138126.5677984059,15001,0.6710300700499084,3.729180515302147,0.19468413293361664,0.06316874921321869,0.0025123017840087414,68.28067016601562,10066.12208081875,15001,0.6720784624715863,3.748933598322435,0.19774240255355835,0.050512440502643585,0.0024460023269057274,68.69282531738281,10081.849015536252,15001,0.23286158743568217,0.2559508596161284,0.9977668523788452,0.00936346035450697,0.003789192996919155,1.0125277042388916,3493.156673122663,15001,0.05465803590614523,0.047905624444527936,0.19993998110294342,0.008889617398381233,0.008889617398381233,0.19993998110294342,819.9251966280863,15001,0.154997446422848,0.08456399889677192,0.26763415336608887,0.3769911825656891,0.020527899265289307,0.7784758806228638,2325.1166937891394,15001,6.097712959805509,7.001532047169908,1.9202238321304321,10.43584156036377,0.0068227918818593025,76.25662994384766,91471.79211004265,15001,5.751875766311856,6.632393327594091,1.9727857112884521,2.994865655899048,0.008337515406310558,72.93340301513672,86283.88837044407,15001,0.23286158732085702,0.2559508593455246,0.9977667927742004,0.00936346035450697,0.003789192996919155,1.0125278234481812,3493.156671400182
33,obstacle_free,25001,50000,25000,25000,-20.93905497043618,3.174865430762247,-15.209117889404297,-26.196331024169922,-28.866683959960938,-13.80615234375,-523476.3742609024,25000,1.197197739546227,3.7101511253371267,0.624758780002594,0.3411060869693756,0.03105771727859974,66.99393463134766,29929.943488655612,25000,1.1941395463983644,3.6602102449065885,0.5373218655586243,0.2562527656555176,0.03171875327825546,66.32565307617188,29853.488659959286,25000,0.0004419872551661689,0.0026668653822545904,0.010047057643532753,-0.0016402872279286385,-0.021944362670183182,0.011650724336504936,11.049681379154208,25000,0.006951312861312129,0.0005633466108484743,0.008888175711035728,0.007356932386755943,0.005864269100129604,0.008888175711035728,173.78282153280452,25000,0.4418501069509974,0.1592157354141941,0.4276861548423767,0.6326094269752502,0.09979420900344849,2.0758275985717773,11046.252673774958,25000,32.1127853604747,26.776135569236885,13.321940422058105,42.64806365966797,1.5599994659423828,319.7435302734375,802819.6340118647,25000,31.283703835100997,26.551777395991053,7.065185546875,44.89925003051758,1.2663391828536987,313.2862854003906,782092.5958775282,25000,0.0020175548929635915,0.0017991222715625387,0.010047057643532753,0.0016402873443439603,1.2298339413518988e-07,0.021944362670183182,50.43887232409013
33,obstacle_free,50001,75000,25000,25000,-29.76818951271054,1.8368666307799613,-26.005626678466797,-29.257652282714844,-34.958595275878906,-23.661399841308594,-744204.7378177643,25000,1.9801295555505154,4.983195457009078,0.319845974445343,1.0795061588287354,0.08270066231489182,70.31963348388672,49503.23888876289,25000,1.975412268476489,4.94410055815725,0.258835107088089,1.0887413024902344,0.08619680255651474,71.05311584472656,49385.306711912155,25000,6.681461519416182e-05,0.002192942871037633,-0.0018285170663148165,-0.00048179837176576257,-0.013792183250188828,0.008200103417038918,1.6703653798540472,25000,0.007148159130290125,0.0007035412916743147,0.007358907721936703,0.0062033431604504585,0.005854375660419464,0.008580454625189304,178.70397825725377,25000,0.5644015654700976,0.17111252072251384,0.7098285555839539,0.7334731817245483,0.2459447681903839,2.64654803276062,14110.039136752486,25000,62.272010085601714,43.07196260778027,25.95427894592285,82.01062774658203,4.161936283111572,404.172119140625,1556800.2521400452,25000,61.40506751051908,42.90697385494389,20.226991653442383,85.86914825439453,3.9895856380462646,371.720703125,1535126.6877629757,25000,0.0017101290406824413,0.0013743378394997978,0.0018285170663148165,0.0004817983426619321,3.9524624639852846e-07,0.013792183250188828,42.75322601706108
33,obstacle_free,75001,100000,25000,25000,-30.751053043136466,1.2553854488950282,-31.11451530456543,-28.98662567138672,-35.62617492675781,-25.64189338684082,-768776.3260784149,25000,2.036878780375122,5.774229263077538,1.6173937320709229,0.2921142578125,0.0884738489985466,69.18966674804688,50921.969509378076,25000,2.0268976587998857,5.756466326062802,1.5092766284942627,0.21714450418949127,0.08079417794942856,68.44740295410156,50672.44146999717,25000,-4.223702926072325e-05,0.0024455156156815492,0.0018496328266337514,0.0038726497441530228,-0.015948349609971046,0.009727157652378082,-1.055925731518073,25000,0.007669331921189958,0.0006079553716823479,0.006202905438840389,0.007386980578303337,0.0062017845921218395,0.008906788192689419,191.73329802975059,25000,0.5262314345735305,0.17118048781973427,0.5104625225067139,0.7680590152740479,0.2292957454919815,3.236037015914917,13155.785864338279,25000,66.27290156779254,49.635235617436535,122.32180786132812,43.87289810180664,3.958120107650757,392.7113342285156,1656822.5391948223,25000,65.38586991977681,49.96022337102745,99.83226013183594,36.79556655883789,4.421468734741211,407.77093505859375,1634646.747994423,25000,0.0018746770298359527,0.0015709156884237223,0.001849632477387786,0.0038726492784917355,8.018512076546358e-09,0.015948349609971046,46.86692574589865
33,cv_train_v1,100001,125000,25000,25000,-30.77645251831059,1.3142990587690422,-30.30460548400879,-32.12558364868164,-36.39189910888672,-25.666383743286133,-769411.3129577637,25000,1.7082384910351096,5.023646414950461,0.24747687578201294,0.23826128244400024,0.08611717075109482,75.77019500732422,42705.962275877595,25000,1.6876950959375503,5.033586565159943,0.18632566928863525,0.29688897728919983,0.07990936189889908,74.80094146728516,42192.37739843875,25000,-5.761978125810956e-05,0.002644398659181317,0.0026162094436585903,-0.004809059202671051,-0.01844474859535694,0.008671886287629604,-1.440494531452714,25000,0.008511308150757083,0.000508062005594783,0.007385958917438984,0.008655482903122902,0.007105899974703789,0.00958204921334982,212.7827037689276,25000,0.4287893527901183,0.13622896559775632,0.6075443625450134,0.46143126487731934,0.19801104068756104,2.2091305255889893,10719.733819752932,25000,57.1261444199753,47.432659923431,29.866926193237305,34.877479553222656,4.842755317687988,444.42156982421875,1428153.610499382,25000,57.40915720836634,50.8785445622102,18.279621124267578,22.843568801879883,4.283515453338623,505.1182556152344,1435228.9302091599,25000,0.0020622259359926558,0.0016562664412664283,0.0026162094436585903,0.004809059668332338,8.044002797191752e-09,0.01844475045800209,51.55564839981657
33,cv_train_v1,125001,150000,25000,25000,-31.963778686599667,1.339448278441572,-29.400123596191406,-31.35666275024414,-37.414764404296875,-26.14789390563965,-799094.4671649933,25000,1.440154060640636,3.6976238837337023,0.31879478693008423,0.7444925308227539,0.1079665794968605,47.962318420410156,36003.85151601583,25000,1.4288274099385727,3.7343099810694613,0.34052643179893494,0.6360156536102295,0.08917643874883652,48.277976989746094,35720.685248464346,25000,-5.4280619347119044e-05,0.0023452668611216245,-0.0026448764838278294,0.0028928027022629976,-0.01933233253657818,0.008230969309806824,-1.3570154836779693,25000,0.009497661306150255,0.00040711026511036874,0.008657514117658138,0.010438340716063976,0.008541299030184746,0.010516633279621601,237.44153265375644,25000,0.4189602268195158,0.14809045082283095,0.6147593259811401,0.4225623905658722,0.20305466651916504,2.56974196434021,10474.00567048788,25000,56.68426405223836,46.27841661396374,33.04239273071289,76.10809326171875,5.078606128692627,494.8277893066406,1417106.6013059616,25000,57.42653873512287,51.10187302418789,25.433063507080078,68.89093780517578,5.675484657287598,810.6694946289062,1435663.468378067,25000,0.0018259722865910453,0.0014727236607726018,0.002644876018166542,0.0028928029350936413,7.636728582838259e-08,0.01933233067393303,45.64930716477616
33,cv_train_v1,150001,175000,25000,25000,-32.67261171615577,1.3152756812646473,-34.93669891357422,-31.774662017822266,-38.13330078125,-26.681934356689453,-816815.2929039001,25000,1.439733444919586,3.2109218123552843,0.9197610020637512,0.3294249475002289,0.15771980583667755,37.738216400146484,35993.336122989655,25000,1.4011636459004775,3.2066578211278505,1.3829413652420044,0.32755401730537415,0.11354118585586548,37.25600814819336,35029.0911475122,25000,-6.247538681694985e-05,0.0029163144579722835,-0.00015277392230927944,0.002095715142786503,-0.018258094787597656,0.012517310678958893,-1.5618846704237512,25000,0.011763105511516329,0.0005309429988381545,0.010436205193400383,0.01235708687454462,0.010196979157626629,0.012668097391724586,294.0776377879083,25000,0.4156592951869952,0.1418342574428225,0.32761526107788086,0.3308241367340088,0.22703328728675842,3.1127266883850098,10391.482379674911,25000,58.50035935644154,44.705305958790795,67.1281509399414,54.20909118652344,7.982333660125732,500.3546142578125,1462508.9839110374,25000,58.443480791397235,48.28643453792871,102.00899505615234,53.50335693359375,7.696959018707275,687.7400512695312,1461087.0197849274,25000,0.0023026033486668244,0.001790697928760166,0.0001527737913420424,0.002095714909955859,3.8135388535920356e-07,0.018258094787597656,57.565083716670784
33,cv_train_v1,175001,200000,25000,25000,-32.57873452522291,1.3818260129686377,-31.930957794189453,-32.09562683105469,-38.15151596069336,-26.92718505859375,-814468.3631305695,25000,1.4636922539567947,3.1001191081830517,0.5941232442855835,0.449518084526062,0.1892656683921814,40.7969970703125,36592.30634891987,25000,1.4269196225178198,3.137512811305154,0.676069974899292,0.5480142831802368,0.16656838357448578,42.89972686767578,35672.990562945604,25000,-8.1333509672549e-06,0.003060247743920133,0.00437646359205246,0.000562298228032887,-0.015437410213053226,0.012112515047192574,-0.20333377418137388,25000,0.01288121066313245,0.0003282954328040364,0.012354699894785881,0.012740214355289936,0.012022273615002632,0.013782696798443794,322.03026657830924,25000,0.420202132136823,0.1491543372572357,0.3817344009876251,0.3540678322315216,0.2299775779247284,5.224688529968262,10505.053303420544,25000,61.15316762905157,45.326025454721226,21.05686378479004,37.05392837524414,8.920292854309082,492.0899963378906,1528829.1907262802,25000,61.67469164749149,48.98769280459461,77.84581756591797,80.91664123535156,9.430676460266113,669.04052734375,1541867.2911872864,25000,0.0024215043101732192,0.0018711666700662905,0.004376463126391172,0.0005622984026558697,1.439082808474268e-07,0.015437411144375801,60.53760775433027
33,cv_train_v1,200001,225000,25000,25000,-31.609798833389277,1.562933892217107,-32.59809112548828,-32.665611267089844,-37.759178161621094,-24.489673614501953,-790244.970834732,25000,1.518166111246341,3.0647350774706608,0.4670383930206299,0.44861137866973877,0.21398812532424927,40.144710540771484,37954.152781158686,25000,1.4638367756623092,3.069112728369464,0.3623802065849304,0.45366889238357544,0.18043825030326843,41.15834426879883,36595.919391557574,25000,-6.352568441099785e-05,0.0032195573625028754,0.0015563269844278693,-0.0007951668230816722,-0.018057506531476974,0.012483971193432808,-1.58814211027493,25000,0.014290064678080272,0.0010611657440103134,0.012740202248096466,0.015171583741903305,0.012182935141026974,0.016585635021328926,357.2516169520095,25000,0.43464596539795153,0.15836128077451347,0.4922109842300415,0.5398513078689575,0.23685134947299957,3.24394154548645,10866.14913494885,25000,65.68578677932818,49.29811170986182,76.48076629638672,28.457185745239258,11.038541793823242,850.5339965820312,1642144.6694831848,25000,64.75799276630408,53.00592263550468,32.46638870239258,29.529319763183594,10.319559097290039,721.2520141601562,1618949.8191576004,25000,0.0025345733175742785,0.001986269472924526,0.0015563269844278693,0.0007951663574203849,3.3245351005462e-07,0.018057508394122124,63.364332939356984
33,cv_train_v1,225001,250000,25000,25000,-29.475384027481258,2.116636630658127,-29.786357879638672,-26.56975555419922,-37.12664794921875,-20.854736328125,-736884.600687027,25000,1.7292792824983623,3.166476046651765,1.1539828777313232,1.2475932836532593,0.3006744980812073,64.14835357666016,43231.98206245899,25000,1.63012525655746,3.2050291669044477,1.4746145009994507,1.046926736831665,0.25014233589172363,58.54005813598633,40753.131413936615,25000,-3.056551785906771e-05,0.0034828415051468197,0.0006848883349448442,-0.001879325369372964,-0.018212376162409782,0.013461444526910782,-0.7641379464766942,25000,0.01568079792607568,0.0005697135245677739,0.015169601887464523,0.016556547954678535,0.014444561675190926,0.01720397174358368,392.0199481518939,25000,0.4512761621797076,0.18173446333375956,0.3511955142021179,0.4048492908477783,0.2552447021007538,4.283568859100342,11281.904054492712,25000,75.68559593620361,56.32658926082198,67.65190124511719,64.47400665283203,14.080114364624023,937.85400390625,1892139.898405075,25000,72.09115589576746,59.12719018669985,44.681705474853516,41.46815872192383,13.017611503601074,1041.279052734375,1802278.8973941803,25000,0.0027532511736547928,0.0021331722848836887,0.0006848885677754879,0.001879325369372964,7.954292868816992e-08,0.018212376162409782,68.83127934136975
33,cv_train_v1,250001,275000,25000,25000,-23.283534691734193,3.4030256550655795,-28.231643676757812,-20.309162139892578,-33.538124084472656,-11.899972915649414,-582088.3672933578,25000,1.8941629548966858,3.2482290175919406,0.7028836607933044,1.5166382789611816,0.3504965603351593,51.76055908203125,47354.07387241721,25000,1.7838500970089486,3.2444515197364057,0.6110403537750244,1.1228976249694824,0.28215503692626953,48.20574951171875,44596.25242522359,25000,4.7326204699929744e-05,0.0035878148106966534,-0.0011037248186767101,-0.002575203310698271,-0.019049741327762604,0.012524881400167942,1.183155117498245,25000,0.0153622302548587,0.0005387663125268632,0.016560526564717293,0.015178566798567772,0.014432954601943493,0.016849229112267494,384.0557563714683,25000,0.4534695364356073,0.167380926749865,0.4302854835987091,0.47193387150764465,0.26781970262527466,3.314621925354004,11336.738410890102,25000,80.01082054534868,59.43441684557676,39.431846618652344,160.76556396484375,16.423261642456055,772.3308715820312,2000270.513633728,25000,75.7990769281768,63.608642958816084,54.312252044677734,55.362998962402344,15.496604919433594,1007.1963500976562,1894976.923204422,25000,0.0028385729485257984,0.0021947292045128757,0.0011037250515073538,0.002575203077867627,2.681854596175981e-07,0.019049739465117455,70.9643237131447
33,cv_train_v1,275001,300000,25000,25000,-12.783227837591268,3.4730626446191137,-19.553924560546875,-8.462696075439453,-25.13703155517578,-2.411782741546631,-319580.6959397793,25000,2.029815725640053,3.7489828896293282,1.3695268630981445,0.8832258582115173,0.4526464641094208,75.2973403930664,50745.39314100146,25000,1.8969244933569376,3.6737070415920434,0.8495533466339111,0.754244327545166,0.38606464862823486,74.73950958251953,47423.11233392358,25000,-7.937723406648622e-06,0.003647369291574022,-0.0004223049618303776,-0.006441132631152868,-0.01731538027524948,0.014830931089818478,-0.19844308516621822,25000,0.01536100871339443,0.0004670024904769784,0.015179695561528206,0.015898551791906357,0.01405887957662344,0.01655515842139721,384.0252178348601,25000,0.46112252481102955,0.17506923394687499,0.39149484038352966,0.4799482524394989,0.2732009291648865,4.862692832946777,11528.063120275736,25000,76.91688817436226,53.618250615837916,173.3101348876953,30.53786277770996,18.757848739624023,944.5183715820312,1922922.2043590546,25000,72.39729949882508,56.416415548944094,86.01432800292969,28.822423934936523,17.587181091308594,831.3651733398438,1809932.4874706268,25000,0.002887657820443339,0.002228107832593172,0.00042230469989590347,0.006441132631152868,2.485032268850773e-07,0.01731538213789463,72.19144551108391
