case,tick,timestamp_s,detected_ids,arrived_ids,measurement_times_s,generated_detections,offline_target_truth_position_ned_m,target_track_time_s,target_last_measurement_s,target_mean,target_position_covariance_trace
range_entry,0,0.0,[],[],[],[],"[45.1, 50.0, 20.0]",,,,
range_entry,1,0.2,[1],[1],[0.2],"[{'obstacle_id': 1, 'relative_position_body_m': [24.568327535432804, 0.04408249137967882, 0.23138984841242552], 'covariance_body_m2': [[0.04000000000000001, 0.0, 0.0], [0.0, 0.04000000000000001, 0.0], [0.0, 0.0, 0.09]], 'measurement_timestamp_s': 0.2, 'arrival_timestamp_s': 0.2}]","[44.940000000000005, 50.0, 20.0]",0.2,0.2,"[44.6283275354328, 50.044082491379676, 20.231389848412427, 0.0, 0.0, 0.0]",0.17
range_entry,2,0.4,[1],[1],[0.4],"[{'obstacle_id': 1, 'relative_position_body_m': [24.871054969848895, -0.22588638859268562, -0.33691274101471114], 'covariance_body_m2': [[0.04000000000000001, 0.0, 0.0], [0.0, 0.04000000000000001, 0.0], [0.0, 0.0, 0.09]], 'measurement_timestamp_s': 0.4, 'arrival_timestamp_s': 0.4}]","[44.78000000000001, 50.0, 20.0]",0.4,0.4,"[44.870148511853714, 49.86410123833973, 19.895571863937544, 0.6045927432049439, -0.4499831284755186, -0.5166841186949978]",0.10651619037015803
range_entry,3,0.6000000000000001,[1],[1],[0.6000000000000001],"[{'obstacle_id': 1, 'relative_position_body_m': [24.67932102000853, -0.3188160444990071, 0.3357863532396787], 'covariance_body_m2': [[0.04000000000000001, 0.0, 0.0], [0.0, 0.04000000000000001, 0.0], [0.0, 0.0, 0.09]], 'measurement_timestamp_s': 0.6000000000000001, 'arrival_timestamp_s': 0.6000000000000001}]","[44.62000000000001, 50.0, 20.0]",0.6000000000000001,0.6000000000000001,"[44.90323246364661, 49.712154754956664, 20.10132742256772, 0.38497697699225597, -0.6048784197516877, 0.12290656654298993]",0.10451452273178434
range_entry,4,0.8,[1],[1],[0.8],"[{'obstacle_id': 1, 'relative_position_body_m': [24.28470444789406, 0.2707983591412859, -0.25770133388967625], 'covariance_body_m2': [[0.04000000000000001, 0.0, 0.0], [0.0, 0.04000000000000001, 0.0], [0.0, 0.0, 0.09]], 'measurement_timestamp_s': 0.8, 'arrival_timestamp_s': 0.8}]","[44.460000000000015, 50.0, 20.0]",0.8,0.8,"[44.69549963501371, 50.01598005420755, 19.910936266682942, -0.18464077194345718, 0.24496419989011042, -0.27405246396737337]",0.1004399690876175
range_entry,5,1.0,[1],[1],[1.0],"[{'obstacle_id': 1, 'relative_position_body_m': [24.0961217203287, -0.02964949864577648, 0.40831509917877656], 'covariance_body_m2': [[0.04000000000000001, 0.0, 0.0], [0.0, 0.04000000000000001, 0.0], [0.0, 0.0, 0.09]], 'measurement_timestamp_s': 1.0, 'arrival_timestamp_s': 1.0}]","[44.30000000000002, 50.0, 20.0]",1.0,1.0,"[44.51061759765233, 50.01163030237006, 20.14691122493691, -0.4234233554581307, 0.158874658817183, 0.1769491321489457]",0.0924937547260406
range_exit,0,0.0,[1],[1],[0.0],"[{'obstacle_id': 1, 'relative_position_body_m': [24.5883275354328, 0.04408249137967882, 0.23138984841242552], 'covariance_body_m2': [[0.04000000000000001, 0.0, 0.0], [0.0, 0.04000000000000001, 0.0], [0.0, 0.0, 0.09]], 'measurement_timestamp_s': 0.0, 'arrival_timestamp_s': 0.0}]","[44.9, 50.0, 20.0]",0.0,0.0,"[44.588327535432796, 50.044082491379676, 20.231389848412427, 0.0, 0.0, 0.0]",0.17
range_exit,1,0.2,[1],[1],[0.2],"[{'obstacle_id': 1, 'relative_position_body_m': [25.211054969848885, -0.22588638859268562, -0.33691274101471114], 'covariance_body_m2': [[0.04000000000000001, 0.0, 0.0], [0.0, 0.04000000000000001, 0.0], [0.0, 0.0, 0.09]], 'measurement_timestamp_s': 0.2, 'arrival_timestamp_s': 0.2}]","[45.059999999999995, 50.0, 20.0]",0.2,0.2,"[45.04348421550473, 49.86410123833973, 19.895571863937544, 1.137967557097957, -0.4499831284755186, -0.5166841186949978]",0.10651619037015803
range_exit,2,0.4,[],[],[],[],"[45.21999999999999, 50.0, 20.0]",0.4,0.2,"[45.271077726924325, 49.77410461264463, 19.792235040198545, 1.137967557097957, -0.4499831284755186, -0.5166841186949978]",0.27867031919613366
range_exit,3,0.6000000000000001,[],[],[],[],"[45.37999999999999, 50.0, 20.0]",0.6000000000000001,0.2,"[45.49867123834392, 49.68410798694952, 19.688898216459545, 1.137967557097957, -0.4499831284755186, -0.5166841186949978]",0.6230294454445159
range_exit,4,0.8,[],[],[],[],"[45.539999999999985, 50.0, 20.0]",0.8,0.2,"[45.72626474976351, 49.59411136125442, 19.585561392720546, 1.137967557097957, -0.4499831284755186, -0.5166841186949978]",1.1396415691153043
range_exit,5,1.0,[],[],[],[],"[45.69999999999998, 50.0, 20.0]",1.0,0.2,"[45.9538582611831, 49.50411473555931, 19.482224568981547, 1.137967557097957, -0.4499831284755186, -0.5166841186949978]",1.828554690208499
fov_return,0,0.0,[1],[1],[0.0],"[{'obstacle_id': 1, 'relative_position_body_m': [5.175226141248677, -8.316177294625525, 0.23138984841242552], 'covariance_body_m2': [[0.04000000000000001, 0.0, 0.0], [0.0, 0.04000000000000001, 0.0], [0.0, 0.0, 0.09]], 'measurement_timestamp_s': 0.0, 'arrival_timestamp_s': 0.0}]","[30.0, 50.0, 20.0]",0.0,0.0,"[29.792134370874656, 49.76362133885658, 20.231389848412427, 0.0, 0.0, 0.0]",0.17
fov_return,1,0.2,[],[],[],[],"[30.040000000000006, 50.0, 20.0]",0.2,0.0,"[29.792134370874656, 49.76362133885658, 20.231389848412427, 0.0, 0.0, 0.0]",0.29000800000000004
fov_return,2,0.4,[],[],[],[],"[30.080000000000013, 50.0, 20.0]",0.4,0.0,"[29.792134370874656, 49.76362133885658, 20.231389848412427, 0.0, 0.0, 0.0]",0.6500640000000001
fov_return,3,0.6000000000000001,[],[],[],[],"[30.12000000000002, 50.0, 20.0]",0.6000000000000001,0.0,"[29.792134370874656, 49.76362133885658, 20.231389848412427, 0.0, 0.0, 0.0]",1.2502160000000004
fov_return,4,0.8,[],[],[],[],"[30.160000000000025, 50.0, 20.0]",0.8,0.0,"[29.792134370874656, 49.76362133885658, 20.231389848412427, 0.0, 0.0, 0.0]",2.0905120000000004
fov_return,5,1.0,[],[],[],[],"[30.20000000000003, 50.0, 20.0]",1.0,0.0,"[29.792134370874656, 49.76362133885658, 20.231389848412427, 0.0, 0.0, 0.0]",3.1710000000000003
fov_return,6,1.2000000000000002,[],[],[],[],"[30.240000000000038, 50.0, 20.0]",1.2000000000000002,0.0,"[29.792134370874656, 49.76362133885658, 20.231389848412427, 0.0, 0.0, 0.0]",4.491728000000001
fov_return,7,1.4000000000000001,[],[],[],[],"[30.280000000000044, 50.0, 20.0]",1.4000000000000001,0.0,"[29.792134370874656, 49.76362133885658, 20.231389848412427, 0.0, 0.0, 0.0]",6.052744000000001
fov_return,8,1.6,[],[],[],[],"[30.32000000000005, 50.0, 20.0]",1.6,0.0,"[29.792134370874656, 49.76362133885658, 20.231389848412427, 0.0, 0.0, 0.0]",7.854096
fov_return,9,1.8,[],[],[],[],"[30.360000000000056, 50.0, 20.0]",1.8,0.0,"[29.792134370874656, 49.76362133885658, 20.231389848412427, 0.0, 0.0, 0.0]",9.895832
fov_return,10,2.0,[],[],[],[],"[30.400000000000063, 50.0, 20.0]",2.0,0.0,"[29.792134370874656, 49.76362133885658, 20.231389848412427, 0.0, 0.0, 0.0]",12.177999999999999
fov_return,11,2.2,[],[],[],[],"[30.44000000000007, 50.0, 20.0]",2.2,0.0,"[29.792134370874656, 49.76362133885658, 20.231389848412427, 0.0, 0.0, 0.0]",14.700648000000001
fov_return,12,2.4000000000000004,[],[],[],[],"[30.480000000000075, 50.0, 20.0]",2.4000000000000004,0.0,"[29.792134370874656, 49.76362133885658, 20.231389848412427, 0.0, 0.0, 0.0]",17.463824000000006
fov_return,13,2.6,[],[],[],[],"[30.52000000000008, 50.0, 20.0]",2.6,0.0,"[29.792134370874656, 49.76362133885658, 20.231389848412427, 0.0, 0.0, 0.0]",20.467576
fov_return,14,2.8000000000000003,[],[],[],[],"[30.560000000000088, 50.0, 20.0]",2.8000000000000003,0.0,"[29.792134370874656, 49.76362133885658, 20.231389848412427, 0.0, 0.0, 0.0]",23.711952000000004
fov_return,15,3.0,[],[],[],[],"[30.600000000000094, 50.0, 20.0]",3.0,0.0,"[29.792134370874656, 49.76362133885658, 20.231389848412427, 0.0, 0.0, 0.0]",27.197
fov_return,16,3.2,[],[],[],[],"[30.6400000000001, 50.0, 20.0]",3.2,0.0,"[29.792134370874656, 49.76362133885658, 20.231389848412427, 0.0, 0.0, 0.0]",30.922768000000005
fov_return,17,3.4000000000000004,[],[],[],[],"[30.680000000000106, 50.0, 20.0]",3.4000000000000004,0.0,"[29.792134370874656, 49.76362133885658, 20.231389848412427, 0.0, 0.0, 0.0]",34.88930400000001
fov_return,18,3.6,[],[],[],[],"[30.720000000000113, 50.0, 20.0]",3.6,0.0,"[29.792134370874656, 49.76362133885658, 20.231389848412427, 0.0, 0.0, 0.0]",39.096655999999996
fov_return,19,3.8000000000000003,[1],[1],[3.8000000000000003],"[{'obstacle_id': 1, 'relative_position_body_m': [5.7580169375406784, -9.096417454951036, -0.33691274101471114], 'covariance_body_m2': [[0.04000000000000001, 0.0, 0.0], [0.0, 0.04000000000000001, 0.0], [0.0, 0.0, 0.09]], 'measurement_timestamp_s': 3.8000000000000003, 'arrival_timestamp_s': 3.8000000000000003}]","[30.76000000000012, 50.0, 20.0]",3.8000000000000003,3.8000000000000003,"[31.06437102326365, 50.027167631076615, 19.66658133040477, 0.33408661331674383, 0.06920669048061324, -0.14780776210747826]",0.16922654829730308
fov_return,20,4.0,[1],[1],[4.0],"[{'obstacle_id': 1, 'relative_position_body_m': [6.352011368545997, -8.817228472097167, 0.3357863532396787], 'covariance_body_m2': [[0.04000000000000001, 0.0, 0.0], [0.0, 0.04000000000000001, 0.0], [0.0, 0.0, 0.09]], 'measurement_timestamp_s': 4.0, 'arrival_timestamp_s': 4.0}]","[30.800000000000125, 50.0, 20.0]",4.0,4.0,"[31.165878384946023, 50.00138659754642, 20.003666280574162, 0.34335596885650893, 0.05861939048560352, -0.051321116899189126]",0.08928807713580791
fov_return,21,4.2,[1],[1],[4.2],"[{'obstacle_id': 1, 'relative_position_body_m': [6.72055114744118, -7.813384426114545, -0.25770133388967625], 'covariance_body_m2': [[0.04000000000000001, 0.0, 0.0], [0.0, 0.04000000000000001, 0.0], [0.0, 0.0, 0.09]], 'measurement_timestamp_s': 4.2, 'arrival_timestamp_s': 4.2}]","[30.84000000000013, 50.0, 20.0]",4.2,4.2,"[31.03587559443715, 50.0968000462977, 19.90077416240392, 0.2866727130021002, 0.08249668555734035, -0.07682517817279454]",0.06280236474998957
fov_return,22,4.4,[1],[1],[4.4],"[{'obstacle_id': 1, 'relative_position_body_m': [7.268527992578209, -7.659416294224645, 0.40831509917877656], 'covariance_body_m2': [[0.04000000000000001, 0.0, 0.0], [0.0, 0.04000000000000001, 0.0], [0.0, 0.0, 0.09]], 'measurement_timestamp_s': 4.4, 'arrival_timestamp_s': 4.4}]","[30.880000000000138, 50.0, 20.0]",4.4,4.4,"[31.05769440841899, 50.09154645174629, 20.038378450388716, 0.27559383708959073, 0.07571101509525974, -0.03184247819902635]",0.04987667971748665
fov_return,23,4.6000000000000005,[1],[1],[4.6000000000000005],"[{'obstacle_id': 1, 'relative_position_body_m': [8.04885281540242, -7.000449489880159, -0.9094637904817342], 'covariance_body_m2': [[0.04000000000000001, 0.0, 0.0], [0.0, 0.04000000000000001, 0.0], [0.0, 0.0, 0.09]], 'measurement_timestamp_s': 4.6000000000000005, 'arrival_timestamp_s': 4.6000000000000005}]","[30.920000000000144, 50.0, 20.0]",4.6000000000000005,4.6000000000000005,"[31.123133261341984, 50.16552765028626, 19.798087780202795, 0.2791288166229771, 0.09586536796657498, -0.1057140974587572]",0.04246724551614585
fov_return,24,4.800000000000001,[1],[1],[4.800000000000001],"[{'obstacle_id': 1, 'relative_position_body_m': [8.564828869796756, -6.565470300092751, -0.08061999835149684], 'covariance_body_m2': [[0.04000000000000001, 0.0, 0.0], [0.0, 0.04000000000000001, 0.0], [0.0, 0.0, 0.09]], 'measurement_timestamp_s': 4.800000000000001, 'arrival_timestamp_s': 4.800000000000001}]","[30.96000000000015, 50.0, 20.0]",4.800000000000001,4.800000000000001,"[31.210673151273127, 50.205747239596676, 19.808386334043174, 0.29096235820061994, 0.10371848723713419, -0.09509755530096697]",0.03785874693573832
fov_return,25,5.0,[1],[1],[5.0],"[{'obstacle_id': 1, 'relative_position_body_m': [8.266927557775473, -5.88815762367255, 0.2201172154941076], 'covariance_body_m2': [[0.04000000000000001, 0.0, 0.0], [0.0, 0.04000000000000001, 0.0], [0.0, 0.0, 0.09]], 'measurement_timestamp_s': 5.0, 'arrival_timestamp_s': 5.0}]","[31.000000000000156, 50.0, 20.0]",5.0,5.0,"[31.149226640557174, 50.18284769958347, 19.876556484990935, 0.24301626188973657, 0.08622817742842535, -0.06392259126157357]",0.03486121453263846
fov_return,26,5.2,[1],[1],[5.2],"[{'obstacle_id': 1, 'relative_position_body_m': [9.068909500499643, -5.485852694706058, 0.15004285517210747], 'covariance_body_m2': [[0.04000000000000001, 0.0, 0.0], [0.0, 0.04000000000000001, 0.0], [0.0, 0.0, 0.09]], 'measurement_timestamp_s': 5.2, 'arrival_timestamp_s': 5.2}]","[31.040000000000163, 50.0, 20.0]",5.2,5.2,"[31.198276759106044, 50.168275059638844, 19.918134751974844, 0.24320554797327995, 0.0727504135402382, -0.043582081567544735]",0.03285920230049741
fov_return,27,5.4,[1],[1],[5.4],"[{'obstacle_id': 1, 'relative_position_body_m': [9.149202011825267, -4.669418275005457, 0.39254714844772276], 'covariance_body_m2': [[0.04000000000000001, 0.0, 0.0], [0.0, 0.04000000000000001, 0.0], [0.0, 0.0, 0.09]], 'measurement_timestamp_s': 5.4, 'arrival_timestamp_s': 5.4}]","[31.08000000000017, 50.0, 20.0]",5.4,5.4,"[31.18740928481319, 50.17150094014297, 19.99693329727112, 0.21696887360268297, 0.067757698433914, -0.009722625283195778]",0.031496062052280414
fov_return,28,5.6000000000000005,[1],[1],[5.6000000000000005],"[{'obstacle_id': 1, 'relative_position_body_m': [9.544337859512215, -4.285187514536621, 0.2566798959236085], 'covariance_body_m2': [[0.04000000000000001, 0.0, 0.0], [0.0, 0.04000000000000001, 0.0], [0.0, 0.0, 0.09]], 'measurement_timestamp_s': 5.6000000000000005, 'arrival_timestamp_s': 5.6000000000000005}]","[31.120000000000175, 50.0, 20.0]",5.6000000000000005,5.6000000000000005,"[31.2162884709808, 50.13433511770555, 20.04074824472163, 0.21039697888972855, 0.04479396351413863, 0.008385892328102884]",0.030548595618595825
fov_return,29,5.800000000000001,[1],[1],[5.800000000000001],"[{'obstacle_id': 1, 'relative_position_body_m': [9.754903753487312, -3.623306011117372, 0.6013731073968009], 'covariance_body_m2': [[0.04000000000000001, 0.0, 0.0], [0.0, 0.04000000000000001, 0.0], [0.0, 0.0, 0.09]], 'measurement_timestamp_s': 5.800000000000001, 'arrival_timestamp_s': 5.800000000000001}]","[31.16000000000018, 50.0, 20.0]",5.800000000000001,5.800000000000001,"[31.238605460964145, 50.098386143914695, 20.137569034499894, 0.20130838454563682, 0.02414119093157374, 0.04653862153698467]",0.029870416864637095
fov_return,30,6.0,[1],[1],[6.0],"[{'obstacle_id': 1, 'relative_position_body_m': [9.965627660344703, -2.392782344918182, -0.03823521541175207], 'covariance_body_m2': [[0.04000000000000001, 0.0, 0.0], [0.0, 0.04000000000000001, 0.0], [0.0, 0.0, 0.09]], 'measurement_timestamp_s': 6.0, 'arrival_timestamp_s': 6.0}]","[31.200000000000188, 50.0, 20.0]",6.0,6.0,"[31.249189865193213, 50.16339586787832, 20.11602677104718, 0.187564385306638, 0.052012158174495976, 0.034098629256542466]",0.02936339988537106
occlusion_release,0,0.0,"[1, 2]","[1, 2]","[0.0, 0.0]","[{'obstacle_id': 1, 'relative_position_body_m': [9.688327535432801, 0.04408249137967882, 0.23138984841242552], 'covariance_body_m2': [[0.04000000000000001, 0.0, 0.0], [0.0, 0.04000000000000001, 0.0], [0.0, 0.0, 0.09]], 'measurement_timestamp_s': 0.0, 'arrival_timestamp_s': 0.0}, {'obstacle_id': 2, 'relative_position_body_m': [5.211054969848893, -1.2258863885926856, -0.33691274101471114], 'covariance_body_m2': [[0.04000000000000001, 0.0, 0.0], [0.0, 0.04000000000000001, 0.0], [0.0, 0.0, 0.09]], 'measurement_timestamp_s': 0.0, 'arrival_timestamp_s': 0.0}]","[30.0, 50.0, 20.0]",0.0,0.0,"[29.6883275354328, 50.044082491379676, 20.231389848412427, 0.0, 0.0, 0.0]",0.17
occlusion_release,1,0.2,"[1, 2]","[1, 2]","[0.2, 0.2]","[{'obstacle_id': 1, 'relative_position_body_m': [10.219321020008529, -0.3188160444990071, 0.3357863532396787], 'covariance_body_m2': [[0.04000000000000001, 0.0, 0.0], [0.0, 0.04000000000000001, 0.0], [0.0, 0.0, 0.09]], 'measurement_timestamp_s': 0.2, 'arrival_timestamp_s': 0.2}, {'obstacle_id': 2, 'relative_position_body_m': [5.004704447894052, -0.5692016408587175, -0.25770133388967625], 'covariance_body_m2': [[0.04000000000000001, 0.0, 0.0], [0.0, 0.04000000000000001, 0.0], [0.0, 0.0, 0.09]], 'measurement_timestamp_s': 0.2, 'arrival_timestamp_s': 0.2}]","[30.040000000000006, 50.0, 20.0]",0.2,0.2,"[30.082327569448857, 49.80214744604965, 20.29307920983633, 0.9850657495236562, -0.6048779344885771, 0.09491425359486792]",0.10651619037015803
occlusion_release,2,0.4,"[1, 2]","[1, 2]","[0.4, 0.4]","[{'obstacle_id': 1, 'relative_position_body_m': [10.056121720328703, -0.02964949864577648, 0.40831509917877656], 'covariance_body_m2': [[0.04000000000000001, 0.0, 0.0], [0.0, 0.04000000000000001, 0.0], [0.0, 0.0, 0.09]], 'measurement_timestamp_s': 0.4, 'arrival_timestamp_s': 0.4}, {'obstacle_id': 2, 'relative_position_body_m': [5.270030010847982, -0.5431562602531689, -0.9094637904817342], 'covariance_body_m2': [[0.04000000000000001, 0.0, 0.0], [0.0, 0.04000000000000001, 0.0], [0.0, 0.0, 0.09]], 'measurement_timestamp_s': 0.4, 'arrival_timestamp_s': 0.4}]","[30.080000000000013, 50.0, 20.0]",0.4,0.4,"[30.21052499530634, 49.87396618800756, 20.366796692419122, 0.8130035040481559, -0.12282785658684292, 0.20817411600783348]",0.10451452273178433
occlusion_release,3,0.6000000000000001,"[1, 2]","[1, 2]","[0.6000000000000001, 0.6000000000000001]","[{'obstacle_id': 1, 'relative_position_body_m': [10.392902570102937, 0.04360432739355611, -0.08061999835149684], 'covariance_body_m2': [[0.04000000000000001, 0.0, 0.0], [0.0, 0.04000000000000001, 0.0], [0.0, 0.0, 0.09]], 'measurement_timestamp_s': 0.6000000000000001, 'arrival_timestamp_s': 0.6000000000000001}, {'obstacle_id': 2, 'relative_position_body_m': [4.5580694230585195, -0.36056315197004585, 0.2201172154941076], 'covariance_body_m2': [[0.04000000000000001, 0.0, 0.0], [0.0, 0.04000000000000001, 0.0], [0.0, 0.0, 0.09]], 'measurement_timestamp_s': 0.6000000000000001, 'arrival_timestamp_s': 0.6000000000000001}]","[30.12000000000002, 50.0, 20.0]",0.6000000000000001,0.6000000000000001,"[30.497997685437262, 49.97078905973234, 20.134370379567898, 1.0628182236963486, 0.12001779704554161, -0.29789553689373455]",0.10043996908761751
occlusion_release,4,0.8,[2],[2],[0.8],"[{'obstacle_id': 2, 'relative_position_body_m': [4.921878059140475, -0.39035501062754896, 0.15004285517210747], 'covariance_body_m2': [[0.04000000000000001, 0.0, 0.0], [0.0, 0.04000000000000001, 0.0], [0.0, 0.0, 0.09]], 'measurement_timestamp_s': 0.8, 'arrival_timestamp_s': 0.8}]","[30.160000000000025, 50.0, 20.0]",0.8,0.6000000000000001,"[30.71056133017653, 49.99479261914145, 20.074791272189152, 1.0628182236963486, 0.12001779704554161, -0.29789553689373455]",0.20349353895488168
occlusion_release,5,1.0,[2],[2],[1.0],"[{'obstacle_id': 2, 'relative_position_body_m': [4.60509360518915, -0.03383624632798282, 0.39254714844772276], 'covariance_body_m2': [[0.04000000000000001, 0.0, 0.0], [0.0, 0.04000000000000001, 0.0], [0.0, 0.0, 0.09]], 'measurement_timestamp_s': 1.0, 'arrival_timestamp_s': 1.0}]","[30.20000000000003, 50.0, 20.0]",1.0,0.6000000000000001,"[30.9231249749158, 50.01879617855056, 20.015212164810404, 1.0628182236963486, 0.12001779704554161, -0.29789553689373455]",0.3581507800949495
occlusion_release,6,1.2000000000000002,[2],[2],[1.2000000000000002],"[{'obstacle_id': 2, 'relative_position_body_m': [4.646349131559071, -0.13439839723063585, 0.2566798959236085], 'covariance_body_m2': [[0.04000000000000001, 0.0, 0.0], [0.0, 0.04000000000000001, 0.0], [0.0, 0.0, 0.09]], 'measurement_timestamp_s': 1.2000000000000002, 'arrival_timestamp_s': 1.2000000000000002}]","[30.240000000000038, 50.0, 20.0]",1.2000000000000002,0.6000000000000001,"[31.13568861965507, 50.04279973795966, 19.95563305743166, 1.0628182236963486, 0.12001779704554161, -0.29789553689373455]",0.5644596925078214
occlusion_release,7,1.4000000000000001,[2],[2],[1.4000000000000001],"[{'obstacle_id': 2, 'relative_position_body_m': [4.5480984960953394, 0.02088837435646812, 0.6013731073968009], 'covariance_body_m2': [[0.04000000000000001, 0.0, 0.0], [0.0, 0.04000000000000001, 0.0], [0.0, 0.0, 0.09]], 'measurement_timestamp_s': 1.4000000000000001, 'arrival_timestamp_s': 1.4000000000000001}]","[30.280000000000044, 50.0, 20.0]",1.4000000000000001,0.6000000000000001,"[31.34825226439434, 50.06680329736877, 19.89605395005291, 1.0628182236963486, 0.12001779704554161, -0.29789553689373455]",0.8224682761934965
occlusion_release,8,1.6,[2],[2],[1.6],"[{'obstacle_id': 2, 'relative_position_body_m': [4.496703544104787, 0.7262134516733189, -0.03823521541175207], 'covariance_body_m2': [[0.04000000000000001, 0.0, 0.0], [0.0, 0.04000000000000001, 0.0], [0.0, 0.0, 0.09]], 'measurement_timestamp_s': 1.6, 'arrival_timestamp_s': 1.6}]","[30.32000000000005, 50.0, 20.0]",1.6,0.6000000000000001,"[31.56081590913361, 50.09080685677788, 19.836474842674164, 1.0628182236963486, 0.12001779704554161, -0.29789553689373455]",1.1322245311519756
occlusion_release,9,1.8,[2],[2],[1.8],"[{'obstacle_id': 2, 'relative_position_body_m': [4.452870742715829, 0.5141641236306419, 0.4271981779938319], 'covariance_body_m2': [[0.04000000000000001, 0.0, 0.0], [0.0, 0.04000000000000001, 0.0], [0.0, 0.0, 0.09]], 'measurement_timestamp_s': 1.8, 'arrival_timestamp_s': 1.8}]","[30.360000000000056, 50.0, 20.0]",1.8,0.6000000000000001,"[31.773379553872882, 50.11481041618699, 19.776895735295415, 1.0628182236963486, 0.12001779704554161, -0.29789553689373455]",1.4937764573832584
occlusion_release,10,2.0,"[1, 2]","[1, 2]","[2.0, 2.0]","[{'obstacle_id': 1, 'relative_position_body_m': [9.773271982772615, -0.26660323017911053, -0.6596085255753782], 'covariance_body_m2': [[0.04000000000000001, 0.0, 0.0], [0.0, 0.04000000000000001, 0.0], [0.0, 0.0, 0.09]], 'measurement_timestamp_s': 2.0, 'arrival_timestamp_s': 2.0}, {'obstacle_id': 2, 'relative_position_body_m': [4.511155514916476, 0.4815239109871362, -0.3071777583850977], 'covariance_body_m2': [[0.04000000000000001, 0.0, 0.0], [0.0, 0.04000000000000001, 0.0], [0.0, 0.0, 0.09]], 'measurement_timestamp_s': 2.0, 'arrival_timestamp_s': 2.0}]","[30.400000000000063, 50.0, 20.0]",2.0,2.0,"[30.494272849244837, 49.76381576204926, 19.37394727580584, 0.20168221473678616, -0.09646734333259671, -0.49512592566700575]",0.15598523413191426
occlusion_release,11,2.2,"[1, 2]","[1, 2]","[2.2, 2.2]","[{'obstacle_id': 1, 'relative_position_body_m': [9.723029999205522, 0.2756940150540694, -0.2975159376777499], 'covariance_body_m2': [[0.04000000000000001, 0.0, 0.0], [0.0, 0.04000000000000001, 0.0], [0.0, 0.0, 0.09]], 'measurement_timestamp_s': 2.2, 'arrival_timestamp_s': 2.2}, {'obstacle_id': 2, 'relative_position_body_m': [4.271418811772128, 0.7051514888914091, -0.3705155659686289], 'covariance_body_m2': [[0.04000000000000001, 0.0, 0.0], [0.0, 0.04000000000000001, 0.0], [0.0, 0.0, 0.09]], 'measurement_timestamp_s': 2.2, 'arrival_timestamp_s': 2.2}]","[30.44000000000007, 50.0, 20.0]",2.2,2.2,"[30.45337078129556, 50.02920233673656, 19.502311390614523, 0.15835368578528305, 0.055366649735858836, -0.3746686265008814]",0.09074027597897763
occlusion_release,12,2.4000000000000004,"[1, 2]","[1, 2]","[2.4000000000000004, 2.4000000000000004]","[{'obstacle_id': 1, 'relative_position_body_m': [10.185654403929425, 0.2404006658586858, 0.4165945382499247], 'covariance_body_m2': [[0.04000000000000001, 0.0, 0.0], [0.0, 0.04000000000000001, 0.0], [0.0, 0.0, 0.09]], 'measurement_timestamp_s': 2.4000000000000004, 'arrival_timestamp_s': 2.4000000000000004}, {'obstacle_id': 2, 'relative_position_body_m': [4.001236298305804, 1.0934466325150902, -0.09361873354715992], 'covariance_body_m2': [[0.04000000000000001, 0.0, 0.0], [0.0, 0.04000000000000001, 0.0], [0.0, 0.0, 0.09]], 'measurement_timestamp_s': 2.4000000000000004, 'arrival_timestamp_s': 2.4000000000000004}]","[30.480000000000075, 50.0, 20.0]",2.4000000000000004,2.4000000000000004,"[30.652244086152997, 50.119829610175394, 19.818343139945306, 0.24289924668900953, 0.09559290264041007, -0.17917600109033932]",0.06737215490036305
occlusion_release,13,2.6,"[1, 2]","[1, 2]","[2.6, 2.6]","[{'obstacle_id': 1, 'relative_position_body_m': [9.737320715530085, 0.023378887912271985, -0.0015184851749187724], 'covariance_body_m2': [[0.04000000000000001, 0.0, 0.0], [0.0, 0.04000000000000001, 0.0], [0.0, 0.0, 0.09]], 'measurement_timestamp_s': 2.6, 'arrival_timestamp_s': 2.6}, {'obstacle_id': 2, 'relative_position_body_m': [4.602714892924644, 1.0759875538492352, 0.04010018793809777], 'covariance_body_m2': [[0.04000000000000001, 0.0, 0.0], [0.0, 0.04000000000000001, 0.0], [0.0, 0.0, 0.09]], 'measurement_timestamp_s': 2.6, 'arrival_timestamp_s': 2.6}]","[30.52000000000008, 50.0, 20.0]",2.6,2.6,"[30.64089486302225, 50.10120519565632, 19.852629917721544, 0.21368914807148462, 0.07719654571319735, -0.14560166452655204]",0.055347723269223284
occlusion_release,14,2.8000000000000003,"[1, 2]","[1, 2]","[2.8000000000000003, 2.8000000000000003]","[{'obstacle_id': 1, 'relative_position_body_m': [9.632252496550317, -0.049568152063158455, 0.2489040933134352], 'covariance_body_m2': [[0.04000000000000001, 0.0, 0.0], [0.0, 0.04000000000000001, 0.0], [0.0, 0.0, 0.09]], 'measurement_timestamp_s': 2.8000000000000003, 'arrival_timestamp_s': 2.8000000000000003}, {'obstacle_id': 2, 'relative_position_body_m': [3.782127808756118, 1.3268089091047492, 0.04822386816509078], 'covariance_body_m2': [[0.04000000000000001, 0.0, 0.0], [0.0, 0.04000000000000001, 0.0], [0.0, 0.0, 0.09]], 'measurement_timestamp_s': 2.8000000000000003, 'arrival_timestamp_s': 2.8000000000000003}]","[30.560000000000088, 50.0, 20.0]",2.8000000000000003,2.8000000000000003,"[30.62367192546124, 50.0694961029892, 19.94330849623164, 0.185218289956179, 0.054809316170843864, -0.09019267856810385]",0.0480387040756176
occlusion_release,15,3.0,"[1, 2]","[1, 2]","[3.0, 3.0]","[{'obstacle_id': 1, 'relative_position_body_m': [9.830551555841415, 0.11967896329117245, 0.5462581641788866], 'covariance_body_m2': [[0.04000000000000001, 0.0, 0.0], [0.0, 0.04000000000000001, 0.0], [0.0, 0.0, 0.09]], 'measurement_timestamp_s': 3.0, 'arrival_timestamp_s': 3.0}, {'obstacle_id': 2, 'relative_position_body_m': [4.042771371366271, 1.1702343793017125, 0.2660689231012785], 'covariance_body_m2': [[0.04000000000000001, 0.0, 0.0], [0.0, 0.04000000000000001, 0.0], [0.0, 0.0, 0.09]], 'measurement_timestamp_s': 3.0, 'arrival_timestamp_s': 3.0}]","[30.600000000000094, 50.0, 20.0]",3.0,3.0,"[30.67853074178211, 50.09046324357123, 20.082148650560374, 0.1935141200104247, 0.05946838677732581, -0.01972542999832863]",0.043144475961986256
dropout_return,0,0.0,[1],[1],[0.0],"[{'obstacle_id': 1, 'relative_position_body_m': [9.688327535432801, 0.04408249137967882, 0.23138984841242552], 'covariance_body_m2': [[0.04000000000000001, 0.0, 0.0], [0.0, 0.04000000000000001, 0.0], [0.0, 0.0, 0.09]], 'measurement_timestamp_s': 0.0, 'arrival_timestamp_s': 0.0}]","[30.0, 50.0, 20.0]",0.0,0.0,"[29.6883275354328, 50.044082491379676, 20.231389848412427, 0.0, 0.0, 0.0]",0.17
dropout_return,1,0.2,[],[],[],[],"[30.040000000000006, 50.0, 20.0]",0.2,0.0,"[29.6883275354328, 50.044082491379676, 20.231389848412427, 0.0, 0.0, 0.0]",0.29000800000000004
dropout_return,2,0.4,[],[],[],[],"[30.080000000000013, 50.0, 20.0]",0.4,0.0,"[29.6883275354328, 50.044082491379676, 20.231389848412427, 0.0, 0.0, 0.0]",0.6500640000000001
dropout_return,3,0.6000000000000001,[],[],[],[],"[30.12000000000002, 50.0, 20.0]",0.6000000000000001,0.0,"[29.6883275354328, 50.044082491379676, 20.231389848412427, 0.0, 0.0, 0.0]",1.2502160000000004
dropout_return,4,0.8,[1],[1],[0.8],"[{'obstacle_id': 1, 'relative_position_body_m': [10.13105496984891, -0.22588638859268562, -0.33691274101471114], 'covariance_body_m2': [[0.04000000000000001, 0.0, 0.0], [0.0, 0.04000000000000001, 0.0], [0.0, 0.0, 0.09]], 'measurement_timestamp_s': 0.8, 'arrival_timestamp_s': 0.8}]","[30.160000000000025, 50.0, 20.0]",0.8,0.8,"[30.333134656455645, 49.78910832821365, 19.725448954089938, 0.7587096303726731, -0.30001429386110245, -0.5545479091794633]",0.15568061551463752
delay_1,0,0.0,[1],[],[],"[{'obstacle_id': 1, 'relative_position_body_m': [9.688327535432801, 0.04408249137967882, 0.23138984841242552], 'covariance_body_m2': [[0.04000000000000001, 0.0, 0.0], [0.0, 0.04000000000000001, 0.0], [0.0, 0.0, 0.09]], 'measurement_timestamp_s': 0.0, 'arrival_timestamp_s': 0.2}]","[30.0, 50.0, 20.0]",,,,
delay_1,1,0.2,[1],[1],[0.0],"[{'obstacle_id': 1, 'relative_position_body_m': [10.191054969848897, -0.22588638859268562, -0.33691274101471114], 'covariance_body_m2': [[0.04000000000000001, 0.0, 0.0], [0.0, 0.04000000000000001, 0.0], [0.0, 0.0, 0.09]], 'measurement_timestamp_s': 0.2, 'arrival_timestamp_s': 0.4}]","[30.040000000000006, 50.0, 20.0]",0.2,0.0,"[29.6883275354328, 50.044082491379676, 20.231389848412427, 0.0, 0.0, 0.0]",0.29000800000000004
delay_1,2,0.4,[1],[1],[0.2],"[{'obstacle_id': 1, 'relative_position_body_m': [10.199321020008533, -0.3188160444990071, 0.3357863532396787], 'covariance_body_m2': [[0.04000000000000001, 0.0, 0.0], [0.0, 0.04000000000000001, 0.0], [0.0, 0.0, 0.09]], 'measurement_timestamp_s': 0.4, 'arrival_timestamp_s': 0.6000000000000001}]","[30.080000000000013, 50.0, 20.0]",0.4,0.2,"[30.25107372701322, 49.77410461264463, 19.792235040198545, 0.9379520018880831, -0.4499831284755186, -0.5166841186949978]",0.27867031919613366
delay_1,3,0.6000000000000001,[1],[1],[0.4],"[{'obstacle_id': 1, 'relative_position_body_m': [10.004704447894065, 0.2707983591412859, -0.25770133388967625], 'covariance_body_m2': [[0.04000000000000001, 0.0, 0.0], [0.0, 0.04000000000000001, 0.0], [0.0, 0.0, 0.09]], 'measurement_timestamp_s': 0.6000000000000001, 'arrival_timestamp_s': 0.8}]","[30.12000000000002, 50.0, 20.0]",0.6000000000000001,0.4,"[30.506917486214043, 49.59117907100633, 20.12590873587632, 1.0517177096679868, -0.6048784197516877, 0.12290656654298981]",0.2480943246623421
delay_1,4,0.8,[1],[1],[0.6000000000000001],"[{'obstacle_id': 1, 'relative_position_body_m': [10.01612172032871, -0.02964949864577648, 0.40831509917877656], 'covariance_body_m2': [[0.04000000000000001, 0.0, 0.0], [0.0, 0.04000000000000001, 0.0], [0.0, 0.0, 0.09]], 'measurement_timestamp_s': 0.8, 'arrival_timestamp_s': 1.0}]","[30.160000000000025, 50.0, 20.0]",0.8,0.6000000000000001,"[30.435275961893545, 50.06497289418557, 19.856125773889467, 0.6488004038333536, 0.24496419989011087, -0.2740524639673735]",0.20349353895488168
delay_1,5,1.0,[1],[1],[0.8],"[{'obstacle_id': 1, 'relative_position_body_m': [10.290030010848007, 0.13684373974683794, -0.9094637904817342], 'covariance_body_m2': [[0.04000000000000001, 0.0, 0.0], [0.0, 0.04000000000000001, 0.0], [0.0, 0.0, 0.09]], 'measurement_timestamp_s': 1.0, 'arrival_timestamp_s': 1.2}]","[30.20000000000003, 50.0, 20.0]",1.0,0.8,"[30.431439623365915, 50.043405234133495, 20.1823010513667, 0.48580192138032363, 0.15887465881718343, 0.1769491321489456]",0.16567620724554416
delay_1,6,1.2000000000000002,[1],[1],[1.0],"[{'obstacle_id': 1, 'relative_position_body_m': [10.332902570102949, 0.04360432739355611, -0.08061999835149684], 'covariance_body_m2': [[0.04000000000000001, 0.0, 0.0], [0.0, 0.04000000000000001, 0.0], [0.0, 0.0, 0.09]], 'measurement_timestamp_s': 1.2000000000000002, 'arrival_timestamp_s': 1.4000000000000001}]","[30.240000000000038, 50.0, 20.0]",1.2000000000000002,1.0,"[30.63010545281517, 50.13498528560931, 19.551787819844048, 0.5931321817216796, 0.22211165125166493, -0.514672038382433]",0.1372632639568117
delay_2,0,0.0,[1],[],[],"[{'obstacle_id': 1, 'relative_position_body_m': [9.688327535432801, 0.04408249137967882, 0.23138984841242552], 'covariance_body_m2': [[0.04000000000000001, 0.0, 0.0], [0.0, 0.04000000000000001, 0.0], [0.0, 0.0, 0.09]], 'measurement_timestamp_s': 0.0, 'arrival_timestamp_s': 0.4}]","[30.0, 50.0, 20.0]",,,,
delay_2,1,0.2,[1],[],[],"[{'obstacle_id': 1, 'relative_position_body_m': [10.191054969848897, -0.22588638859268562, -0.33691274101471114], 'covariance_body_m2': [[0.04000000000000001, 0.0, 0.0], [0.0, 0.04000000000000001, 0.0], [0.0, 0.0, 0.09]], 'measurement_timestamp_s': 0.2, 'arrival_timestamp_s': 0.6000000000000001}]","[30.040000000000006, 50.0, 20.0]",,,,
delay_2,2,0.4,[1],[1],[0.0],"[{'obstacle_id': 1, 'relative_position_body_m': [10.199321020008533, -0.3188160444990071, 0.3357863532396787], 'covariance_body_m2': [[0.04000000000000001, 0.0, 0.0], [0.0, 0.04000000000000001, 0.0], [0.0, 0.0, 0.09]], 'measurement_timestamp_s': 0.4, 'arrival_timestamp_s': 0.8}]","[30.080000000000013, 50.0, 20.0]",0.4,0.0,"[29.6883275354328, 50.044082491379676, 20.231389848412427, 0.0, 0.0, 0.0]",0.6500640000000001
delay_2,3,0.6000000000000001,[1],[1],[0.2],"[{'obstacle_id': 1, 'relative_position_body_m': [10.004704447894065, 0.2707983591412859, -0.25770133388967625], 'covariance_body_m2': [[0.04000000000000001, 0.0, 0.0], [0.0, 0.04000000000000001, 0.0], [0.0, 0.0, 0.09]], 'measurement_timestamp_s': 0.6000000000000001, 'arrival_timestamp_s': 1.0}]","[30.12000000000002, 50.0, 20.0]",0.6000000000000001,0.2,"[30.43866412739084, 49.68410798694952, 19.688898216459545, 0.9379520018880831, -0.4499831284755186, -0.5166841186949978]",0.6230294454445159
delay_2,4,0.8,[1],[1],[0.4],"[{'obstacle_id': 1, 'relative_position_body_m': [10.01612172032871, -0.02964949864577648, 0.40831509917877656], 'covariance_body_m2': [[0.04000000000000001, 0.0, 0.0], [0.0, 0.04000000000000001, 0.0], [0.0, 0.0, 0.09]], 'measurement_timestamp_s': 0.8, 'arrival_timestamp_s': 1.2000000000000002}]","[30.160000000000025, 50.0, 20.0]",0.8,0.4,"[30.71726102814764, 49.47020338705599, 20.150490049184917, 1.0517177096679868, -0.6048784197516877, 0.12290656654298981]",0.48745851662383444
delay_2,5,1.0,[1],[1],[0.6000000000000001],"[{'obstacle_id': 1, 'relative_position_body_m': [10.290030010848007, 0.13684373974683794, -0.9094637904817342], 'covariance_body_m2': [[0.04000000000000001, 0.0, 0.0], [0.0, 0.04000000000000001, 0.0], [0.0, 0.0, 0.09]], 'measurement_timestamp_s': 1.0, 'arrival_timestamp_s': 1.4}]","[30.20000000000003, 50.0, 20.0]",1.0,0.6000000000000001,"[30.565036042660218, 50.1139657341636, 19.80131528109599, 0.6488004038333536, 0.24496419989011087, -0.2740524639673735]",0.3581507800949495
delay_2,6,1.2000000000000002,[1],[1],[0.8],"[{'obstacle_id': 1, 'relative_position_body_m': [10.332902570102949, 0.04360432739355611, -0.08061999835149684], 'covariance_body_m2': [[0.04000000000000001, 0.0, 0.0], [0.0, 0.04000000000000001, 0.0], [0.0, 0.0, 0.09]], 'measurement_timestamp_s': 1.2000000000000002, 'arrival_timestamp_s': 1.6}]","[30.240000000000038, 50.0, 20.0]",1.2000000000000002,0.8,"[30.528600007641977, 50.07518016589693, 20.21769087779649, 0.48580192138032363, 0.15887465881718343, 0.1769491321489456]",0.2682208267017218
