case,timestamp_s,control_step,north_m,east_m,down_m,yaw_rad,pitch_rad,speed_mps,yaw_rate_rad_s,pitch_rate_rad_s,offline_truth_obstacles,reference_north_m,reference_east_m,reference_down_m,max_position_error_m
straight_3d,0.0,0,50.0,50.0,20.0,0.4,0.2,0.8,0.0,0.0,[],50.0,50.0,20.0,0.0
straight_3d,0.2,1,50.144432175420064,50.061064944335214,19.968212907072797,0.4,0.2,0.8,0.0,0.0,[],50.14443217542007,50.06106494433521,19.96821290707279,7.105427357601002e-15
straight_3d,0.39999999999999997,2,50.28886435084013,50.12212988867043,19.936425814145593,0.4,0.2,0.8,0.0,0.0,[],50.28886435084015,50.122129888670415,19.93642581414558,2.1316282072803006e-14
straight_3d,0.6,3,50.43329652626019,50.18319483300564,19.90463872121839,0.4,0.2,0.8,0.0,0.0,[],50.43329652626022,50.18319483300562,19.90463872121837,2.842170943040401e-14
straight_3d,0.8000000000000002,4,50.57772870168026,50.24425977734086,19.872851628291187,0.4,0.2,0.8,0.0,0.0,[],50.57772870168029,50.24425977734083,19.872851628291162,3.552713678800501e-14
straight_3d,1.0000000000000002,5,50.72216087710032,50.30532472167607,19.841064535363984,0.4,0.2,0.8,0.0,0.0,[],50.722160877100364,50.30532472167604,19.84106453536395,4.263256414560601e-14
straight_3d,1.2000000000000004,6,50.866593052520386,50.36638966601129,19.80927744243678,0.4,0.2,0.8,0.0,0.0,[],50.86659305252044,50.366389666011244,19.80927744243674,5.684341886080802e-14
straight_3d,1.4000000000000006,7,51.01102522794045,50.4274546103465,19.777490349509577,0.4,0.2,0.8,0.0,0.0,[],51.011025227940515,50.42745461034645,19.77749034950953,6.394884621840902e-14
straight_3d,1.6000000000000008,8,51.155457403360515,50.488519554681716,19.745703256582374,0.4,0.2,0.8,0.0,0.0,[],51.155457403360586,50.48851955468166,19.74570325658232,7.105427357601002e-14
straight_3d,1.800000000000001,9,51.29988957878058,50.54958449901693,19.71391616365517,0.4,0.2,0.8,0.0,0.0,[],51.299889578780665,50.549584499016866,19.71391616365511,8.526512829121202e-14
straight_3d,2.000000000000001,10,51.444321754200644,50.610649443352145,19.682129070727967,0.4,0.2,0.8,0.0,0.0,[],51.444321754200736,50.610649443352074,19.682129070727903,9.237055564881302e-14
straight_3d,2.2,11,51.58875392962071,50.67171438768736,19.650341977800764,0.4,0.2,0.8,0.0,0.0,[],51.58875392962081,50.67171438768729,19.650341977800693,9.947598300641403e-14
straight_3d,2.3999999999999995,12,51.73318610504077,50.732779332022574,19.61855488487356,0.4,0.2,0.8,0.0,0.0,[],51.733186105040886,50.732779332022496,19.618554884873483,1.1368683772161603e-13
straight_3d,2.5999999999999988,13,51.87761828046084,50.79384427635779,19.586767791946357,0.4,0.2,0.8,0.0,0.0,[],51.87761828046096,50.7938442763577,19.586767791946272,1.2079226507921703e-13
straight_3d,2.799999999999998,14,52.0220504558809,50.854909220693,19.554980699019154,0.4,0.2,0.8,0.0,0.0,[],52.02205045588103,50.85490922069291,19.55498069901906,1.2789769243681803e-13
straight_3d,2.9999999999999973,15,52.166482631300966,50.91597416502822,19.52319360609195,0.4,0.2,0.8,0.0,0.0,[],52.16648263130111,50.91597416502812,19.52319360609185,1.4210854715202004e-13
straight_3d,3.1999999999999966,16,52.31091480672103,50.97703910936343,19.491406513164748,0.4,0.2,0.8,0.0,0.0,[],52.31091480672118,50.977039109363325,19.491406513164645,1.4921397450962104e-13
straight_3d,3.399999999999996,17,52.455346982141094,51.038104053698646,19.459619420237544,0.4,0.2,0.8,0.0,0.0,[],52.45534698214125,51.03810405369853,19.459619420237434,1.5631940186722204e-13
straight_3d,3.599999999999995,18,52.59977915756116,51.09916899803386,19.42783232731034,0.4,0.2,0.8,0.0,0.0,[],52.59977915756132,51.09916899803374,19.427832327310224,1.6342482922482304e-13
straight_3d,3.7999999999999945,19,52.74421133298122,51.160233942369075,19.396045234383138,0.4,0.2,0.8,0.0,0.0,[],52.7442113329814,51.16023394236895,19.396045234383013,1.7763568394002505e-13
straight_3d,3.999999999999994,20,52.88864350840129,51.22129888670429,19.364258141455934,0.4,0.2,0.8,0.0,0.0,[],52.88864350840147,51.221298886704155,19.364258141455803,1.8474111129762605e-13
straight_3d,4.199999999999993,21,53.03307568382135,51.282363831039504,19.33247104852873,0.4,0.2,0.8,0.0,0.0,[],53.033075683821544,51.28236383103936,19.332471048528593,1.9184653865522705e-13
straight_3d,4.399999999999992,22,53.177507859241416,51.34342877537472,19.300683955601528,0.4,0.2,0.8,0.0,0.0,[],53.17750785924162,51.34342877537457,19.300683955601386,2.0605739337042905e-13
straight_3d,4.599999999999992,23,53.32194003466148,51.40449371970993,19.268896862674325,0.4,0.2,0.8,0.0,0.0,[],53.321940034661694,51.40449371970978,19.268896862674175,2.1316282072803006e-13
straight_3d,4.799999999999991,24,53.466372210081545,51.46555866404515,19.23710976974712,0.4,0.2,0.8,0.0,0.0,[],53.466372210081765,51.465558664044984,19.237109769746965,2.2026824808563106e-13
straight_3d,4.99999999999999,25,53.61080438550161,51.52662360838036,19.205322676819918,0.4,0.2,0.8,0.0,0.0,[],53.61080438550184,51.52662360838019,19.205322676819755,2.2737367544323206e-13
straight_3d,5.1999999999999895,26,53.755236560921674,51.587688552715576,19.173535583892715,0.4,0.2,0.8,0.0,0.0,[],53.755236560921915,51.5876885527154,19.173535583892544,2.4158453015843406e-13
straight_3d,5.399999999999989,27,53.89966873634174,51.64875349705079,19.14174849096551,0.4,0.2,0.8,0.0,0.0,[],53.89966873634199,51.648753497050606,19.141748490965334,2.4868995751603507e-13
straight_3d,5.599999999999988,28,54.0441009117618,51.709818441386005,19.10996139803831,0.4,0.2,0.8,0.0,0.0,[],54.04410091176206,51.70981844138581,19.109961398038127,2.5579538487363607e-13
straight_3d,5.799999999999987,29,54.18853308718187,51.77088338572122,19.078174305111105,0.4,0.2,0.8,0.0,0.0,[],54.18853308718214,51.77088338572102,19.078174305110917,2.7000623958883807e-13
straight_3d,5.999999999999987,30,54.33296526260193,51.831948330056434,19.0463872121839,0.4,0.2,0.8,0.0,0.0,[],54.33296526260221,51.831948330056235,19.046387212183706,2.7711166694643907e-13
straight_3d,6.199999999999986,31,54.477397438021995,51.89301327439165,19.0146001192567,0.4,0.2,0.8,0.0,0.0,[],54.47739743802228,51.89301327439144,19.014600119256496,2.8421709430404007e-13
straight_3d,6.399999999999985,32,54.62182961344206,51.95407821872686,18.982813026329495,0.4,0.2,0.8,0.0,0.0,[],54.62182961344236,51.95407821872665,18.982813026329286,2.984279490192421e-13
straight_3d,6.5999999999999845,33,54.766261788862124,52.01514316306208,18.951025933402292,0.4,0.2,0.8,0.0,0.0,[],54.76626178886243,52.01514316306186,18.951025933402075,3.055333763768431e-13
straight_3d,6.799999999999984,34,54.91069396428219,52.07620810739729,18.91923884047509,0.4,0.2,0.8,0.0,0.0,[],54.9106939642825,52.076208107397065,18.91923884047487,3.126388037344441e-13
straight_3d,6.999999999999983,35,55.05512613970225,52.13727305173251,18.887451747547885,0.4,0.2,0.8,0.0,0.0,[],55.05512613970258,52.13727305173227,18.887451747547658,3.268496584496461e-13
straight_3d,7.199999999999982,36,55.19955831512232,52.19833799606772,18.855664654620682,0.4,0.2,0.8,0.0,0.0,[],55.19955831512265,52.19833799606748,18.855664654620448,3.339550858072471e-13
straight_3d,7.399999999999982,37,55.34399049054238,52.259402940402936,18.82387756169348,0.4,0.2,0.8,0.0,0.0,[],55.34399049054272,52.25940294040269,18.823877561693237,3.410605131648481e-13
straight_3d,7.599999999999981,38,55.488422665962446,52.32046788473815,18.792090468766276,0.4,0.2,0.8,0.0,0.0,[],55.4884226659628,52.320467884737894,18.792090468766027,3.552713678800501e-13
straight_3d,7.79999999999998,39,55.63285484138251,52.381532829073365,18.760303375839072,0.4,0.2,0.8,0.0,0.0,[],55.63285484138287,52.3815328290731,18.760303375838816,3.623767952376511e-13
straight_3d,7.99999999999998,40,55.777287016802575,52.44259777340858,18.72851628291187,0.4,0.2,0.8,0.0,0.0,[],55.777287016802944,52.44259777340831,18.72851628291161,3.694822225952521e-13
straight_3d,8.199999999999982,41,55.92171919222264,52.503662717743794,18.696729189984666,0.4,0.2,0.8,0.0,0.0,[],55.92171919222302,52.50366271774352,18.6967291899844,3.836930773104541e-13
straight_3d,8.399999999999984,42,56.0661513676427,52.56472766207901,18.664942097057462,0.4,0.2,0.8,0.0,0.0,[],56.066151367643094,52.564727662078724,18.66494209705719,3.907985046680551e-13
straight_3d,8.599999999999987,43,56.21058354306277,52.62579260641422,18.63315500413026,0.4,0.2,0.8,0.0,0.0,[],56.210583543063166,52.62579260641393,18.63315500412998,3.979039320256561e-13
straight_3d,8.79999999999999,44,56.35501571848283,52.68685755074944,18.601367911203056,0.4,0.2,0.8,0.0,0.0,[],56.35501571848324,52.68685755074914,18.601367911202768,4.050093593832571e-13
straight_3d,8.999999999999993,45,56.4994478939029,52.74792249508465,18.569580818275853,0.4,0.2,0.8,0.0,0.0,[],56.49944789390331,52.747922495084346,18.569580818275558,4.121147867408581e-13
straight_3d,9.199999999999996,46,56.64388006932296,52.808987439419866,18.53779372534865,0.4,0.2,0.8,0.0,0.0,[],56.64388006932339,52.80898743941955,18.53779372534835,4.263256414560601e-13
straight_3d,9.399999999999999,47,56.788312244743025,52.87005238375508,18.506006632421446,0.4,0.2,0.8,0.0,0.0,[],56.78831224474346,52.87005238375476,18.50600663242114,4.334310688136611e-13
straight_3d,9.600000000000001,48,56.93274442016309,52.931117328090295,18.474219539494243,0.4,0.2,0.8,0.0,0.0,[],56.93274442016354,52.93111732808997,18.47421953949393,4.476419235288631e-13
straight_3d,9.800000000000004,49,57.077176595583154,52.99218227242551,18.44243244656704,0.4,0.2,0.8,0.0,0.0,[],57.07717659558361,52.99218227242518,18.44243244656672,4.547473508864641e-13
straight_3d,10.000000000000007,50,57.22160877100322,53.053247216760724,18.410645353639836,0.4,0.2,0.8,0.0,0.0,[],57.22160877100368,53.05324721676038,18.41064535363951,4.618527782440651e-13
steady_turn,0.0,0,50.0,50.0,20.0,0.2,0.0,0.8,0.1,0.0,[],50.0,50.0,20.0,0.0
steady_turn,0.2,1,50.15648250128901,50.03335306282785,20.0,0.22000000000000003,0.0,0.8,0.1,0.0,[],50.156482338286466,50.03335302808509,20.0,1.6300254657153346e-07
steady_turn,0.39999999999999997,2,50.312266690334276,50.069828896652105,20.0,0.24000000000000005,0.0,0.8,0.1,0.0,[],50.31226636505659,50.069828823913696,20.0,3.2527768922818723e-07
steady_turn,0.6,3,50.467290255537264,50.109412911625576,20.0,0.26000000000000006,0.0,0.8,0.1,0.0,[],50.46728976877675,50.109412797653825,20.0,4.867605127856223e-07
steady_turn,0.8000000000000002,4,50.62149118953886,50.152089274670054,20.0,0.2800000000000001,0.0,0.8,0.1,0.0,[],50.62149054215242,50.152089116243765,20.0,6.473864360145853e-07
steady_turn,1.0000000000000002,5,50.774807814021436,50.19784091580932,20.0,0.3000000000000001,0.0,0.8,0.1,0.0,[],50.774807006930224,50.197840709725085,20.0,8.07091211640909e-07
steady_turn,1.2000000000000004,6,50.927178804379395,50.24664953499694,20.0,0.3200000000000001,0.0,0.8,0.1,0.0,[],50.927177838568454,50.24664927807041,20.0,9.658109405563664e-07
steady_turn,1.4000000000000006,7,51.078543214248185,50.29849560943601,20.0,0.34000000000000014,0.0,0.8,0.1,0.0,[],51.07854209076603,50.29849529850316,20.0,1.1234821570837994e-06
steady_turn,1.6000000000000008,8,51.22884049988201,50.35335840138803,20.0,0.36000000000000015,0.0,0.8,0.1,0.0,[],51.22883921984023,50.353358033306456,20.0,1.2800417792391272e-06
steady_turn,1.800000000000001,9,51.37801054437057,50.41121596646771,20.0,0.38000000000000017,0.0,0.8,0.1,0.0,[],51.378009108943374,50.41121553811785,20.0,1.4354271939964747e-06
steady_turn,2.000000000000001,10,51.52599368168496,50.47204516242043,20.0,0.4000000000000002,0.0,0.8,0.1,0.0,[],51.525992092108716,50.47204467070685,20.0,1.5895762430773175e-06
steady_turn,2.2,11,51.672730720543356,50.53582165837887,20.0,0.4200000000000002,0.0,0.8,0.1,0.0,[],51.67272897811607,50.535821100231466,20.0,1.7424272868993285e-06
steady_turn,2.3999999999999995,12,51.81816296808667,50.602519944594995,20.0,0.4400000000000002,0.0,0.8,0.1,0.0,[],51.818161074167506,50.60251931697022,20.0,1.8939191619438134e-06
steady_turn,2.5999999999999988,13,51.96223225335496,50.672113342643605,20.0,0.46000000000000024,0.0,0.8,0.1,0.0,[],51.96223020936367,50.67211264252573,20.0,2.0439912944425487e-06
steady_turn,2.799999999999998,14,52.104880950555014,50.74457401609338,20.0,0.48000000000000026,0.0,0.8,0.1,0.0,[],52.10487875797137,50.74457324049566,20.0,2.1925836435343626e-06
steady_turn,2.9999999999999973,15,52.24605200210991,50.81987298164107,20.0,0.5000000000000002,0.0,0.8,0.1,0.0,[],52.24604966247313,50.81987212760695,20.0,2.3396367794248363e-06
steady_turn,3.1999999999999966,16,52.385688941481284,50.89798012070443,20.0,0.5200000000000002,0.0,0.8,0.1,0.0,[],52.38568645638941,50.897979185308735,20.0,2.485091876280876e-06
steady_turn,3.399999999999996,17,52.52373591575518,50.978864191469256,20.0,0.5400000000000003,0.0,0.8,0.1,0.0,[],52.52373328686441,50.97886317181934,20.0,2.6288907690741325e-06
steady_turn,3.599999999999995,18,52.6601377079825,51.06249284138568,20.0,0.5600000000000003,0.0,0.8,0.1,0.0,[],52.660134937006575,51.062491734622604,20.0,2.7709759251592914e-06
steady_turn,3.7999999999999945,19,52.79483975926501,51.14883262010875,20.0,0.5800000000000003,0.0,0.8,0.1,0.0,[],52.7948368479745,51.14883142340844,20.0,2.911290508222919e-06
steady_turn,3.999999999999994,20,52.92778819057821,51.23784899287817,20.0,0.6000000000000003,0.0,0.8,0.1,0.0,[],52.92778514079979,51.23784770345251,20.0,3.0497784209160272e-06
steady_turn,4.199999999999993,21,53.0589298243222,51.32950635433171,20.0,0.6200000000000003,0.0,0.8,0.1,0.0,[],53.05892663793795,51.329504969429664,20.0,3.186384248010654e-06
steady_turn,4.399999999999992,22,53.188212205592,51.42376804274687,20.0,0.6400000000000003,0.0,0.8,0.1,0.0,[],53.188208884538646,51.42376655965559,20.0,3.321053355875847e-06
steady_turn,4.599999999999992,23,53.31558362315885,51.52059635470509,20.0,0.6600000000000004,0.0,0.8,0.1,0.0,[],53.31558016942698,51.52059477075101,20.0,3.4537318711613807e-06
steady_turn,4.799999999999991,24,53.44099313015399,51.6199525601726,20.0,0.6800000000000004,0.0,0.8,0.1,0.0,[],53.44098954578726,51.61995087272251,20.0,3.5843667305357485e-06
steady_turn,4.99999999999999,25,53.564390564446725,51.72179691799195,20.0,0.7000000000000004,0.0,0.8,0.1,0.0,[],53.56438685154104,51.721795124454026,20.0,3.71290568779159e-06
steady_turn,5.1999999999999895,26,53.68572656870861,51.82608869177793,20.0,0.7200000000000004,0.0,0.8,0.1,0.0,[],53.685722729411296,51.82608678960277,20.0,3.839297313845691e-06
steady_turn,5.399999999999989,27,53.80495261015574,51.932786166211564,20.0,0.7400000000000004,0.0,0.8,0.1,0.0,[],53.80494864666467,51.93278415289323,20.0,3.963491067793257e-06
steady_turn,5.599999999999988,28,53.92202099996119,52.04184666372567,20.0,0.7600000000000005,0.0,0.8,0.1,0.0,[],53.92201691452392,52.04184453680269,20.0,4.085437268486203e-06
steady_turn,5.799999999999987,29,54.03688491232993,52.15322656157539,20.0,0.7800000000000005,0.0,0.8,0.1,0.0,[],54.036880707242794,52.153224318631715,20.0,4.2050871371657195e-06
steady_turn,5.999999999999987,30,54.14949840322851,52.2668813092866,20.0,0.8000000000000005,0.0,0.8,0.1,0.0,[],54.149494080835694,52.26687894795261,20.0,4.322392818778553e-06
steady_turn,6.199999999999986,31,54.25981642876207,52.38276544647562,20.0,0.8200000000000005,0.0,0.8,0.1,0.0,[],54.259811991454676,52.38276296442903,20.0,4.437307396187862e-06
steady_turn,6.399999999999985,32,54.36779486319128,52.500832621032664,20.0,0.8400000000000005,0.0,0.8,0.1,0.0,[],54.36779031340639,52.50083001599947,20.0,4.549784890173214e-06
steady_turn,6.5999999999999845,33,54.47339051658206,52.621035607662115,20.0,0.8600000000000005,0.0,0.8,0.1,0.0,[],54.47338585680173,52.62103287741752,20.0,4.659780330484864e-06
steady_turn,6.799999999999984,34,54.57656115208097,52.743326326772014,20.0,0.8800000000000006,0.0,0.8,0.1,0.0,[],54.576556384831264,52.743323469141295,20.0,4.767249706105758e-06
steady_turn,6.999999999999983,35,54.67726550280941,52.86765586370524,20.0,0.9000000000000006,0.0,0.8,0.1,0.0,[],54.677260630659376,52.86765287656462,20.0,4.872150036305811e-06
steady_turn,7.199999999999982,36,54.77546328836981,52.99397448830471,20.0,0.9200000000000006,0.0,0.8,0.1,0.0,[],54.77545831393044,52.99397136958223,20.0,4.974439363536476e-06
steady_turn,7.399999999999982,37,54.8711152309572,53.12223167480482,20.0,0.9400000000000006,0.0,0.8,0.1,0.0,[],54.87111015688043,53.12222842248115,20.0,5.074076774747027e-06
steady_turn,7.599999999999981,38,54.96418307106991,53.252376122041056,20.0,0.9600000000000006,0.0,0.8,0.1,0.0,[],54.964177900047495,53.252372734150285,20.0,5.1710224155954165e-06
steady_turn,7.79999999999998,39,55.05462958281277,53.38435577396973,20.0,0.9800000000000006,0.0,0.8,0.1,0.0,[],55.054624317575275,53.384352248600194,20.0,5.265237497553699e-06
steady_turn,7.99999999999998,40,55.14241858878704,53.518117840489786,20.0,1.0000000000000007,0.0,0.8,0.1,0.0,[],55.14241323210268,53.51811417578482,20.0,5.356684354751451e-06
steady_turn,8.199999999999982,41,55.22751497456081,53.6536088185581,20.0,1.0200000000000002,0.0,0.8,0.1,0.0,[],55.22750952923442,53.65360501271674,20.0,5.445326394237782e-06
steady_turn,8.399999999999984,42,55.30988470271439,53.790774513589966,20.0,1.0399999999999998,0.0,0.8,0.1,0.0,[],55.30987917158622,53.79077056486771,20.0,5.531128174141031e-06
steady_turn,8.599999999999987,43,55.38949482645476,53.929560061136215,20.0,1.0599999999999994,0.0,0.8,0.1,0.0,[],55.3894892123994,53.929555967845715,20.0,5.614055361036208e-06
steady_turn,8.79999999999999,44,55.46631350279389,54.06990994882827,20.0,1.079999999999999,0.0,0.8,0.1,0.0,[],55.466307808719094,54.06990570934001,20.0,5.694074793893833e-06
steady_turn,8.999999999999993,45,55.54031000528546,54.21176803858236,20.0,1.0999999999999985,0.0,0.8,0.1,0.0,[],55.54030423413099,54.21176365132531,20.0,5.771154469869089e-06
steady_turn,9.199999999999996,46,55.61145473631508,54.35507758905403,20.0,1.119999999999998,0.0,0.8,0.1,0.0,[],55.61144889105155,54.35507305251623,20.0,5.8452635300909606e-06
steady_turn,9.399999999999999,47,55.679719238938944,54.49978127833382,20.0,1.1399999999999977,0.0,0.8,0.1,0.0,[],55.67971332256658,54.49977659106307,20.0,5.91637236624365e-06
steady_turn,9.600000000000001,48,55.74507620826617,54.64582122687539,20.0,1.1599999999999973,0.0,0.8,0.1,0.0,[],55.74507022381365,54.64581638747975,20.0,5.9844525210905886e-06
steady_turn,9.800000000000004,49,55.807499502380445,54.793139020646514,20.0,1.1799999999999968,0.0,0.8,0.1,0.0,[],55.80749345290367,54.79313402779488,20.0,6.0494767737395705e-06
steady_turn,10.000000000000007,50,55.86696415279641,54.94167573449388,20.0,1.1999999999999964,0.0,0.8,0.1,0.0,[],55.86695804137732,54.941670586916544,20.0,6.111419089904757e-06
actuator_response,0.0,0,50.0,50.0,20.0,0.2,0.1,0.3,0.0,0.0,[],50.0,50.0,20.0,0.0
actuator_response,0.2,1,50.0682481632172,50.013922040414435,19.993045943257563,0.20354009753125,0.09858396098750001,0.4000000000000001,0.032919804937500005,-0.013167921975,[],50.06824744078138,50.013926463019665,19.993047734327025,4.422605229592591e-06
actuator_response,0.39999999999999997,2,50.15589933694482,50.03239906513024,19.984338938498425,0.21249876284811522,0.0950004948607539,0.5000000000000001,0.05500247430376951,-0.022000989721507803,[],50.15589813546376,50.03240617354778,19.984341820048776,7.108417534595901e-06
actuator_response,0.6,3,50.262099134169425,50.05599981945704,19.974243683603213,0.22509221400516496,0.089963114397934,0.5884265430213419,0.06981557198967003,-0.02792622879586801,[],50.26205633869927,50.05599892952527,19.974250978974553,4.2795470157841464e-05
actuator_response,0.8000000000000002,4,50.38317369237648,50.08467459692002,19.963393839900426,0.2401238865939146,0.08395044536243414,0.6573049522659206,0.07975222681217078,-0.031900890724868305,[],50.383107824378506,50.08466826496505,19.963403202854103,6.586799797503318e-05
actuator_response,1.0000000000000002,5,50.515610507932905,50.118270498022085,19.95235365786027,0.2567911228751042,0.07728355084995829,0.710956662464731,0.08641775424979158,-0.034567101699916634,[],50.51553390171845,50.1182607621794,19.952363653641694,7.660621445637616e-05
actuator_response,1.2000000000000004,6,50.656649338912146,50.156647272427286,19.941556671253018,0.27455549847155397,0.07017780061137839,0.7527477845133822,0.09088900305689207,-0.036355601222756835,[],50.65656995490302,50.1566357949741,19.941566504523482,7.938400912621546e-05
actuator_response,1.4000000000000006,7,50.80411955376048,50.19966210410015,19.93132972894866,0.29305583726078765,0.06277766509568493,0.7853002954326704,0.0938883254784248,-0.037555330191369925,[],50.80404230425821,50.19965020818676,19.931339019996265,7.724950226872807e-05
actuator_response,1.6000000000000008,8,50.956312123351864,50.24716845867616,19.921915983840645,0.31204986159532894,0.055180055361868416,0.8106565413338157,0.09590027680934224,-0.0383601107237369,[],50.95623983213888,50.247157150071494,19.92192460539345,7.229121298735208e-05
actuator_response,1.800000000000001,9,51.111879024810406,50.299019482878904,19.913494519616485,0.33137505115665794,0.04744997953733681,0.8304073743123677,0.09724989768668423,-0.03889995907467369,[],51.11181311449561,50.299009480844674,19.91350248615159,6.591031479530329e-05
actuator_response,2.000000000000001,10,51.269754292185894,50.35507195007943,19.906196165262816,0.3509223869980953,0.039631045200761855,0.8457919625857065,0.09815522600380945,-0.03926209040152378,[],51.269695270891674,50.3550637280883,19.906203561955152,5.902129421997415e-05
actuator_response,2.2,11,51.42909214250204,50.41518931552679,19.90011581604077,0.3706187389975535,0.03175250440097859,0.8577755359670003,0.0987625220048931,-0.03950500880195724,[],51.42903994398492,50.41518314646555,19.90012275548655,5.219851712467971e-05
actuator_response,2.3999999999999995,12,51.58921855345573,50.479243574087825,19.895321831261096,0.3904150513264867,0.02383397946940533,0.8671099444304182,0.09916989734702678,-0.039667958938810706,[],51.58917277116282,50.47923957470342,19.89532842870217,4.5782292907858846e-05
actuator_response,2.5999999999999988,13,51.74959342119655,50.54711605595797,19.891863101718446,0.41027841723941677,0.01588863310423329,0.8743808292149131,0.09944316552116657,-0.039777266208466625,[],51.74955346632119,50.54711422706364,19.89186946208995,3.995487536201381e-05
actuator_response,2.799999999999998,14,51.90978102533324,50.6186974257957,19.889774312156433,0.4301867628272884,0.007925294869084632,0.8800443659839096,0.0996264743454233,-0.03985058973816931,[],51.90974623099022,50.6186976865035,19.88978052438741,3.479434301567608e-05
actuator_response,2.9999999999999973,15,52.06942700555193,50.693887149596485,19.889079831075428,0.45012528086884934,-5.011234753973283e-05,0.8844558853085145,0.09974943826230145,-0.03989977530492058,[],52.069396693207786,50.69388936511758,19.889085966627956,3.0312344144078907e-05
actuator_response,3.1999999999999966,16,52.22824043434237,50.77259264634242,19.88979656934993,0.47008403865120013,-0.008033615460480058,0.8878921661247527,0.09983192269759983,-0.03993276907903993,[],52.22821395417554,50.77259664968173,19.889802683069956,2.6480166830822327e-05
actuator_response,3.399999999999996,17,52.38597987241521,50.85472828552023,19.891936070767112,0.490056373291153,-0.016022549316461188,0.8905688008574149,0.09988725341769418,-0.03995490136707766,[],52.385956625947976,50.85473389378838,19.891942202856324,2.324646723650403e-05
actuator_response,3.599999999999995,18,52.542442532795505,50.9402143417349,19.89550603403139,0.5100378153136685,-0.024015126125467433,0.8926537216992264,0.09992436937266296,-0.03996974774906518,[],52.54242198375833,50.940221367963616,19.895512212427487,2.0549037174077966e-05
actuator_response,3.7999999999999945,19,52.69745586874584,51.02897597819341,19.90051141597646,0.5300253665861724,-0.03201014663446896,0.8942777366847517,0.09994926682765531,-0.039979706731062124,[],52.697437546324316,51.028984239530416,19.900517658741446,1.8322421524885613e-05
actuator_response,3.999999999999994,20,52.850871049740086,51.120942301724796,19.906955227531512,0.5500170159554852,-0.04000680638219407,0.8955427365928149,0.0999659680890298,-0.03998638723561192,[],52.85085454710898,51.12095162481396,19.906961545038303,1.650263110519745e-05
actuator_response,4.199999999999993,21,53.002557906890466,51.21604551159141,19.914839105095886,0.5700114143361312,-0.04800456573445249,0.8965280875788971,0.0999771713277377,-0.039990868531095076,[],53.00254287697648,51.21605573580789,19.914845501920745,1.5029913988939825e-05
actuator_response,4.399999999999992,22,53.15240102115698,51.314220150665356,19.924163718319956,0.590007656758942,-0.05600306270357677,0.8972956106115747,0.09998468648211627,-0.03999387459284651,[],53.15238717101452,51.31423112980105,19.924170194817023,1.3850142465798854e-05
actuator_response,4.599999999999992,23,53.30029669965528,51.41540245880883,19.934929059158772,0.6100051361688338,-0.06400205446753349,0.8978934601230798,0.09998972766233266,-0.039995891064933065,[],53.30028378425781,51.4154140616274,19.934935612729802,1.2915397469726031e-05
actuator_response,4.799999999999991,24,53.44615064166956,51.51952982305933,19.947134645103095,0.6300034453520724,-0.07200137814082895,0.8983591452207115,0.09999310929585527,-0.03999724371834211,[],53.44613845770808,51.51954193309317,19.94714127119439,1.218396148061629e-05
actuator_response,4.99999999999999,25,53.58987613993995,51.626540316378666,19.960779660651745,0.6500023111488907,-0.08000092445955631,0.8987218830100429,0.09999537770221853,-0.03999815108088741,[],53.58986451993711,51.626552831227116,19.960786353518454,1.2514848449995952e-05
actuator_response,5.1999999999999895,26,53.73139269709235,51.736372315468515,19.975863054573257,0.6700015503231841,-0.08800062012927365,0.8990044316775397,0.09999689935363183,-0.03999875974145273,[],53.731381504001575,51.736385145782656,19.975869807848227,1.283031414089919e-05
actuator_response,5.399999999999989,27,53.870624963815324,51.84896418791211,19.992383605713,0.6900010399598159,-0.0960004159839264,0.8992245183402815,0.09999792008036804,-0.03999916803214721,[],53.870614086221096,51.84897725623894,19.992390412822054,1.3068326829568377e-05
actuator_response,5.599999999999988,28,54.007501926212875,51.964254039271076,20.01033996658642,0.710000697607073,-0.10400027904282927,0.8993959512461449,0.09999860478585375,-0.039999441914341495,[],54.00749127410687,51.964267278820934,20.010346821037125,1.323954985821274e-05
actuator_response,5.799999999999987,29,54.14195628597191,52.0821795114795,20.02973069142515,0.7300004679561853,-0.11200018718247419,0.8995294861039442,0.09999906408762915,-0.03999962563505166,[],54.141945787114885,52.082192864912585,20.029737587001662,1.3353433082841093e-05
actuator_response,5.999999999999987,30,54.27392398959261,52.2026776247548,20.05055425346345,0.7500003139059219,-0.12000012556236882,0.8996335008971236,0.09999937218815602,-0.039999748875262406,[],54.273913586423454,52.20269104303077,20.05056118434962,1.3418275969456772e-05
actuator_response,6.199999999999986,31,54.40334387273374,52.32568465617306,20.072809054883574,0.7700002105687047,-0.12800008422748194,0.8997145215188431,0.09999957886259044,-0.03999983154503617,[],54.40333351972501,52.32569809745267,20.07281601572751,1.3441279612891321e-05
actuator_response,6.399999999999985,32,54.53015739334302,52.45113604896524,20.09649343184493,0.7900001412498978,-0.13600005649995917,0.8997776312068324,0.0999997175002042,-0.039999887000081676,[],54.53014705484597,52.451149477667464,20.096500417794896,1.3428702224871358e-05
actuator_response,6.5999999999999845,33,54.65430843316012,52.57896634743932,20.1216056563032,0.8100000947507069,-0.14400003790028282,0.8998267894659715,0.09999981049858592,-0.03999992419943437,[],54.65429808153717,52.57897973332226,20.121612663001866,1.3385882937200222e-05
actuator_response,6.799999999999984,34,54.77574315177315,52.70910915320195,20.148143935807948,0.8300000635589591,-0.15200002542358362,0.8998650804878191,0.0999998728820818,-0.03999994915283271,[],54.77573276590822,52.709122470605884,20.148150959379546,1.3317403933399419e-05
actuator_response,6.999999999999983,35,54.89440988097448,52.8414970990341,20.17610641209621,0.8500000426354737,-0.16000001705418948,0.8998949066529399,0.09999991472905251,-0.039999965891621,[],54.894399445030814,52.84151032619954,20.176113449117416,1.3227165439388955e-05
actuator_response,7.199999999999982,36,55.010259049926425,52.976061837367176,20.205491159035528,0.870000028599959,-0.16800001143998355,0.8999181392563775,0.09999994280008209,-0.03999997712003284,[],55.01024855231919,52.97607495583256,20.205498206497438,1.3118465382433442e-05
actuator_response,7.399999999999982,37,55.123243133791156,53.112734040815816,20.236296180282974,0.8900000191849083,-0.1760000076739633,0.8999362359127968,0.0999999616301835,-0.0399999846520734,[],55.12323256637683,53.11274703493211,20.23630323555763,1.2994116296738412e-05
actuator_response,7.599999999999981,38,55.23331662014038,53.251443412656585,20.268519406896065,0.9100000128692739,-0.18400000514770956,0.8999503320072976,0.09999997426145225,-0.03999998970458089,[],55.23330597752481,53.251456269128354,20.268526467691125,1.2856471769850941e-05
actuator_response,7.79999999999998,39,55.340435988747295,53.39211870550719,20.302158695040617,0.930000008632734,-0.19200000345309362,0.8999613119295313,0.09999998273453196,-0.03999999309381278,[],55.340425267743974,53.39213141302677,20.302165759361564,1.2707519580601456e-05
actuator_response,7.99999999999998,40,55.44455970136001,53.534687746766735,20.33721182387879,0.9500000057908549,-0.20000000231634193,0.8999698645603507,0.09999998841829036,-0.039999995367316146,[],55.44454890056195,53.53470029571925,20.337218889996937,1.2548952511792777e-05
actuator_response,8.199999999999982,41,55.545648198826605,53.67907746963256,20.37367649367903,0.9700000038845168,-0.20800000155380668,0.8999765264922273,0.09999999223096658,-0.03999999689238663,[],55.54563731823763,53.67908985181094,20.37368356009204,1.2382178383063547e-05
actuator_response,8.399999999999984,42,55.643663903539405,53.82521394871979,20.411550324162498,0.9900000026057415,-0.21600000104229655,0.8999817156950896,0.09999999478851722,-0.039999997915406885,[],55.64365294429619,53.82522615711401,20.411557389566173,1.2208394217338991e-05
actuator_response,8.599999999999987,43,55.73857122562715,53.97302243948421,20.450830853083332,1.0100000017479365,-0.22400000069917456,0.8999857577397765,0.09999999650412719,-0.03999999860165088,[],55.73856018976508,53.97303446808828,20.45083791634185,1.2028604068348159e-05
actuator_response,8.79999999999999,44,55.83033657168089,54.12242742079142,20.491515535030054,1.0300000011725192,-0.23200000046900768,0.8999889062243676,0.0999999976549617,-0.03999999906198468,[],55.83032546196566,54.12243926447155,20.491522595157114,1.1843680134404622e-05
actuator_response,8.999999999999993,45,55.91892835507555,54.27335264009275,20.533601740429663,1.0500000007865284,-0.24000000031461127,0.8999913586849382,0.09999999842694374,-0.03999999937077749,[],55.91891717484102,54.27336429443493,20.53360879656031,1.1654342173983423e-05
actuator_response,9.199999999999996,46,56.00431700716198,54.4257211607635,20.57708675473367,1.0700000005276051,-0.24800000021104188,0.8999932689889832,0.09999999894479078,-0.03999999957791631,[],56.004305760196104,54.42573262197007,20.57709380610573,1.146120656869698e-05
actuator_response,9.399999999999999,47,56.08647498876931,54.57945541123684,20.6219677777648,1.0900000003539188,-0.2560000001415673,0.8999947569890714,0.0999999992921636,-0.03999999971686544,[],56.086463679232004,54.57946667606205,20.621974823709476,1.1309537306658513e-05
actuator_response,9.600000000000001,48,56.16537680158485,54.73447723562975,20.66824192320379,1.1100000002374095,-0.2640000000949636,0.8999959160424,0.09999999952518197,-0.03999999981007278,[],56.16536543392243,54.73448830128512,20.668248963124622,1.136766241671694e-05
actuator_response,9.800000000000004,49,56.240998999076794,54.890707945608476,20.715906218197343,1.1300000001592547,-0.27200000006370173,0.8999968188680311,0.09999999968149115,-0.039999999872596455,[],56.24098757796639,54.89071880971262,20.715913251560963,1.1421110400533507e-05
actuator_response,10.000000000000007,50,56.31332019670156,55.048068373282206,20.764957603069963,1.1500000001068287,-0.28000000004273123,0.8999975221092883,0.09999999978634365,-0.039999999914537454,[],56.31330872700359,55.04807903381272,20.764964629395887,1.1469697973609527e-05
head_on,0.0,0,50.0,50.0,20.0,0.0,0.0,0.3,0.0,0.0,"[{'obstacle_id': 1, 'position_ned_m': [51.3, 50.0, 20.0]}]",,,,
head_on,0.045454545454542986,1,50.013636363636365,50.0,20.0,0.0,0.0,0.3,0.0,0.0,"[{'obstacle_id': 1, 'position_ned_m': [51.263636363636365, 50.0, 20.0]}]",,,,
crossing,0.0,0,50.0,50.0,20.0,0.0,0.0,0.8,0.0,0.0,"[{'obstacle_id': 1, 'position_ned_m': [51.3, 50.3, 20.0]}]",,,,
crossing,0.08891376643042015,1,50.07113101314433,50.0,20.0,0.0,0.0,0.8,0.0,0.0,"[{'obstacle_id': 1, 'position_ned_m': [51.3, 50.228868986855666, 20.0]}]",,,,
boundary,0.0,0,99.2,50.0,20.0,0.0,0.0,0.8,0.0,0.0,[],,,,
boundary,0.06249999999998668,1,99.25,50.0,20.0,0.0,0.0,0.8,0.0,0.0,[],,,,
pitch_boundary,0.0,0,50.0,50.0,20.0,0.0,0.5115987755982988,0.8,0.0,0.2,[],,,,
pitch_boundary,0.060000000000000005,1,50.04082870271362,50.0,19.976719385499177,0.0,0.5235987755982988,0.77,0.0,0.2,[],,,,
success,0.0,0,50.0,50.0,20.0,0.0,0.0,0.3,0.0,0.0,[],,,,
success,0.09999999999999996,1,50.03,50.0,20.0,0.0,0.0,0.3,0.0,0.0,[],,,,
timeout,0.0,0,50.0,50.0,20.0,0.0,0.0,0.3,0.0,0.0,[],,,,
timeout,0.2,1,50.06,50.0,20.0,0.0,0.0,0.3,0.0,0.0,[],,,,
timeout,0.39999999999999997,2,50.120000000000005,50.0,20.0,0.0,0.0,0.3,0.0,0.0,[],,,,
clearance_0.25,0.0,0,50.0,50.0,20.0,0.0,0.0,0.3,0.0,0.0,"[{'obstacle_id': 1, 'position_ned_m': [50.03, 51.5, 20.0]}]",,,,
clearance_0.25,0.2,1,50.06,50.0,20.0,0.0,0.0,0.3,0.0,0.0,"[{'obstacle_id': 1, 'position_ned_m': [49.870000000000005, 51.5, 20.0]}]",,,,
clearance_0.5,0.0,0,50.0,50.0,20.0,0.0,0.0,0.3,0.0,0.0,"[{'obstacle_id': 1, 'position_ned_m': [50.03, 51.75, 20.0]}]",,,,
clearance_0.5,0.2,1,50.06,50.0,20.0,0.0,0.0,0.3,0.0,0.0,"[{'obstacle_id': 1, 'position_ned_m': [49.870000000000005, 51.75, 20.0]}]",,,,
clearance_0.75,0.0,0,50.0,50.0,20.0,0.0,0.0,0.3,0.0,0.0,"[{'obstacle_id': 1, 'position_ned_m': [50.03, 52.0, 20.0]}]",,,,
clearance_0.75,0.2,1,50.06,50.0,20.0,0.0,0.0,0.3,0.0,0.0,"[{'obstacle_id': 1, 'position_ned_m': [49.870000000000005, 52.0, 20.0]}]",,,,
range_entry,0.0,0,20.0,50.0,20.0,0.0,0.0,0.3,0.0,0.0,"[{'obstacle_id': 1, 'position_ned_m': [45.1, 50.0, 20.0]}]",,,,
range_entry,0.2,1,20.060000000000002,50.0,20.0,0.0,0.0,0.3,0.0,0.0,"[{'obstacle_id': 1, 'position_ned_m': [44.940000000000005, 50.0, 20.0]}]",,,,
range_entry,0.39999999999999997,2,20.120000000000005,50.0,20.0,0.0,0.0,0.3,0.0,0.0,"[{'obstacle_id': 1, 'position_ned_m': [44.78000000000001, 50.0, 20.0]}]",,,,
range_entry,0.6,3,20.180000000000007,50.0,20.0,0.0,0.0,0.3,0.0,0.0,"[{'obstacle_id': 1, 'position_ned_m': [44.62000000000001, 50.0, 20.0]}]",,,,
range_entry,0.8000000000000002,4,20.24000000000001,50.0,20.0,0.0,0.0,0.3,0.0,0.0,"[{'obstacle_id': 1, 'position_ned_m': [44.460000000000015, 50.0, 20.0]}]",,,,
range_entry,1.0000000000000002,5,20.30000000000001,50.0,20.0,0.0,0.0,0.3,0.0,0.0,"[{'obstacle_id': 1, 'position_ned_m': [44.30000000000002, 50.0, 20.0]}]",,,,
range_exit,0.0,0,20.0,50.0,20.0,0.0,0.0,0.3,0.0,0.0,"[{'obstacle_id': 1, 'position_ned_m': [44.9, 50.0, 20.0]}]",,,,
range_exit,0.2,1,20.060000000000002,50.0,20.0,0.0,0.0,0.3,0.0,0.0,"[{'obstacle_id': 1, 'position_ned_m': [45.059999999999995, 50.0, 20.0]}]",,,,
range_exit,0.39999999999999997,2,20.120000000000005,50.0,20.0,0.0,0.0,0.3,0.0,0.0,"[{'obstacle_id': 1, 'position_ned_m': [45.21999999999999, 50.0, 20.0]}]",,,,
range_exit,0.6,3,20.180000000000007,50.0,20.0,0.0,0.0,0.3,0.0,0.0,"[{'obstacle_id': 1, 'position_ned_m': [45.37999999999999, 50.0, 20.0]}]",,,,
range_exit,0.8000000000000002,4,20.24000000000001,50.0,20.0,0.0,0.0,0.3,0.0,0.0,"[{'obstacle_id': 1, 'position_ned_m': [45.539999999999985, 50.0, 20.0]}]",,,,
range_exit,1.0000000000000002,5,20.30000000000001,50.0,20.0,0.0,0.0,0.3,0.0,0.0,"[{'obstacle_id': 1, 'position_ned_m': [45.69999999999998, 50.0, 20.0]}]",,,,
fov_return,0.0,0,20.0,50.0,20.0,0.99,0.0,0.3,0.35,0.0,"[{'obstacle_id': 1, 'position_ned_m': [30.0, 50.0, 20.0]}]",,,,
fov_return,0.2,1,20.03113997199561,50.0512730360237,20.0,1.0600000000000003,0.0,0.3,0.35,0.0,"[{'obstacle_id': 1, 'position_ned_m': [30.040000000000006, 50.0, 20.0]}]",,,,
fov_return,0.39999999999999997,2,20.05861750007655,50.10459852270256,20.0,1.1300000000000006,0.0,0.3,0.35,0.0,"[{'obstacle_id': 1, 'position_ned_m': [30.080000000000013, 50.0, 20.0]}]",,,,
fov_return,0.6,3,20.082297999324204,50.159715271829825,20.0,1.2000000000000008,0.0,0.3,0.35,0.0,"[{'obstacle_id': 1, 'position_ned_m': [30.12000000000002, 50.0, 20.0]}]",,,,
fov_return,0.8000000000000002,4,20.102065482665243,50.21635332159619,20.0,1.2700000000000011,0.0,0.3,0.35,0.0,"[{'obstacle_id': 1, 'position_ned_m': [30.160000000000025, 50.0, 20.0]}]",,,,
fov_return,1.0000000000000002,5,20.117823128976287,50.27423525886259,20.0,1.3400000000000014,0.0,0.3,0.35,0.0,"[{'obstacle_id': 1, 'position_ned_m': [30.20000000000003, 50.0, 20.0]}]",,,,
fov_return,1.2000000000000004,6,20.129678177869785,50.33304379582774,20.0,1.4000000000000015,0.0,0.3,0.24999999999999992,0.0,"[{'obstacle_id': 1, 'position_ned_m': [30.240000000000038, 50.0, 20.0]}]",,,,
fov_return,1.4000000000000006,7,20.138579906985854,50.39237597794183,20.0,1.4400000000000015,0.0,0.3,0.14999999999999994,0.0,"[{'obstacle_id': 1, 'position_ned_m': [30.280000000000044, 50.0, 20.0]}]",,,,
fov_return,1.6000000000000008,8,20.145698267211156,50.4519512668027,20.0,1.4600000000000015,0.0,0.3,0.049999999999999954,0.0,"[{'obstacle_id': 1, 'position_ned_m': [30.32000000000005, 50.0, 20.0]}]",,,,
fov_return,1.800000000000001,9,20.152220630939436,50.51159569122901,20.0,1.4600000000000015,0.0,0.3,-0.05000000000000005,0.0,"[{'obstacle_id': 1, 'position_ned_m': [30.360000000000056, 50.0, 20.0]}]",,,,
fov_return,2.000000000000001,10,20.159338526191718,50.5711710394755,20.0,1.4401218750000016,0.0,0.3,-0.14524375000000006,0.0,"[{'obstacle_id': 1, 'position_ned_m': [30.400000000000063, 50.0, 20.0]}]",,,,
fov_return,2.2,11,20.168159157862583,50.6305159813161,20.0,1.4038245540486716,0.0,0.3,-0.2126491080973399,0.0,"[{'obstacle_id': 1, 'position_ned_m': [30.44000000000007, 50.0, 20.0]}]",,,,
fov_return,2.3999999999999995,12,20.17947884402827,50.689433126483294,20.0,1.3564323768958075,0.0,0.3,-0.25786475379161206,0.0,"[{'obstacle_id': 1, 'position_ned_m': [30.480000000000075, 50.0, 20.0]}]",,,,
fov_return,2.5999999999999988,13,20.19380980711809,50.74768924735438,20.0,1.3015977485610508,0.0,0.3,-0.28819549712209874,0.0,"[{'obstacle_id': 1, 'position_ned_m': [30.52000000000008, 50.0, 20.0]}]",,,,
fov_return,2.799999999999998,14,20.211465662086805,50.805023901703926,20.0,1.241770709456049,0.0,0.3,-0.3085414189120954,0.0,"[{'obstacle_id': 1, 'position_ned_m': [30.560000000000088, 50.0, 20.0]}]",,,,
fov_return,2.9999999999999973,15,20.232618827508404,50.861161411981875,20.0,1.1785947514680457,0.0,0.3,-0.32218950293608883,0.0,"[{'obstacle_id': 1, 'position_ned_m': [30.600000000000094, 50.0, 20.0]}]",,,,
fov_return,3.1999999999999966,16,20.25733973986066,50.915821013927456,20.0,1.1131723321608398,0.0,0.3,-0.33134466432167753,0.0,"[{'obstacle_id': 1, 'position_ned_m': [30.6400000000001, 50.0, 20.0]}]",,,,
fov_return,3.399999999999996,17,20.285623835595505,50.96872422452497,20.0,1.0462429822187096,0.0,0.3,-0.3374859644374171,0.0,"[{'obstacle_id': 1, 'position_ned_m': [30.680000000000106, 50.0, 20.0]}]",,,,
fov_return,3.599999999999995,18,20.317410228017838,51.01959982633323,20.0,0.9783027802672153,0.0,0.3,-0.34160556053442875,0.0,"[{'obstacle_id': 1, 'position_ned_m': [30.720000000000113, 50.0, 20.0]}]",,,,
fov_return,3.7999999999999945,19,20.352594718278127,51.06818714288878,20.0,0.9096844968160466,0.0,0.3,-0.34436899363209134,0.0,"[{'obstacle_id': 1, 'position_ned_m': [30.76000000000012, 50.0, 20.0]}]",,,,
fov_return,3.999999999999994,20,20.39103894136514,51.11423820006247,20.0,0.8406113549722134,0.0,0.3,-0.34622270994442506,0.0,"[{'obstacle_id': 1, 'position_ned_m': [30.800000000000125, 50.0, 20.0]}]",,,,
fov_return,4.199999999999993,21,20.432576885701504,51.15751920643321,20.0,0.7712330932313229,0.0,0.3,-0.3474661864626439,0.0,"[{'obstacle_id': 1, 'position_ned_m': [30.84000000000013, 50.0, 20.0]}]",,,,
fov_return,4.399999999999992,22,20.477019639965732,51.197811637053356,20.0,0.7016501564683117,0.0,0.3,-0.34830031293662145,0.0,"[{'obstacle_id': 1, 'position_ned_m': [30.880000000000138, 50.0, 20.0]}]",,,,
fov_return,4.599999999999992,23,20.524158954236224,51.2349130934817,20.0,0.6319299233012179,0.0,0.3,-0.3488598466024336,0.0,"[{'obstacle_id': 1, 'position_ned_m': [30.920000000000144, 50.0, 20.0]}]",,,,
fov_return,4.799999999999991,24,20.57377001730803,51.2686380374145,20.0,0.5621175914384514,0.0,0.3,-0.34923518287690075,0.0,"[{'obstacle_id': 1, 'position_ned_m': [30.96000000000015, 50.0, 20.0]}]",,,,
fov_return,4.99999999999999,25,20.62561372336325,51.29881844744448,20.0,0.4922434795909778,0.0,0.3,-0.34948695918195366,0.0,"[{'obstacle_id': 1, 'position_ned_m': [31.000000000000156, 50.0, 20.0]}]",,,,
fov_return,5.1999999999999895,26,20.67943861208367,51.32530441995815,20.0,0.4223279256092531,0.0,0.3,-0.34965585121850423,0.0,"[{'obstacle_id': 1, 'position_ned_m': [31.040000000000163, 50.0, 20.0]}]",,,,
fov_return,5.399999999999989,27,20.734982604874325,51.34796471921663,20.0,0.3523845721630347,0.0,0.3,-0.3497691443260674,0.0,"[{'obstacle_id': 1, 'position_ned_m': [31.08000000000017, 50.0, 20.0]}]",,,,
fov_return,5.599999999999988,28,20.791974617730492,51.36668727347723,20.0,0.28242257078180755,0.0,0.3,-0.3498451415636132,0.0,"[{'obstacle_id': 1, 'position_ned_m': [31.120000000000175, 50.0, 20.0]}]",,,,
fov_return,5.799999999999987,29,20.850136102517062,51.381379610423764,20.0,0.21244806032940147,0.0,0.3,-0.349896120658801,0.0,"[{'obstacle_id': 1, 'position_ned_m': [31.16000000000018, 50.0, 20.0]}]",,,,
fov_return,5.999999999999987,30,20.909182548892325,51.39196922417029,20.0,0.14246515876764798,0.0,0.3,-0.3499303175352941,0.0,"[{'obstacle_id': 1, 'position_ned_m': [31.200000000000188, 50.0, 20.0]}]",,,,
occlusion_release,0.0,0,20.0,50.0,20.0,0.0,0.0,0.3,0.0,0.0,"[{'obstacle_id': 1, 'position_ned_m': [30.0, 50.0, 20.0]}, {'obstacle_id': 2, 'position_ned_m': [25.0, 49.0, 20.0]}]",,,,
occlusion_release,0.2,1,20.060000000000002,50.0,20.0,0.0,0.0,0.3,0.0,0.0,"[{'obstacle_id': 1, 'position_ned_m': [30.040000000000006, 50.0, 20.0]}, {'obstacle_id': 2, 'position_ned_m': [25.0, 49.16, 20.0]}]",,,,
occlusion_release,0.39999999999999997,2,20.120000000000005,50.0,20.0,0.0,0.0,0.3,0.0,0.0,"[{'obstacle_id': 1, 'position_ned_m': [30.080000000000013, 50.0, 20.0]}, {'obstacle_id': 2, 'position_ned_m': [25.0, 49.31999999999999, 20.0]}]",,,,
occlusion_release,0.6,3,20.180000000000007,50.0,20.0,0.0,0.0,0.3,0.0,0.0,"[{'obstacle_id': 1, 'position_ned_m': [30.12000000000002, 50.0, 20.0]}, {'obstacle_id': 2, 'position_ned_m': [25.0, 49.47999999999999, 20.0]}]",,,,
occlusion_release,0.8000000000000002,4,20.24000000000001,50.0,20.0,0.0,0.0,0.3,0.0,0.0,"[{'obstacle_id': 1, 'position_ned_m': [30.160000000000025, 50.0, 20.0]}, {'obstacle_id': 2, 'position_ned_m': [25.0, 49.639999999999986, 20.0]}]",,,,
occlusion_release,1.0000000000000002,5,20.30000000000001,50.0,20.0,0.0,0.0,0.3,0.0,0.0,"[{'obstacle_id': 1, 'position_ned_m': [30.20000000000003, 50.0, 20.0]}, {'obstacle_id': 2, 'position_ned_m': [25.0, 49.79999999999998, 20.0]}]",,,,
occlusion_release,1.2000000000000004,6,20.360000000000014,50.0,20.0,0.0,0.0,0.3,0.0,0.0,"[{'obstacle_id': 1, 'position_ned_m': [30.240000000000038, 50.0, 20.0]}, {'obstacle_id': 2, 'position_ned_m': [25.0, 49.95999999999998, 20.0]}]",,,,
occlusion_release,1.4000000000000006,7,20.420000000000016,50.0,20.0,0.0,0.0,0.3,0.0,0.0,"[{'obstacle_id': 1, 'position_ned_m': [30.280000000000044, 50.0, 20.0]}, {'obstacle_id': 2, 'position_ned_m': [25.0, 50.119999999999976, 20.0]}]",,,,
occlusion_release,1.6000000000000008,8,20.480000000000018,50.0,20.0,0.0,0.0,0.3,0.0,0.0,"[{'obstacle_id': 1, 'position_ned_m': [30.32000000000005, 50.0, 20.0]}, {'obstacle_id': 2, 'position_ned_m': [25.0, 50.27999999999997, 20.0]}]",,,,
occlusion_release,1.800000000000001,9,20.54000000000002,50.0,20.0,0.0,0.0,0.3,0.0,0.0,"[{'obstacle_id': 1, 'position_ned_m': [30.360000000000056, 50.0, 20.0]}, {'obstacle_id': 2, 'position_ned_m': [25.0, 50.43999999999997, 20.0]}]",,,,
occlusion_release,2.000000000000001,10,20.600000000000023,50.0,20.0,0.0,0.0,0.3,0.0,0.0,"[{'obstacle_id': 1, 'position_ned_m': [30.400000000000063, 50.0, 20.0]}, {'obstacle_id': 2, 'position_ned_m': [25.0, 50.599999999999966, 20.0]}]",,,,
occlusion_release,2.2,11,20.660000000000025,50.0,20.0,0.0,0.0,0.3,0.0,0.0,"[{'obstacle_id': 1, 'position_ned_m': [30.44000000000007, 50.0, 20.0]}, {'obstacle_id': 2, 'position_ned_m': [25.0, 50.75999999999996, 20.0]}]",,,,
occlusion_release,2.3999999999999995,12,20.720000000000027,50.0,20.0,0.0,0.0,0.3,0.0,0.0,"[{'obstacle_id': 1, 'position_ned_m': [30.480000000000075, 50.0, 20.0]}, {'obstacle_id': 2, 'position_ned_m': [25.0, 50.91999999999996, 20.0]}]",,,,
occlusion_release,2.5999999999999988,13,20.78000000000003,50.0,20.0,0.0,0.0,0.3,0.0,0.0,"[{'obstacle_id': 1, 'position_ned_m': [30.52000000000008, 50.0, 20.0]}, {'obstacle_id': 2, 'position_ned_m': [25.0, 51.079999999999956, 20.0]}]",,,,
occlusion_release,2.799999999999998,14,20.840000000000032,50.0,20.0,0.0,0.0,0.3,0.0,0.0,"[{'obstacle_id': 1, 'position_ned_m': [30.560000000000088, 50.0, 20.0]}, {'obstacle_id': 2, 'position_ned_m': [25.0, 51.23999999999995, 20.0]}]",,,,
occlusion_release,2.9999999999999973,15,20.900000000000034,50.0,20.0,0.0,0.0,0.3,0.0,0.0,"[{'obstacle_id': 1, 'position_ned_m': [30.600000000000094, 50.0, 20.0]}, {'obstacle_id': 2, 'position_ned_m': [25.0, 51.39999999999995, 20.0]}]",,,,
dropout_return,0.0,0,20.0,50.0,20.0,0.0,0.0,0.3,0.0,0.0,"[{'obstacle_id': 1, 'position_ned_m': [30.0, 50.0, 20.0]}]",,,,
dropout_return,0.2,1,20.060000000000002,50.0,20.0,0.0,0.0,0.3,0.0,0.0,"[{'obstacle_id': 1, 'position_ned_m': [30.040000000000006, 50.0, 20.0]}]",,,,
dropout_return,0.39999999999999997,2,20.120000000000005,50.0,20.0,0.0,0.0,0.3,0.0,0.0,"[{'obstacle_id': 1, 'position_ned_m': [30.080000000000013, 50.0, 20.0]}]",,,,
dropout_return,0.6,3,20.180000000000007,50.0,20.0,0.0,0.0,0.3,0.0,0.0,"[{'obstacle_id': 1, 'position_ned_m': [30.12000000000002, 50.0, 20.0]}]",,,,
dropout_return,0.8000000000000002,4,20.24000000000001,50.0,20.0,0.0,0.0,0.3,0.0,0.0,"[{'obstacle_id': 1, 'position_ned_m': [30.160000000000025, 50.0, 20.0]}]",,,,
delay_1,0.0,0,20.0,50.0,20.0,0.0,0.0,0.3,0.0,0.0,"[{'obstacle_id': 1, 'position_ned_m': [30.0, 50.0, 20.0]}]",,,,
delay_1,0.2,1,20.060000000000002,50.0,20.0,0.0,0.0,0.3,0.0,0.0,"[{'obstacle_id': 1, 'position_ned_m': [30.040000000000006, 50.0, 20.0]}]",,,,
delay_1,0.39999999999999997,2,20.120000000000005,50.0,20.0,0.0,0.0,0.3,0.0,0.0,"[{'obstacle_id': 1, 'position_ned_m': [30.080000000000013, 50.0, 20.0]}]",,,,
delay_1,0.6,3,20.180000000000007,50.0,20.0,0.0,0.0,0.3,0.0,0.0,"[{'obstacle_id': 1, 'position_ned_m': [30.12000000000002, 50.0, 20.0]}]",,,,
delay_1,0.8000000000000002,4,20.24000000000001,50.0,20.0,0.0,0.0,0.3,0.0,0.0,"[{'obstacle_id': 1, 'position_ned_m': [30.160000000000025, 50.0, 20.0]}]",,,,
delay_1,1.0000000000000002,5,20.30000000000001,50.0,20.0,0.0,0.0,0.3,0.0,0.0,"[{'obstacle_id': 1, 'position_ned_m': [30.20000000000003, 50.0, 20.0]}]",,,,
delay_1,1.2000000000000004,6,20.360000000000014,50.0,20.0,0.0,0.0,0.3,0.0,0.0,"[{'obstacle_id': 1, 'position_ned_m': [30.240000000000038, 50.0, 20.0]}]",,,,
delay_2,0.0,0,20.0,50.0,20.0,0.0,0.0,0.3,0.0,0.0,"[{'obstacle_id': 1, 'position_ned_m': [30.0, 50.0, 20.0]}]",,,,
delay_2,0.2,1,20.060000000000002,50.0,20.0,0.0,0.0,0.3,0.0,0.0,"[{'obstacle_id': 1, 'position_ned_m': [30.040000000000006, 50.0, 20.0]}]",,,,
delay_2,0.39999999999999997,2,20.120000000000005,50.0,20.0,0.0,0.0,0.3,0.0,0.0,"[{'obstacle_id': 1, 'position_ned_m': [30.080000000000013, 50.0, 20.0]}]",,,,
delay_2,0.6,3,20.180000000000007,50.0,20.0,0.0,0.0,0.3,0.0,0.0,"[{'obstacle_id': 1, 'position_ned_m': [30.12000000000002, 50.0, 20.0]}]",,,,
delay_2,0.8000000000000002,4,20.24000000000001,50.0,20.0,0.0,0.0,0.3,0.0,0.0,"[{'obstacle_id': 1, 'position_ned_m': [30.160000000000025, 50.0, 20.0]}]",,,,
delay_2,1.0000000000000002,5,20.30000000000001,50.0,20.0,0.0,0.0,0.3,0.0,0.0,"[{'obstacle_id': 1, 'position_ned_m': [30.20000000000003, 50.0, 20.0]}]",,,,
delay_2,1.2000000000000004,6,20.360000000000014,50.0,20.0,0.0,0.0,0.3,0.0,0.0,"[{'obstacle_id': 1, 'position_ned_m': [30.240000000000038, 50.0, 20.0]}]",,,,
