trajectory_id,selection,training_seed,model_transition,task_profile,environment_seed,scenario_id,experiment_code_commit,registration_id,branch,status,transitions,warmup_control_transitions,failure_type,complete,reward,discounted_reward,initial_goal_distance_m,final_goal_distance_m,goal_success_rewards,executed_segment_count,independent_observation_max_abs_error,independent_command_max_abs_error,reward_component_max_abs_error,undiscounted_progress_telescoping_error,actor_parameters_unchanged,goal_event_consistent,science_training_steps,science_training_updates,training_replay_writes,actor_gradient_operations,closest_distance_m,closest_timestamp_s,first_goal_entry_timestamp_s,event_mismatch_count,boundary_subtypes,reward_components
r1_final_s11_R01_horizontal_empty,R1_FINAL_FIXED,11,100000,obstacle_free,810001,R01_horizontal_empty,9029d60a3d88210e9113936b5da4f604bbf8c202,STAGE2_B0_FAILURE_DIAGNOSIS_AND_REPAIR_R1,original,COMPLETED,1000,5,task_horizon,True,36.097239079405746,32.95159449600917,59.69999999999999,11.333304973106236,0,4000,0.0,0.0,1.3877787807814457e-17,7.105427357601002e-15,True,True,0,0,0,0,5.516751946061189,129.48257516457923,,0,[],"{""goal"": 0.0, ""progress"": 48.36669502689376, ""smoothness"": -2.2694559474874545, ""time"": -10.000000000000524}"
r1_final_s11_R02_deeper_empty,R1_FINAL_FIXED,11,100000,obstacle_free,810002,R02_deeper_empty,9029d60a3d88210e9113936b5da4f604bbf8c202,STAGE2_B0_FAILURE_DIAGNOSIS_AND_REPAIR_R1,original,COMPLETED,1000,5,task_horizon,True,32.68582130949195,33.36353685455369,61.796698785040114,17.52050642510048,0,4000,0.0,0.0,1.734723475976807e-18,5.684341886080802e-14,True,True,0,0,0,0,8.61661571827612,149.20231604751874,,0,[],"{""goal"": 0.0, ""progress"": 44.27619235993958, ""smoothness"": -1.5903710504470503, ""time"": -10.000000000000524}"
r1_final_s11_R03_shallower_empty,R1_FINAL_FIXED,11,100000,obstacle_free,810003,R03_shallower_empty,9029d60a3d88210e9113936b5da4f604bbf8c202,STAGE2_B0_FAILURE_DIAGNOSIS_AND_REPAIR_R1,original,COMPLETED,1000,5,task_horizon,True,30.90624656207387,31.541470263772915,61.796698785040114,17.198505649395162,0,4000,0.0,0.0,1.3877787807814457e-17,2.842170943040401e-14,True,True,0,0,0,0,4.915249247928565,169.06120431069354,,0,[],"{""goal"": 0.0, ""progress"": 44.598193135644976, ""smoothness"": -3.6919465735705517, ""time"": -10.000000000000524}"
r1_final_s22_R01_horizontal_empty,R1_FINAL_FIXED,22,100000,obstacle_free,810001,R01_horizontal_empty,9029d60a3d88210e9113936b5da4f604bbf8c202,STAGE2_B0_FAILURE_DIAGNOSIS_AND_REPAIR_R1,original,COMPLETED,1000,5,task_horizon,True,15.51769187078508,22.75928693862294,59.69999999999999,21.10521474413361,0,4000,0.0,0.0,1.3877787807814457e-17,2.1316282072803006e-14,True,True,0,0,0,0,11.411800934094881,63.549999999998526,,0,[],"{""goal"": 0.0, ""progress"": 38.5947852558664, ""smoothness"": -13.077093385080776, ""time"": -10.000000000000524}"
r1_final_s22_R02_deeper_empty,R1_FINAL_FIXED,22,100000,obstacle_free,810002,R02_deeper_empty,9029d60a3d88210e9113936b5da4f604bbf8c202,STAGE2_B0_FAILURE_DIAGNOSIS_AND_REPAIR_R1,original,COMPLETED,1000,5,task_horizon,True,23.56484999592973,25.913667249880877,61.796698785040114,15.029129596544852,0,4000,0.0,0.0,1.3877787807814457e-17,1.4210854715202004e-14,True,True,0,0,0,0,14.287459865027609,162.75000000000276,,0,[],"{""goal"": 0.0, ""progress"": 46.76756918849527, ""smoothness"": -13.202719192564931, ""time"": -10.000000000000524}"
r1_final_s22_R03_shallower_empty,R1_FINAL_FIXED,22,100000,obstacle_free,810003,R03_shallower_empty,9029d60a3d88210e9113936b5da4f604bbf8c202,STAGE2_B0_FAILURE_DIAGNOSIS_AND_REPAIR_R1,original,COMPLETED,1000,5,task_horizon,True,17.15662515535744,21.930058505888532,61.796698785040114,20.44487182352135,0,4000,0.0,0.0,1.3877787807814457e-17,7.105427357601002e-14,True,True,0,0,0,0,17.90477250766877,63.59999999999852,,0,[],"{""goal"": 0.0, ""progress"": 41.3518269615187, ""smoothness"": -14.195201806160743, ""time"": -10.000000000000524}"
r1_final_s33_R01_horizontal_empty,R1_FINAL_FIXED,33,100000,obstacle_free,810001,R01_horizontal_empty,9029d60a3d88210e9113936b5da4f604bbf8c202,STAGE2_B0_FAILURE_DIAGNOSIS_AND_REPAIR_R1,original,COMPLETED,1000,5,task_horizon,True,27.12442436818571,30.262208211170314,59.69999999999999,21.315402039594595,0,4000,0.0,0.0,6.938893903907228e-18,2.1316282072803006e-14,True,True,0,0,0,0,3.3802213484960224,77.32092095433109,,0,[],"{""goal"": 0.0, ""progress"": 38.384597960405415, ""smoothness"": -1.260173592219161, ""time"": -10.000000000000524}"
r1_final_s33_R02_deeper_empty,R1_FINAL_FIXED,33,100000,obstacle_free,810002,R02_deeper_empty,9029d60a3d88210e9113936b5da4f604bbf8c202,STAGE2_B0_FAILURE_DIAGNOSIS_AND_REPAIR_R1,original,COMPLETED,1000,5,task_horizon,True,36.89294507786319,34.79021033661269,61.796698785040114,14.640160904791413,0,4000,0.0,0.0,4.336808689942018e-19,4.973799150320701e-14,True,True,0,0,0,0,11.13902474071093,177.92657434041473,,0,[],"{""goal"": 0.0, ""progress"": 47.15653788024875, ""smoothness"": -0.26359280238492105, ""time"": -10.000000000000524}"
r1_final_s33_R03_shallower_empty,R1_FINAL_FIXED,33,100000,obstacle_free,810003,R03_shallower_empty,9029d60a3d88210e9113936b5da4f604bbf8c202,STAGE2_B0_FAILURE_DIAGNOSIS_AND_REPAIR_R1,original,COMPLETED,641,5,operational_boundary_failure,True,24.63184928431546,24.530491834081456,61.796698785040114,29.181267388624192,0,2562,0.0,0.0,3.469446951953614e-18,3.552713678800501e-14,True,True,0,0,0,0,20.87533752921786,66.42300676024969,,0,"[""position_D_upper""]","{""goal"": 0.0, ""progress"": 32.615431396415886, ""smoothness"": -1.579308542393333, ""time"": -6.40427356970719}"
