group,training_seed,bin_last,episode_bin_scope,complete_physical_episodes,event_counts,success_rate,collision_rate,boundary_rate,timeout_rate,denominator,fragments,external_truncations,budget_stop_fragments,phase_boundary_fragments,logged_training_steps,action_saturation_transition_rate,clearance_applicable_episodes,near_miss_count,near_miss_rate_on_clearance_applicable,path_length_definition,moments,boundary_subtypes,boundary_subtype_scope,complete_episode_steps,successful_episode_transitions,successful_terminal_transitions,reward_components,additional_moments,near_goal_10m_episode_count,goal_approach_measured_episodes,goal_entry_observed_episode_count,success_missing_goal_entry_diagnostic,goal_entry_without_success
C_3e-4,11,25000,whole episode by final transition,70,"{""goal_success"": 2, ""collision"": 0, ""operational_boundary_failure"": 64, ""task_horizon"": 4}",0.02857142857142857,0.0,0.9142857142857143,0.05714285714285714,complete physical episodes; external/phase/budget fragments excluded,0,0,0,0,24263,0.0,0,0,,CONTROL_NODE_POLYLINE,"{""reward"": {""n"": 70, ""mean"": 11.617008409365543, ""sample_sd"": 30.680170218300447}, ""progress_reward"": {""n"": 70, ""mean"": 23.506633026541056, ""sample_sd"": 20.939476285430313}, ""travel_time_s"": {""n"": 70, ""mean"": 69.21980329224489, ""sample_sd"": 48.915664261614594}, ""penalized_time_s"": {""n"": 70, ""mean"": 196.47280689419165, ""sample_sd"": 21.271326814641217}, ""progress_m"": {""n"": 0, ""mean"": null, ""sample_sd"": null}, ""path_length_m"": {""n"": 70, ""mean"": 59.97345280694807, ""sample_sd"": 38.39570321083581}, ""successful_path_length_m"": {""n"": 2, ""mean"": 71.80117089849416, ""sample_sd"": 23.665136263447174}, ""minimum_clearance_m"": {""n"": 0, ""mean"": null, ""sample_sd"": null}}","{""NOT_RECORDED"": 64}",complete episodes; C historical subtype unavailable,24263,766,2,"{""progress"": {""n"": 70, ""mean"": 23.506633026541056, ""sample_sd"": 20.939476285430317}, ""goal"": {""n"": 70, ""mean"": 2.857142857142857, ""sample_sd"": 16.78015193509294}, ""time"": {""n"": 70, ""mean"": -3.460990164612245, ""sample_sd"": 2.4457832130807287}, ""smoothness"": {""n"": 70, ""mean"": -11.285777309706125, ""sample_sd"": 6.970466406552997}}","{""minimum_goal_distance_m"": {""n"": 0, ""mean"": null, ""sample_sd"": null}, ""minimum_goal_distance_time_s"": {""n"": 0, ""mean"": null, ""sample_sd"": null}, ""first_within_10m_time_s"": {""n"": 0, ""mean"": null, ""sample_sd"": null}, ""first_goal_entry_time_s"": {""n"": 0, ""mean"": null, ""sample_sd"": null}, ""initial_distance_m"": {""n"": 0, ""mean"": null, ""sample_sd"": null}, ""final_distance_m"": {""n"": 0, ""mean"": null, ""sample_sd"": null}}",,0,,,
C_3e-4,11,50000,whole episode by final transition,33,"{""goal_success"": 3, ""collision"": 0, ""operational_boundary_failure"": 14, ""task_horizon"": 16}",0.09090909090909091,0.0,0.42424242424242425,0.48484848484848486,complete physical episodes; external/phase/budget fragments excluded,0,0,0,0,25501,0.0,0,0,,CONTROL_NODE_POLYLINE,"{""reward"": {""n"": 33, ""mean"": 46.37996070162401, ""sample_sd"": 35.94152926668371}, ""progress_reward"": {""n"": 33, ""mean"": 50.2764828779673, ""sample_sd"": 11.206564195531836}, ""travel_time_s"": {""n"": 33, ""mean"": 154.5104300674529, ""sample_sd"": 61.756320041725466}, ""penalized_time_s"": {""n"": 33, ""mean"": 187.69818077190217, ""sample_sd"": 39.51975401309725}, ""progress_m"": {""n"": 0, ""mean"": null, ""sample_sd"": null}, ""path_length_m"": {""n"": 33, ""mean"": 120.9378033683856, ""sample_sd"": 43.02383364854719}, ""successful_path_length_m"": {""n"": 3, ""mean"": 64.98092728346181, ""sample_sd"": 3.842877835297583}, ""minimum_clearance_m"": {""n"": 0, ""mean"": null, ""sample_sd"": null}}","{""NOT_RECORDED"": 14}",complete episodes; C historical subtype unavailable,25501,971,3,"{""progress"": {""n"": 33, ""mean"": 50.2764828779673, ""sample_sd"": 11.206564195531836}, ""goal"": {""n"": 33, ""mean"": 9.090909090909092, ""sample_sd"": 29.19371040605711}, ""time"": {""n"": 33, ""mean"": -7.725521503372632, ""sample_sd"": 3.0878160020862553}, ""smoothness"": {""n"": 33, ""mean"": -5.261909763879713, ""sample_sd"": 2.581357042957438}}","{""minimum_goal_distance_m"": {""n"": 0, ""mean"": null, ""sample_sd"": null}, ""minimum_goal_distance_time_s"": {""n"": 0, ""mean"": null, ""sample_sd"": null}, ""first_within_10m_time_s"": {""n"": 0, ""mean"": null, ""sample_sd"": null}, ""first_goal_entry_time_s"": {""n"": 0, ""mean"": null, ""sample_sd"": null}, ""initial_distance_m"": {""n"": 0, ""mean"": null, ""sample_sd"": null}, ""final_distance_m"": {""n"": 0, ""mean"": null, ""sample_sd"": null}}",,0,,,
C_3e-4,11,75000,whole episode by final transition,29,"{""goal_success"": 7, ""collision"": 0, ""operational_boundary_failure"": 4, ""task_horizon"": 18}",0.2413793103448276,0.0,0.13793103448275862,0.6206896551724138,complete physical episodes; external/phase/budget fragments excluded,0,0,0,0,24622,4.061408496466574e-05,0,0,,CONTROL_NODE_POLYLINE,"{""reward"": {""n"": 29, ""mean"": 68.18897429981855, ""sample_sd"": 48.01686274504374}, ""progress_reward"": {""n"": 29, ""mean"": 59.503836930302235, ""sample_sd"": 6.5165689911740685}, ""travel_time_s"": {""n"": 29, ""mean"": 169.76871582242512, ""sample_sd"": 46.145434473186334}, ""penalized_time_s"": {""n"": 29, ""mean"": 182.16765896375895, ""sample_sd"": 39.50497564749576}, ""progress_m"": {""n"": 0, ""mean"": null, ""sample_sd"": null}, ""path_length_m"": {""n"": 29, ""mean"": 132.32150698835687, ""sample_sd"": 32.594836684417274}, ""successful_path_length_m"": {""n"": 7, ""mean"": 106.31769958919777, ""sample_sd"": 35.57718983851172}, ""minimum_clearance_m"": {""n"": 0, ""mean"": null, ""sample_sd"": null}}","{""NOT_RECORDED"": 4}",complete episodes; C historical subtype unavailable,24622,4418,7,"{""progress"": {""n"": 29, ""mean"": 59.50383693030224, ""sample_sd"": 6.516568991174069}, ""goal"": {""n"": 29, ""mean"": 24.137931034482758, ""sample_sd"": 43.54941703556927}, ""time"": {""n"": 29, ""mean"": -8.488435791121235, ""sample_sd"": 2.3072717236592886}, ""smoothness"": {""n"": 29, ""mean"": -6.964357873845188, ""sample_sd"": 2.536337406514216}}","{""minimum_goal_distance_m"": {""n"": 0, ""mean"": null, ""sample_sd"": null}, ""minimum_goal_distance_time_s"": {""n"": 0, ""mean"": null, ""sample_sd"": null}, ""first_within_10m_time_s"": {""n"": 0, ""mean"": null, ""sample_sd"": null}, ""first_goal_entry_time_s"": {""n"": 0, ""mean"": null, ""sample_sd"": null}, ""initial_distance_m"": {""n"": 0, ""mean"": null, ""sample_sd"": null}, ""final_distance_m"": {""n"": 0, ""mean"": null, ""sample_sd"": null}}",,0,,,
C_3e-4,11,100000,whole episode by final transition,29,"{""goal_success"": 5, ""collision"": 0, ""operational_boundary_failure"": 6, ""task_horizon"": 18}",0.1724137931034483,0.0,0.20689655172413793,0.6206896551724138,complete physical episodes; external/phase/budget fragments excluded,2,0,0,2,25614,4.131036477052093e-05,0,0,,CONTROL_NODE_POLYLINE,"{""reward"": {""n"": 29, ""mean"": 55.79048753962279, ""sample_sd"": 45.31850021475484}, ""progress_reward"": {""n"": 29, ""mean"": 56.65517342189349, ""sample_sd"": 11.897042082746076}, ""travel_time_s"": {""n"": 29, ""mean"": 166.90749821096057, ""sample_sd"": 55.77898068960843}, ""penalized_time_s"": {""n"": 29, ""mean"": 191.55031625385558, ""sample_sd"": 22.906532255813772}, ""progress_m"": {""n"": 0, ""mean"": null, ""sample_sd"": null}, ""path_length_m"": {""n"": 29, ""mean"": 136.80596131333243, ""sample_sd"": 43.61818311814791}, ""successful_path_length_m"": {""n"": 5, ""mean"": 125.1450869584136, ""sample_sd"": 23.41690749852356}, ""minimum_clearance_m"": {""n"": 0, ""mean"": null, ""sample_sd"": null}}","{""NOT_RECORDED"": 6}",complete episodes; C historical subtype unavailable,24207,3777,5,"{""progress"": {""n"": 29, ""mean"": 56.65517342189347, ""sample_sd"": 11.897042082746074}, ""goal"": {""n"": 29, ""mean"": 17.24137931034483, ""sample_sd"": 38.44258722192448}, ""time"": {""n"": 29, ""mean"": -8.345374910548006, ""sample_sd"": 2.7889490344804013}, ""smoothness"": {""n"": 29, ""mean"": -9.7606902820675, ""sample_sd"": 3.9429181184121243}}","{""minimum_goal_distance_m"": {""n"": 0, ""mean"": null, ""sample_sd"": null}, ""minimum_goal_distance_time_s"": {""n"": 0, ""mean"": null, ""sample_sd"": null}, ""first_within_10m_time_s"": {""n"": 0, ""mean"": null, ""sample_sd"": null}, ""first_goal_entry_time_s"": {""n"": 0, ""mean"": null, ""sample_sd"": null}, ""initial_distance_m"": {""n"": 0, ""mean"": null, ""sample_sd"": null}, ""final_distance_m"": {""n"": 0, ""mean"": null, ""sample_sd"": null}}",,0,,,
C_3e-4,22,25000,whole episode by final transition,85,"{""goal_success"": 2, ""collision"": 0, ""operational_boundary_failure"": 83, ""task_horizon"": 0}",0.023529411764705882,0.0,0.9764705882352941,0.0,complete physical episodes; external/phase/budget fragments excluded,0,0,0,0,24733,0.0,0,0,,CONTROL_NODE_POLYLINE,"{""reward"": {""n"": 85, ""mean"": 15.146571056142296, ""sample_sd"": 30.10146112802944}, ""progress_reward"": {""n"": 85, ""mean"": 24.820605407538206, ""sample_sd"": 19.945390701335445}, ""travel_time_s"": {""n"": 85, ""mean"": 58.10440458028228, ""sample_sd"": 29.2826805783998}, ""penalized_time_s"": {""n"": 85, ""mean"": 196.46717587423996, ""sample_sd"": 22.898047697276983}, ""progress_m"": {""n"": 0, ""mean"": null, ""sample_sd"": null}, ""path_length_m"": {""n"": 85, ""mean"": 57.299189106546095, ""sample_sd"": 30.019140006862266}, ""successful_path_length_m"": {""n"": 2, ""mean"": 60.14001052774725, ""sample_sd"": 7.102073293775681}, ""minimum_clearance_m"": {""n"": 0, ""mean"": null, ""sample_sd"": null}}","{""NOT_RECORDED"": 83}",complete episodes; C historical subtype unavailable,24733,499,2,"{""progress"": {""n"": 85, ""mean"": 24.820605407538203, ""sample_sd"": 19.94539070133544}, ""goal"": {""n"": 85, ""mean"": 2.3529411764705883, ""sample_sd"": 15.247721049352899}, ""time"": {""n"": 85, ""mean"": -2.9052202290141116, ""sample_sd"": 1.4641340289199918}, ""smoothness"": {""n"": 85, ""mean"": -9.121755298852383, ""sample_sd"": 5.815681225535915}}","{""minimum_goal_distance_m"": {""n"": 0, ""mean"": null, ""sample_sd"": null}, ""minimum_goal_distance_time_s"": {""n"": 0, ""mean"": null, ""sample_sd"": null}, ""first_within_10m_time_s"": {""n"": 0, ""mean"": null, ""sample_sd"": null}, ""first_goal_entry_time_s"": {""n"": 0, ""mean"": null, ""sample_sd"": null}, ""initial_distance_m"": {""n"": 0, ""mean"": null, ""sample_sd"": null}, ""final_distance_m"": {""n"": 0, ""mean"": null, ""sample_sd"": null}}",,0,,,
C_3e-4,22,50000,whole episode by final transition,40,"{""goal_success"": 3, ""collision"": 0, ""operational_boundary_failure"": 24, ""task_horizon"": 13}",0.075,0.0,0.6,0.325,complete physical episodes; external/phase/budget fragments excluded,0,0,0,0,24404,4.097688903458449e-05,0,0,,CONTROL_NODE_POLYLINE,"{""reward"": {""n"": 40, ""mean"": 37.57349678750057, ""sample_sd"": 33.873789266890974}, ""progress_reward"": {""n"": 40, ""mean"": 44.10157894836056, ""sample_sd"": 14.078712034903347}, ""travel_time_s"": {""n"": 40, ""mean"": 121.95431471685382, ""sample_sd"": 64.28395330462719}, ""penalized_time_s"": {""n"": 40, ""mean"": 193.54210242040574, ""sample_sd"": 26.45066224750157}, ""progress_m"": {""n"": 0, ""mean"": null, ""sample_sd"": null}, ""path_length_m"": {""n"": 40, ""mean"": 128.31741065786673, ""sample_sd"": 60.00718659309097}, ""successful_path_length_m"": {""n"": 3, ""mean"": 118.21428054443874, ""sample_sd"": 52.155188001137084}, ""minimum_clearance_m"": {""n"": 0, ""mean"": null, ""sample_sd"": null}}","{""NOT_RECORDED"": 24}",complete episodes; C historical subtype unavailable,24404,1710,3,"{""progress"": {""n"": 40, ""mean"": 44.10157894836057, ""sample_sd"": 14.078712034903345}, ""goal"": {""n"": 40, ""mean"": 7.5, ""sample_sd"": 26.67467828369185}, ""time"": {""n"": 40, ""mean"": -6.097715735842687, ""sample_sd"": 3.2141976652313473}, ""smoothness"": {""n"": 40, ""mean"": -7.930366425017323, ""sample_sd"": 6.690948034487753}}","{""minimum_goal_distance_m"": {""n"": 0, ""mean"": null, ""sample_sd"": null}, ""minimum_goal_distance_time_s"": {""n"": 0, ""mean"": null, ""sample_sd"": null}, ""first_within_10m_time_s"": {""n"": 0, ""mean"": null, ""sample_sd"": null}, ""first_goal_entry_time_s"": {""n"": 0, ""mean"": null, ""sample_sd"": null}, ""initial_distance_m"": {""n"": 0, ""mean"": null, ""sample_sd"": null}, ""final_distance_m"": {""n"": 0, ""mean"": null, ""sample_sd"": null}}",,0,,,
C_3e-4,22,75000,whole episode by final transition,34,"{""goal_success"": 1, ""collision"": 0, ""operational_boundary_failure"": 18, ""task_horizon"": 15}",0.029411764705882353,0.0,0.5294117647058824,0.4411764705882353,complete physical episodes; external/phase/budget fragments excluded,0,0,0,0,24621,4.0615734535559076e-05,0,0,,CONTROL_NODE_POLYLINE,"{""reward"": {""n"": 34, ""mean"": 32.521471157988515, ""sample_sd"": 23.542342377233147}, ""progress_reward"": {""n"": 34, ""mean"": 43.636181621980455, ""sample_sd"": 12.399508973585503}, ""travel_time_s"": {""n"": 34, ""mean"": 144.77522694101415, ""sample_sd"": 66.55173837759443}, ""penalized_time_s"": {""n"": 34, ""mean"": 196.98881544338516, ""sample_sd"": 17.55807229612201}, ""progress_m"": {""n"": 0, ""mean"": null, ""sample_sd"": null}, ""path_length_m"": {""n"": 34, ""mean"": 155.67524701660383, ""sample_sd"": 72.45548879941273}, ""successful_path_length_m"": {""n"": 1, ""mean"": 110.27290117057335, ""sample_sd"": null}, ""minimum_clearance_m"": {""n"": 0, ""mean"": null, ""sample_sd"": null}}","{""NOT_RECORDED"": 18}",complete episodes; C historical subtype unavailable,24621,489,1,"{""progress"": {""n"": 34, ""mean"": 43.63618162198045, ""sample_sd"": 12.399508973585503}, ""goal"": {""n"": 34, ""mean"": 2.9411764705882355, ""sample_sd"": 17.149858514250884}, ""time"": {""n"": 34, ""mean"": -7.238761347050694, ""sample_sd"": 3.327586918879702}, ""smoothness"": {""n"": 34, ""mean"": -6.817125587529475, ""sample_sd"": 3.4455592827818142}}","{""minimum_goal_distance_m"": {""n"": 0, ""mean"": null, ""sample_sd"": null}, ""minimum_goal_distance_time_s"": {""n"": 0, ""mean"": null, ""sample_sd"": null}, ""first_within_10m_time_s"": {""n"": 0, ""mean"": null, ""sample_sd"": null}, ""first_goal_entry_time_s"": {""n"": 0, ""mean"": null, ""sample_sd"": null}, ""initial_distance_m"": {""n"": 0, ""mean"": null, ""sample_sd"": null}, ""final_distance_m"": {""n"": 0, ""mean"": null, ""sample_sd"": null}}",,0,,,
C_3e-4,22,100000,whole episode by final transition,37,"{""goal_success"": 6, ""collision"": 0, ""operational_boundary_failure"": 17, ""task_horizon"": 14}",0.16216216216216217,0.0,0.4594594594594595,0.3783783783783784,complete physical episodes; external/phase/budget fragments excluded,2,0,0,2,26242,3.8424591738712775e-05,0,0,,CONTROL_NODE_POLYLINE,"{""reward"": {""n"": 37, ""mean"": 53.76159118630735, ""sample_sd"": 44.54327335596955}, ""progress_reward"": {""n"": 37, ""mean"": 51.92330427904101, ""sample_sd"": 10.23266147603925}, ""travel_time_s"": {""n"": 37, ""mean"": 140.62736105665056, ""sample_sd"": 56.77368620685648}, ""penalized_time_s"": {""n"": 37, ""mean"": 183.8602184113457, ""sample_sd"": 39.39608805991624}, ""progress_m"": {""n"": 0, ""mean"": null, ""sample_sd"": null}, ""path_length_m"": {""n"": 37, ""mean"": 142.7439825049495, ""sample_sd"": 52.72833490916652}, ""successful_path_length_m"": {""n"": 6, ""mean"": 108.68466675054859, ""sample_sd"": 31.59407749074695}, ""minimum_clearance_m"": {""n"": 0, ""mean"": null, ""sample_sd"": null}}","{""NOT_RECORDED"": 17}",complete episodes; C historical subtype unavailable,26025,3016,6,"{""progress"": {""n"": 37, ""mean"": 51.923304279041005, ""sample_sd"": 10.23266147603925}, ""goal"": {""n"": 37, ""mean"": 16.216216216216218, ""sample_sd"": 37.36838766118222}, ""time"": {""n"": 37, ""mean"": -7.031368052832525, ""sample_sd"": 2.8386843103428054}, ""smoothness"": {""n"": 37, ""mean"": -7.346561256117352, ""sample_sd"": 2.492973928588602}}","{""minimum_goal_distance_m"": {""n"": 0, ""mean"": null, ""sample_sd"": null}, ""minimum_goal_distance_time_s"": {""n"": 0, ""mean"": null, ""sample_sd"": null}, ""first_within_10m_time_s"": {""n"": 0, ""mean"": null, ""sample_sd"": null}, ""first_goal_entry_time_s"": {""n"": 0, ""mean"": null, ""sample_sd"": null}, ""initial_distance_m"": {""n"": 0, ""mean"": null, ""sample_sd"": null}, ""final_distance_m"": {""n"": 0, ""mean"": null, ""sample_sd"": null}}",,0,,,
C_3e-4,33,25000,whole episode by final transition,79,"{""goal_success"": 1, ""collision"": 0, ""operational_boundary_failure"": 74, ""task_horizon"": 4}",0.012658227848101266,0.0,0.9367088607594937,0.05063291139240506,complete physical episodes; external/phase/budget fragments excluded,0,0,0,0,24430,0.0,0,0,,CONTROL_NODE_POLYLINE,"{""reward"": {""n"": 79, ""mean"": 14.848570043769413, ""sample_sd"": 19.723998852452837}, ""progress_reward"": {""n"": 79, ""mean"": 26.210571013183394, ""sample_sd"": 16.510602620600615}, ""travel_time_s"": {""n"": 79, ""mean"": 61.76399719110796, ""sample_sd"": 48.826647209124395}, ""penalized_time_s"": {""n"": 79, ""mean"": 198.4906446140389, ""sample_sd"": 13.415444115244368}, ""progress_m"": {""n"": 0, ""mean"": null, ""sample_sd"": null}, ""path_length_m"": {""n"": 79, ""mean"": 56.98298456526119, ""sample_sd"": 45.44463852912322}, ""successful_path_length_m"": {""n"": 1, ""mean"": 70.54852603079424, ""sample_sd"": null}, ""minimum_clearance_m"": {""n"": 0, ""mean"": null, ""sample_sd"": null}}","{""NOT_RECORDED"": 74}",complete episodes; C historical subtype unavailable,24430,404,1,"{""progress"": {""n"": 79, ""mean"": 26.210571013183394, ""sample_sd"": 16.510602620600615}, ""goal"": {""n"": 79, ""mean"": 1.2658227848101267, ""sample_sd"": 11.250879009260238}, ""time"": {""n"": 79, ""mean"": -3.0881998595553957, ""sample_sd"": 2.4413323604562187}, ""smoothness"": {""n"": 79, ""mean"": -9.539623894668704, ""sample_sd"": 6.570651916822386}}","{""minimum_goal_distance_m"": {""n"": 0, ""mean"": null, ""sample_sd"": null}, ""minimum_goal_distance_time_s"": {""n"": 0, ""mean"": null, ""sample_sd"": null}, ""first_within_10m_time_s"": {""n"": 0, ""mean"": null, ""sample_sd"": null}, ""first_goal_entry_time_s"": {""n"": 0, ""mean"": null, ""sample_sd"": null}, ""initial_distance_m"": {""n"": 0, ""mean"": null, ""sample_sd"": null}, ""final_distance_m"": {""n"": 0, ""mean"": null, ""sample_sd"": null}}",,0,,,
C_3e-4,33,50000,whole episode by final transition,30,"{""goal_success"": 6, ""collision"": 0, ""operational_boundary_failure"": 6, ""task_horizon"": 18}",0.2,0.0,0.2,0.6,complete physical episodes; external/phase/budget fragments excluded,0,0,0,0,25288,0.0,0,0,,CONTROL_NODE_POLYLINE,"{""reward"": {""n"": 30, ""mean"": 56.594614841009985, ""sample_sd"": 48.52414567456317}, ""progress_reward"": {""n"": 30, ""mean"": 53.61070019866327, ""sample_sd"": 8.102228116046962}, ""travel_time_s"": {""n"": 30, ""mean"": 168.5407485544942, ""sample_sd"": 51.941123492419464}, ""penalized_time_s"": {""n"": 30, ""mean"": 181.78278499743348, ""sample_sd"": 41.972332531743376}, ""progress_m"": {""n"": 0, ""mean"": null, ""sample_sd"": null}, ""path_length_m"": {""n"": 30, ""mean"": 147.57187826719212, ""sample_sd"": 45.52481647578017}, ""successful_path_length_m"": {""n"": 6, ""mean"": 94.58452929942277, ""sample_sd"": 39.822414990474385}, ""minimum_clearance_m"": {""n"": 0, ""mean"": null, ""sample_sd"": null}}","{""NOT_RECORDED"": 6}",complete episodes; C historical subtype unavailable,25288,3271,6,"{""progress"": {""n"": 30, ""mean"": 53.610700198663245, ""sample_sd"": 8.102228116046962}, ""goal"": {""n"": 30, ""mean"": 20.0, ""sample_sd"": 40.68381021724862}, ""time"": {""n"": 30, ""mean"": -8.427037427724681, ""sample_sd"": 2.597056174620957}, ""smoothness"": {""n"": 30, ""mean"": -8.589047929928565, ""sample_sd"": 3.0934394120903663}}","{""minimum_goal_distance_m"": {""n"": 0, ""mean"": null, ""sample_sd"": null}, ""minimum_goal_distance_time_s"": {""n"": 0, ""mean"": null, ""sample_sd"": null}, ""first_within_10m_time_s"": {""n"": 0, ""mean"": null, ""sample_sd"": null}, ""first_goal_entry_time_s"": {""n"": 0, ""mean"": null, ""sample_sd"": null}, ""initial_distance_m"": {""n"": 0, ""mean"": null, ""sample_sd"": null}, ""final_distance_m"": {""n"": 0, ""mean"": null, ""sample_sd"": null}}",,0,,,
C_3e-4,33,75000,whole episode by final transition,35,"{""goal_success"": 4, ""collision"": 0, ""operational_boundary_failure"": 17, ""task_horizon"": 14}",0.11428571428571428,0.0,0.4857142857142857,0.4,complete physical episodes; external/phase/budget fragments excluded,0,0,0,0,24741,0.0,0,0,,CONTROL_NODE_POLYLINE,"{""reward"": {""n"": 35, ""mean"": 41.753145816566004, ""sample_sd"": 41.45322851500017}, ""progress_reward"": {""n"": 35, ""mean"": 45.88956739102938, ""sample_sd"": 18.101055454444978}, ""travel_time_s"": {""n"": 35, ""mean"": 141.3122809093056, ""sample_sd"": 65.59016907535205}, ""penalized_time_s"": {""n"": 35, ""mean"": 191.16050225743237, ""sample_sd"": 27.058214102555375}, ""progress_m"": {""n"": 0, ""mean"": null, ""sample_sd"": null}, ""path_length_m"": {""n"": 35, ""mean"": 117.77232308375415, ""sample_sd"": 55.05296025411498}, ""successful_path_length_m"": {""n"": 4, ""mean"": 105.21449867718943, ""sample_sd"": 31.065958858422608}, ""minimum_clearance_m"": {""n"": 0, ""mean"": null, ""sample_sd"": null}}","{""NOT_RECORDED"": 17}",complete episodes; C historical subtype unavailable,24741,2455,4,"{""progress"": {""n"": 35, ""mean"": 45.88956739102938, ""sample_sd"": 18.101055454444978}, ""goal"": {""n"": 35, ""mean"": 11.428571428571429, ""sample_sd"": 32.28028510906756}, ""time"": {""n"": 35, ""mean"": -7.065614045465275, ""sample_sd"": 3.2795084537675883}, ""smoothness"": {""n"": 35, ""mean"": -8.499378957569505, ""sample_sd"": 4.361164203678557}}","{""minimum_goal_distance_m"": {""n"": 0, ""mean"": null, ""sample_sd"": null}, ""minimum_goal_distance_time_s"": {""n"": 0, ""mean"": null, ""sample_sd"": null}, ""first_within_10m_time_s"": {""n"": 0, ""mean"": null, ""sample_sd"": null}, ""first_goal_entry_time_s"": {""n"": 0, ""mean"": null, ""sample_sd"": null}, ""initial_distance_m"": {""n"": 0, ""mean"": null, ""sample_sd"": null}, ""final_distance_m"": {""n"": 0, ""mean"": null, ""sample_sd"": null}}",,0,,,
C_3e-4,33,100000,whole episode by final transition,28,"{""goal_success"": 4, ""collision"": 0, ""operational_boundary_failure"": 6, ""task_horizon"": 18}",0.14285714285714285,0.0,0.21428571428571427,0.6428571428571429,complete physical episodes; external/phase/budget fragments excluded,2,0,0,2,25541,0.0,0,0,,CONTROL_NODE_POLYLINE,"{""reward"": {""n"": 28, ""mean"": 42.89606271901043, ""sample_sd"": 45.83054975419546}, ""progress_reward"": {""n"": 28, ""mean"": 51.922365696517495, ""sample_sd"": 10.973672164406553}, ""travel_time_s"": {""n"": 28, ""mean"": 174.4311394832644, ""sample_sd"": 46.456247871720755}, ""penalized_time_s"": {""n"": 28, ""mean"": 187.42017939749243, ""sample_sd"": 34.979152988319555}, ""progress_m"": {""n"": 0, ""mean"": null, ""sample_sd"": null}, ""path_length_m"": {""n"": 28, ""mean"": 154.2230019341339, ""sample_sd"": 39.507304673226216}, ""successful_path_length_m"": {""n"": 4, ""mean"": 101.04275967468719, ""sample_sd"": 31.024893874673445}, ""minimum_clearance_m"": {""n"": 0, ""mean"": null, ""sample_sd"": null}}","{""NOT_RECORDED"": 6}",complete episodes; C historical subtype unavailable,24426,2240,4,"{""progress"": {""n"": 28, ""mean"": 51.922365696517495, ""sample_sd"": 10.973672164406553}, ""goal"": {""n"": 28, ""mean"": 14.285714285714286, ""sample_sd"": 35.634832254989924}, ""time"": {""n"": 28, ""mean"": -8.72155697416319, ""sample_sd"": 2.322812393586018}, ""smoothness"": {""n"": 28, ""mean"": -14.590460289058123, ""sample_sd"": 6.018919048071107}}","{""minimum_goal_distance_m"": {""n"": 0, ""mean"": null, ""sample_sd"": null}, ""minimum_goal_distance_time_s"": {""n"": 0, ""mean"": null, ""sample_sd"": null}, ""first_within_10m_time_s"": {""n"": 0, ""mean"": null, ""sample_sd"": null}, ""first_goal_entry_time_s"": {""n"": 0, ""mean"": null, ""sample_sd"": null}, ""initial_distance_m"": {""n"": 0, ""mean"": null, ""sample_sd"": null}, ""final_distance_m"": {""n"": 0, ""mean"": null, ""sample_sd"": null}}",,0,,,
R1_1e-4,11,25000,whole episode by final transition,71,"{""goal_success"": 1, ""collision"": 0, ""operational_boundary_failure"": 67, ""task_horizon"": 3}",0.014084507042253521,0.0,0.9436619718309859,0.04225352112676056,complete physical episodes; external/phase/budget fragments excluded,0,0,0,0,23711,0.0,0,0,,CONTROL_NODE_POLYLINE,"{""reward"": {""n"": 71, ""mean"": 5.388073376358662, ""sample_sd"": 24.57866192586091}, ""progress_reward"": {""n"": 71, ""mean"": 19.37491020508335, ""sample_sd"": 18.147440597897983}, ""travel_time_s"": {""n"": 71, ""mean"": 66.6879661284597, ""sample_sd"": 48.537652360243364}, ""penalized_time_s"": {""n"": 71, ""mean"": 198.113878150927, ""sample_sd"": 15.89274519074924}, ""progress_m"": {""n"": 0, ""mean"": null, ""sample_sd"": null}, ""path_length_m"": {""n"": 71, ""mean"": 58.573774838868346, ""sample_sd"": 40.05611518829093}, ""successful_path_length_m"": {""n"": 1, ""mean"": 67.08203045903845, ""sample_sd"": null}, ""minimum_clearance_m"": {""n"": 0, ""mean"": null, ""sample_sd"": null}}","{""pitch_lower"": 26, ""pitch_upper"": 14, ""position_N_lower"": 4, ""position_E_upper"": 5, ""position_D_upper"": 1, ""position_D_lower"": 1, ""position_N_upper"": 15, ""position_E_lower"": 1}",complete episodes; C historical subtype unavailable,23711,331,1,"{""progress"": {""n"": 71, ""mean"": 19.374910205083353, ""sample_sd"": 18.14744059789798}, ""goal"": {""n"": 71, ""mean"": 1.408450704225352, ""sample_sd"": 11.867816581938532}, ""time"": {""n"": 71, ""mean"": -3.3343983064229885, ""sample_sd"": 2.4268826180121734}, ""smoothness"": {""n"": 71, ""mean"": -12.060889226527058, ""sample_sd"": 7.449704478372498}}","{""minimum_goal_distance_m"": {""n"": 71, ""mean"": 35.733236252805874, ""sample_sd"": 19.248772106833876}, ""minimum_goal_distance_time_s"": {""n"": 71, ""mean"": 40.60158574153684, ""sample_sd"": 23.59403095393371}, ""first_within_10m_time_s"": {""n"": 11, ""mean"": 58.805888306789576, ""sample_sd"": 11.946833516649242}, ""first_goal_entry_time_s"": {""n"": 1, ""mean"": 66.08534871581864, ""sample_sd"": null}, ""initial_distance_m"": {""n"": 71, ""mean"": 65.6287051132365, ""sample_sd"": 7.102449139653526}, ""final_distance_m"": {""n"": 71, ""mean"": 46.25379490815314, ""sample_sd"": 17.809965760228362}}",11,71,1,0,0
R1_1e-4,11,50000,whole episode by final transition,26,"{""goal_success"": 1, ""collision"": 0, ""operational_boundary_failure"": 1, ""task_horizon"": 24}",0.038461538461538464,0.0,0.038461538461538464,0.9230769230769231,complete physical episodes; external/phase/budget fragments excluded,0,0,0,0,24873,0.0,0,0,,CONTROL_NODE_POLYLINE,"{""reward"": {""n"": 26, ""mean"": 31.446768494944674, ""sample_sd"": 25.783633223499873}, ""progress_reward"": {""n"": 26, ""mean"": 48.23500981465186, ""sample_sd"": 8.209268316585396}, ""travel_time_s"": {""n"": 26, ""mean"": 191.32615263274207, ""sample_sd"": 31.50358385276675}, ""penalized_time_s"": {""n"": 26, ""mean"": 194.66812645507895, ""sample_sd"": 27.18732724956146}, ""progress_m"": {""n"": 0, ""mean"": null, ""sample_sd"": null}, ""path_length_m"": {""n"": 26, ""mean"": 145.4504691084523, ""sample_sd"": 21.743416830356427}, ""successful_path_length_m"": {""n"": 1, ""mean"": 63.95167832479377, ""sample_sd"": null}, ""minimum_clearance_m"": {""n"": 0, ""mean"": null, ""sample_sd"": null}}","{""position_E_upper"": 1}",complete episodes; C historical subtype unavailable,24873,307,1,"{""progress"": {""n"": 26, ""mean"": 48.23500981465185, ""sample_sd"": 8.209268316585396}, ""goal"": {""n"": 26, ""mean"": 3.8461538461538463, ""sample_sd"": 19.611613513818398}, ""time"": {""n"": 26, ""mean"": -9.56630763163706, ""sample_sd"": 1.5751791926383223}, ""smoothness"": {""n"": 26, ""mean"": -11.068087534223935, ""sample_sd"": 2.4689839340316175}}","{""minimum_goal_distance_m"": {""n"": 26, ""mean"": 6.928328906976775, ""sample_sd"": 3.357887930031581}, ""minimum_goal_distance_time_s"": {""n"": 26, ""mean"": 107.17072314197685, ""sample_sd"": 47.72800370288822}, ""first_within_10m_time_s"": {""n"": 21, ""mean"": 64.29416490079505, ""sample_sd"": 19.737930920682444}, ""first_goal_entry_time_s"": {""n"": 1, ""mean"": 61.371287832053284, ""sample_sd"": null}, ""initial_distance_m"": {""n"": 26, ""mean"": 63.24368882532714, ""sample_sd"": 4.947246546164932}, ""final_distance_m"": {""n"": 26, ""mean"": 15.00867901067528, ""sample_sd"": 6.080003060467046}}",21,26,1,0,0
R1_1e-4,11,75000,whole episode by final transition,27,"{""goal_success"": 1, ""collision"": 0, ""operational_boundary_failure"": 2, ""task_horizon"": 24}",0.037037037037037035,0.0,0.07407407407407407,0.8888888888888888,complete physical episodes; external/phase/budget fragments excluded,0,0,0,0,25976,0.0,0,0,,CONTROL_NODE_POLYLINE,"{""reward"": {""n"": 27, ""mean"": 39.283315138380864, ""sample_sd"": 23.994193703613696}, ""progress_reward"": {""n"": 27, ""mean"": 52.765511884079835, ""sample_sd"": 9.96127656512179}, ""travel_time_s"": {""n"": 27, ""mean"": 192.40263142474862, ""sample_sd"": 23.680278324685894}, ""penalized_time_s"": {""n"": 27, ""mean"": 197.27721164287033, ""sample_sd"": 14.148023318416726}, ""progress_m"": {""n"": 0, ""mean"": null, ""sample_sd"": null}, ""path_length_m"": {""n"": 27, ""mean"": 147.50918442271887, ""sample_sd"": 19.99933474329385}, ""successful_path_length_m"": {""n"": 1, ""mean"": 104.61547419993498, ""sample_sd"": null}, ""minimum_clearance_m"": {""n"": 0, ""mean"": null, ""sample_sd"": null}}","{""position_D_upper"": 2}",complete episodes; C historical subtype unavailable,25976,633,1,"{""progress"": {""n"": 27, ""mean"": 52.76551188407983, ""sample_sd"": 9.96127656512179}, ""goal"": {""n"": 27, ""mean"": 3.7037037037037037, ""sample_sd"": 19.245008972987527}, ""time"": {""n"": 27, ""mean"": -9.620131571237392, ""sample_sd"": 1.1840139162342675}, ""smoothness"": {""n"": 27, ""mean"": -7.5657688781652475, ""sample_sd"": 1.834700672299064}}","{""minimum_goal_distance_m"": {""n"": 27, ""mean"": 5.5922019593801835, ""sample_sd"": 2.618037592352475}, ""minimum_goal_distance_time_s"": {""n"": 27, ""mean"": 132.3008718990122, ""sample_sd"": 46.5336639740006}, ""first_within_10m_time_s"": {""n"": 26, ""mean"": 84.31821665784045, ""sample_sd"": 28.94691441095829}, ""first_goal_entry_time_s"": {""n"": 1, ""mean"": 126.48471435749903, ""sample_sd"": null}, ""initial_distance_m"": {""n"": 27, ""mean"": 66.03365090826749, ""sample_sd"": 6.256830034123997}, ""final_distance_m"": {""n"": 27, ""mean"": 13.268139024187658, ""sample_sd"": 6.769297417825755}}",26,27,1,0,0
R1_1e-4,11,100000,whole episode by final transition,25,"{""goal_success"": 0, ""collision"": 0, ""operational_boundary_failure"": 3, ""task_horizon"": 22}",0.0,0.0,0.12,0.88,complete physical episodes; external/phase/budget fragments excluded,2,0,2,0,25440,0.0,0,0,,CONTROL_NODE_POLYLINE,"{""reward"": {""n"": 25, ""mean"": 28.527228373926, ""sample_sd"": 8.87429689354497}, ""progress_reward"": {""n"": 25, ""mean"": 48.44244801350877, ""sample_sd"": 8.822643865002382}, ""travel_time_s"": {""n"": 25, ""mean"": 190.8110282081757, ""sample_sd"": 27.077376997826743}, ""penalized_time_s"": {""n"": 25, ""mean"": 200.0, ""sample_sd"": 0.0}, ""progress_m"": {""n"": 0, ""mean"": null, ""sample_sd"": null}, ""path_length_m"": {""n"": 25, ""mean"": 151.53584487000984, ""sample_sd"": 20.27144694660875}, ""successful_path_length_m"": {""n"": 0, ""mean"": null, ""sample_sd"": null}, ""minimum_clearance_m"": {""n"": 0, ""mean"": null, ""sample_sd"": null}}","{""position_D_lower"": 1, ""position_E_lower"": 2}",complete episodes; C historical subtype unavailable,23853,0,0,"{""progress"": {""n"": 25, ""mean"": 48.442448013508766, ""sample_sd"": 8.822643865002384}, ""goal"": {""n"": 25, ""mean"": 0.0, ""sample_sd"": 0.0}, ""time"": {""n"": 25, ""mean"": -9.54055141040875, ""sample_sd"": 1.3538688498913112}, ""smoothness"": {""n"": 25, ""mean"": -10.374668229173976, ""sample_sd"": 3.2271647656306683}}","{""minimum_goal_distance_m"": {""n"": 25, ""mean"": 12.761532097861611, ""sample_sd"": 8.469840970644565}, ""minimum_goal_distance_time_s"": {""n"": 25, ""mean"": 139.0891516110836, ""sample_sd"": 39.69631033869317}, ""first_within_10m_time_s"": {""n"": 13, ""mean"": 113.09909692437917, ""sample_sd"": 30.127294961072153}, ""first_goal_entry_time_s"": {""n"": 0, ""mean"": null, ""sample_sd"": null}, ""initial_distance_m"": {""n"": 25, ""mean"": 65.17372055979583, ""sample_sd"": 5.154786491266761}, ""final_distance_m"": {""n"": 25, ""mean"": 16.731272546287045, ""sample_sd"": 9.298232479985638}}",13,25,0,0,0
R1_1e-4,22,25000,whole episode by final transition,86,"{""goal_success"": 2, ""collision"": 0, ""operational_boundary_failure"": 84, ""task_horizon"": 0}",0.023255813953488372,0.0,0.9767441860465116,0.0,complete physical episodes; external/phase/budget fragments excluded,0,0,0,0,24618,0.0,0,0,,CONTROL_NODE_POLYLINE,"{""reward"": {""n"": 86, ""mean"": 13.441500618692455, ""sample_sd"": 28.256960532029673}, ""progress_reward"": {""n"": 86, ""mean"": 24.15065226335089, ""sample_sd"": 19.16544475180391}, ""travel_time_s"": {""n"": 86, ""mean"": 57.15083533331727, ""sample_sd"": 28.278640720622576}, ""penalized_time_s"": {""n"": 86, ""mean"": 196.83289131013308, ""sample_sd"": 20.64589624961719}, ""progress_m"": {""n"": 0, ""mean"": null, ""sample_sd"": null}, ""path_length_m"": {""n"": 86, ""mean"": 55.20530878941091, ""sample_sd"": 29.30353066114235}, ""successful_path_length_m"": {""n"": 2, ""mean"": 64.29870012319881, ""sample_sd"": 3.1438743255860078}, ""minimum_clearance_m"": {""n"": 0, ""mean"": null, ""sample_sd"": null}}","{""pitch_lower"": 39, ""position_N_lower"": 3, ""position_E_lower"": 3, ""pitch_upper"": 16, ""position_N_upper"": 21, ""position_D_upper"": 2}",complete episodes; C historical subtype unavailable,24618,639,2,"{""progress"": {""n"": 86, ""mean"": 24.150652263350885, ""sample_sd"": 19.16544475180391}, ""goal"": {""n"": 86, ""mean"": 2.3255813953488373, ""sample_sd"": 15.159886590034526}, ""time"": {""n"": 86, ""mean"": -2.857541766665858, ""sample_sd"": 1.4139320360311278}, ""smoothness"": {""n"": 86, ""mean"": -10.177191273341403, ""sample_sd"": 5.189527682353704}}","{""minimum_goal_distance_m"": {""n"": 86, ""mean"": 32.62043774341379, ""sample_sd"": 18.081447417166686}, ""minimum_goal_distance_time_s"": {""n"": 86, ""mean"": 41.8585704030104, ""sample_sd"": 19.240158810887934}, ""first_within_10m_time_s"": {""n"": 9, ""mean"": 55.33120139403146, ""sample_sd"": 4.208528050439225}, ""first_goal_entry_time_s"": {""n"": 2, ""mean"": 63.81432633571852, ""sample_sd"": 1.0305115007125087}, ""initial_distance_m"": {""n"": 86, ""mean"": 65.23990620322029, ""sample_sd"": 6.3166707298169165}, ""final_distance_m"": {""n"": 86, ""mean"": 41.08925393986938, ""sample_sd"": 19.001782211442045}}",9,86,2,0,0
R1_1e-4,22,50000,whole episode by final transition,46,"{""goal_success"": 1, ""collision"": 0, ""operational_boundary_failure"": 42, ""task_horizon"": 3}",0.021739130434782608,0.0,0.9130434782608695,0.06521739130434782,complete physical episodes; external/phase/budget fragments excluded,0,0,0,0,24189,0.0,0,0,,CONTROL_NODE_POLYLINE,"{""reward"": {""n"": 46, ""mean"": 31.826249766436668, ""sample_sd"": 20.3621102827109}, ""progress_reward"": {""n"": 46, ""mean"": 44.233135276154115, ""sample_sd"": 9.505077496904581}, ""travel_time_s"": {""n"": 46, ""mean"": 105.06931551909224, ""sample_sd"": 35.08539221632726}, ""penalized_time_s"": {""n"": 46, ""mean"": 197.93678631276734, ""sample_sd"": 13.993396052512473}, ""progress_m"": {""n"": 0, ""mean"": null, ""sample_sd"": null}, ""path_length_m"": {""n"": 46, ""mean"": 95.00536815884905, ""sample_sd"": 22.10397782507714}, ""successful_path_length_m"": {""n"": 1, ""mean"": 96.97648341805554, ""sample_sd"": null}, ""minimum_clearance_m"": {""n"": 0, ""mean"": null, ""sample_sd"": null}}","{""position_N_upper"": 37, ""position_D_upper"": 1, ""position_E_upper"": 2, ""pitch_upper"": 2}",complete episodes; C historical subtype unavailable,24189,526,1,"{""progress"": {""n"": 46, ""mean"": 44.23313527615412, ""sample_sd"": 9.505077496904581}, ""goal"": {""n"": 46, ""mean"": 2.1739130434782608, ""sample_sd"": 14.744195615489712}, ""time"": {""n"": 46, ""mean"": -5.253465775954616, ""sample_sd"": 1.7542696108163671}, ""smoothness"": {""n"": 46, ""mean"": -9.3273327772411, ""sample_sd"": 2.89711154906985}}","{""minimum_goal_distance_m"": {""n"": 46, ""mean"": 9.091475309929459, ""sample_sd"": 4.082727537417706}, ""minimum_goal_distance_time_s"": {""n"": 46, ""mean"": 70.31326306356739, ""sample_sd"": 21.039492521296612}, ""first_within_10m_time_s"": {""n"": 25, ""mean"": 62.861753458956166, ""sample_sd"": 14.658467930502953}, ""first_goal_entry_time_s"": {""n"": 1, ""mean"": 105.09217038729788, ""sample_sd"": null}, ""initial_distance_m"": {""n"": 46, ""mean"": 65.7768512489515, ""sample_sd"": 7.038920934716359}, ""final_distance_m"": {""n"": 46, ""mean"": 21.543715972797393, ""sample_sd"": 5.412234995025938}}",25,46,1,0,0
R1_1e-4,22,75000,whole episode by final transition,27,"{""goal_success"": 2, ""collision"": 0, ""operational_boundary_failure"": 2, ""task_horizon"": 23}",0.07407407407407407,0.0,0.07407407407407407,0.8518518518518519,complete physical episodes; external/phase/budget fragments excluded,0,0,0,0,25678,0.0,0,0,,CONTROL_NODE_POLYLINE,"{""reward"": {""n"": 27, ""mean"": 33.448837468262155, ""sample_sd"": 31.78863210662369}, ""progress_reward"": {""n"": 27, ""mean"": 47.78373451450246, ""sample_sd"": 10.071179288912376}, ""travel_time_s"": {""n"": 27, ""mean"": 190.18764263591825, ""sample_sd"": 28.058248865833054}, ""penalized_time_s"": {""n"": 27, ""mean"": 197.07092167516208, ""sample_sd"": 12.851210719689321}, ""progress_m"": {""n"": 0, ""mean"": null, ""sample_sd"": null}, ""path_length_m"": {""n"": 27, ""mean"": 146.30993869143148, ""sample_sd"": 21.955531830408873}, ""successful_path_length_m"": {""n"": 2, ""mean"": 114.6977352939802, ""sample_sd"": 12.774313136105297}, ""minimum_clearance_m"": {""n"": 0, ""mean"": null, ""sample_sd"": null}}","{""position_N_upper"": 1, ""position_E_lower"": 1}",complete episodes; C historical subtype unavailable,25678,1606,2,"{""progress"": {""n"": 27, ""mean"": 47.78373451450246, ""sample_sd"": 10.071179288912376}, ""goal"": {""n"": 27, ""mean"": 7.407407407407407, ""sample_sd"": 26.688025634181187}, ""time"": {""n"": 27, ""mean"": -9.509382131795874, ""sample_sd"": 1.4029124432916287}, ""smoothness"": {""n"": 27, ""mean"": -12.23292232185181, ""sample_sd"": 3.554608715744701}}","{""minimum_goal_distance_m"": {""n"": 27, ""mean"": 8.482035026422933, ""sample_sd"": 5.589300973987812}, ""minimum_goal_distance_time_s"": {""n"": 27, ""mean"": 153.90956295327553, ""sample_sd"": 36.55061988400204}, ""first_within_10m_time_s"": {""n"": 18, ""mean"": 124.1611140470938, ""sample_sd"": 32.354097789757574}, ""first_goal_entry_time_s"": {""n"": 2, ""mean"": 160.45744261468786, ""sample_sd"": 37.39535863391136}, ""initial_distance_m"": {""n"": 27, ""mean"": 64.152157169735, ""sample_sd"": 4.698537284557786}, ""final_distance_m"": {""n"": 27, ""mean"": 16.368422655232525, ""sample_sd"": 10.023576125457295}}",18,27,2,0,0
R1_1e-4,22,100000,whole episode by final transition,24,"{""goal_success"": 0, ""collision"": 0, ""operational_boundary_failure"": 0, ""task_horizon"": 24}",0.0,0.0,0.0,1.0,complete physical episodes; external/phase/budget fragments excluded,2,0,2,0,25515,0.0,0,0,,CONTROL_NODE_POLYLINE,"{""reward"": {""n"": 24, ""mean"": 26.98464178853953, ""sample_sd"": 7.283146492808269}, ""progress_reward"": {""n"": 24, ""mean"": 48.39619471208078, ""sample_sd"": 6.306999233428496}, ""travel_time_s"": {""n"": 24, ""mean"": 200.00000000001145, ""sample_sd"": 0.0}, ""penalized_time_s"": {""n"": 24, ""mean"": 200.0, ""sample_sd"": 0.0}, ""progress_m"": {""n"": 0, ""mean"": null, ""sample_sd"": null}, ""path_length_m"": {""n"": 24, ""mean"": 160.18647430461118, ""sample_sd"": 13.332026770986172}, ""successful_path_length_m"": {""n"": 0, ""mean"": null, ""sample_sd"": null}, ""minimum_clearance_m"": {""n"": 0, ""mean"": null, ""sample_sd"": null}}",{},complete episodes; C historical subtype unavailable,24000,0,0,"{""progress"": {""n"": 24, ""mean"": 48.396194712080785, ""sample_sd"": 6.306999233428498}, ""goal"": {""n"": 24, ""mean"": 0.0, ""sample_sd"": 0.0}, ""time"": {""n"": 24, ""mean"": -10.000000000000524, ""sample_sd"": 0.0}, ""smoothness"": {""n"": 24, ""mean"": -11.411552923540649, ""sample_sd"": 2.858452317975651}}","{""minimum_goal_distance_m"": {""n"": 24, ""mean"": 9.15768655129258, ""sample_sd"": 4.346806769436515}, ""minimum_goal_distance_time_s"": {""n"": 24, ""mean"": 117.00168744309809, ""sample_sd"": 46.90249479117233}, ""first_within_10m_time_s"": {""n"": 16, ""mean"": 94.39020053921402, ""sample_sd"": 49.92555473916016}, ""first_goal_entry_time_s"": {""n"": 0, ""mean"": null, ""sample_sd"": null}, ""initial_distance_m"": {""n"": 24, ""mean"": 64.49004142217193, ""sample_sd"": 7.334298289564468}, ""final_distance_m"": {""n"": 24, ""mean"": 16.09384671009114, ""sample_sd"": 5.955466125896957}}",16,24,0,0,0
R1_1e-4,33,25000,whole episode by final transition,77,"{""goal_success"": 2, ""collision"": 0, ""operational_boundary_failure"": 73, ""task_horizon"": 2}",0.025974025974025976,0.0,0.948051948051948,0.025974025974025976,complete physical episodes; external/phase/budget fragments excluded,0,0,0,0,24000,0.0,0,0,,CONTROL_NODE_POLYLINE,"{""reward"": {""n"": 77, ""mean"": 11.576185876618991, ""sample_sd"": 24.94937458169345}, ""progress_reward"": {""n"": 77, ""mean"": 23.34107782095873, ""sample_sd"": 16.267521043707728}, ""travel_time_s"": {""n"": 77, ""mean"": 62.24865180238157, ""sample_sd"": 49.01457656728102}, ""penalized_time_s"": {""n"": 77, ""mean"": 197.43224107129606, ""sample_sd"": 16.180371097792616}, ""progress_m"": {""n"": 0, ""mean"": null, ""sample_sd"": null}, ""path_length_m"": {""n"": 77, ""mean"": 56.08630317420809, ""sample_sd"": 44.88783368263198}, ""successful_path_length_m"": {""n"": 2, ""mean"": 90.0034459274676, ""sample_sd"": 28.044390812211844}, ""minimum_clearance_m"": {""n"": 0, ""mean"": null, ""sample_sd"": null}}","{""pitch_lower"": 24, ""pitch_upper"": 22, ""position_E_lower"": 6, ""position_N_upper"": 16, ""position_E_upper"": 2, ""position_D_lower"": 3}",complete episodes; C historical subtype unavailable,24000,1013,2,"{""progress"": {""n"": 77, ""mean"": 23.341077820958734, ""sample_sd"": 16.267521043707728}, ""goal"": {""n"": 77, ""mean"": 2.5974025974025974, ""sample_sd"": 16.010078848765154}, ""time"": {""n"": 77, ""mean"": -3.1124325901190812, ""sample_sd"": 2.4507288283640576}, ""smoothness"": {""n"": 77, ""mean"": -11.249861951623263, ""sample_sd"": 7.45292009117731}}","{""minimum_goal_distance_m"": {""n"": 77, ""mean"": 36.13453347422559, ""sample_sd"": 19.62041800438969}, ""minimum_goal_distance_time_s"": {""n"": 77, ""mean"": 43.50772915959028, ""sample_sd"": 27.768797839723558}, ""first_within_10m_time_s"": {""n"": 7, ""mean"": 63.13598403815479, ""sample_sd"": 7.365521572650671}, ""first_goal_entry_time_s"": {""n"": 2, ""mean"": 101.1412812448996, ""sample_sd"": 29.30415058077397}, ""initial_distance_m"": {""n"": 77, ""mean"": 65.77598162933857, ""sample_sd"": 6.797717884094832}, ""final_distance_m"": {""n"": 77, ""mean"": 42.434903808379836, ""sample_sd"": 16.79199793894352}}",7,77,2,0,0
R1_1e-4,33,50000,whole episode by final transition,26,"{""goal_success"": 4, ""collision"": 0, ""operational_boundary_failure"": 1, ""task_horizon"": 21}",0.15384615384615385,0.0,0.038461538461538464,0.8076923076923077,complete physical episodes; external/phase/budget fragments excluded,0,0,0,0,24750,0.0,0,0,,CONTROL_NODE_POLYLINE,"{""reward"": {""n"": 26, ""mean"": 42.51643069314794, ""sample_sd"": 45.56971722528782}, ""progress_reward"": {""n"": 26, ""mean"": 53.51699915431433, ""sample_sd"": 9.315350650857514}, ""travel_time_s"": {""n"": 26, ""mean"": 190.3553280065092, ""sample_sd"": 24.154916946813486}, ""penalized_time_s"": {""n"": 26, ""mean"": 191.64742445847853, ""sample_sd"": 23.717097662606154}, ""progress_m"": {""n"": 0, ""mean"": null, ""sample_sd"": null}, ""path_length_m"": {""n"": 26, ""mean"": 166.7752416806643, ""sample_sd"": 26.10204334340848}, ""successful_path_length_m"": {""n"": 4, ""mean"": 121.97538963056782, ""sample_sd"": 29.66030267384075}, ""minimum_clearance_m"": {""n"": 0, ""mean"": null, ""sample_sd"": null}}","{""position_N_upper"": 1}",complete episodes; C historical subtype unavailable,24750,2917,4,"{""progress"": {""n"": 26, ""mean"": 53.51699915431431, ""sample_sd"": 9.315350650857514}, ""goal"": {""n"": 26, ""mean"": 15.384615384615385, ""sample_sd"": 36.794648440311995}, ""time"": {""n"": 26, ""mean"": -9.51776640032543, ""sample_sd"": 1.2077458473406446}, ""smoothness"": {""n"": 26, ""mean"": -16.867417445456304, ""sample_sd"": 3.4354913116848333}}","{""minimum_goal_distance_m"": {""n"": 26, ""mean"": 5.2937846428181246, ""sample_sd"": 3.4286041571586803}, ""minimum_goal_distance_time_s"": {""n"": 26, ""mean"": 116.52200272786386, ""sample_sd"": 45.668389925485286}, ""first_within_10m_time_s"": {""n"": 23, ""mean"": 68.39996719795226, ""sample_sd"": 22.26568942820996}, ""first_goal_entry_time_s"": {""n"": 4, ""mean"": 145.70825898011032, ""sample_sd"": 36.905505186237754}, ""initial_distance_m"": {""n"": 26, ""mean"": 65.75588801318443, ""sample_sd"": 5.090751628460214}, ""final_distance_m"": {""n"": 26, ""mean"": 12.238888858870123, ""sample_sd"": 7.118455844192862}}",23,26,4,0,0
R1_1e-4,33,75000,whole episode by final transition,31,"{""goal_success"": 4, ""collision"": 0, ""operational_boundary_failure"": 14, ""task_horizon"": 13}",0.12903225806451613,0.0,0.45161290322580644,0.41935483870967744,complete physical episodes; external/phase/budget fragments excluded,0,0,0,0,25234,0.0,0,0,,CONTROL_NODE_POLYLINE,"{""reward"": {""n"": 31, ""mean"": 43.51485015914626, ""sample_sd"": 41.902307916521366}, ""progress_reward"": {""n"": 31, ""mean"": 49.612628119863075, ""sample_sd"": 9.70087744478937}, ""travel_time_s"": {""n"": 31, ""mean"": 162.73910229003118, ""sample_sd"": 43.39530605215885}, ""penalized_time_s"": {""n"": 31, ""mean"": 189.88205038427284, ""sample_sd"": 29.236732109001828}, ""progress_m"": {""n"": 0, ""mean"": null, ""sample_sd"": null}, ""path_length_m"": {""n"": 31, ""mean"": 145.45383934232245, ""sample_sd"": 39.70059650581136}, ""successful_path_length_m"": {""n"": 4, ""mean"": 110.79423075611254, ""sample_sd"": 39.49386190542941}, ""minimum_clearance_m"": {""n"": 0, ""mean"": null, ""sample_sd"": null}}","{""position_D_upper"": 13, ""pitch_lower"": 1}",complete episodes; C historical subtype unavailable,25234,2433,4,"{""progress"": {""n"": 31, ""mean"": 49.612628119863075, ""sample_sd"": 9.700877444789368}, ""goal"": {""n"": 31, ""mean"": 12.903225806451612, ""sample_sd"": 34.07771005482388}, ""time"": {""n"": 31, ""mean"": -8.136955114501559, ""sample_sd"": 2.1697653026079182}, ""smoothness"": {""n"": 31, ""mean"": -10.864048652666863, ""sample_sd"": 4.968066417113653}}","{""minimum_goal_distance_m"": {""n"": 31, ""mean"": 8.686735172069524, ""sample_sd"": 6.574331843685352}, ""minimum_goal_distance_time_s"": {""n"": 31, ""mean"": 102.09851138516204, ""sample_sd"": 28.84867229784223}, ""first_within_10m_time_s"": {""n"": 18, ""mean"": 82.34519819114702, ""sample_sd"": 20.932799858007215}, ""first_goal_entry_time_s"": {""n"": 4, ""mean"": 121.58589047811437, ""sample_sd"": 37.51472991232137}, ""initial_distance_m"": {""n"": 31, ""mean"": 63.800416560841946, ""sample_sd"": 6.779285406980439}, ""final_distance_m"": {""n"": 31, ""mean"": 14.187788440978874, ""sample_sd"": 7.067691255102633}}",18,31,4,0,0
R1_1e-4,33,100000,whole episode by final transition,29,"{""goal_success"": 0, ""collision"": 0, ""operational_boundary_failure"": 9, ""task_horizon"": 20}",0.0,0.0,0.3103448275862069,0.6896551724137931,complete physical episodes; external/phase/budget fragments excluded,2,0,2,0,26016,0.0,0,0,,CONTROL_NODE_POLYLINE,"{""reward"": {""n"": 29, ""mean"": 25.55721488742464, ""sample_sd"": 10.73592218757056}, ""progress_reward"": {""n"": 29, ""mean"": 45.95948021127004, ""sample_sd"": 7.680432051164299}, ""travel_time_s"": {""n"": 29, ""mean"": 176.483891523112, ""sample_sd"": 40.503882053480616}, ""penalized_time_s"": {""n"": 29, ""mean"": 200.0, ""sample_sd"": 0.0}, ""progress_m"": {""n"": 0, ""mean"": null, ""sample_sd"": null}, ""path_length_m"": {""n"": 29, ""mean"": 141.97893849857547, ""sample_sd"": 35.02833321373646}, ""successful_path_length_m"": {""n"": 0, ""mean"": null, ""sample_sd"": null}, ""minimum_clearance_m"": {""n"": 0, ""mean"": null, ""sample_sd"": null}}","{""position_D_upper"": 7, ""pitch_lower"": 2}",complete episodes; C historical subtype unavailable,25596,0,0,"{""progress"": {""n"": 29, ""mean"": 45.959480211270055, ""sample_sd"": 7.680432051164304}, ""goal"": {""n"": 29, ""mean"": 0.0, ""sample_sd"": 0.0}, ""time"": {""n"": 29, ""mean"": -8.824194576155575, ""sample_sd"": 2.0251941026740017}, ""smoothness"": {""n"": 29, ""mean"": -11.578070747689804, ""sample_sd"": 5.033127678137791}}","{""minimum_goal_distance_m"": {""n"": 29, ""mean"": 14.817050167736735, ""sample_sd"": 6.381650354855599}, ""minimum_goal_distance_time_s"": {""n"": 29, ""mean"": 125.80603023488027, ""sample_sd"": 44.59325979773861}, ""first_within_10m_time_s"": {""n"": 6, ""mean"": 73.26337802010923, ""sample_sd"": 10.475667798564375}, ""first_goal_entry_time_s"": {""n"": 0, ""mean"": null, ""sample_sd"": null}, ""initial_distance_m"": {""n"": 29, ""mean"": 66.6521661839247, ""sample_sd"": 8.236438857204583}, ""final_distance_m"": {""n"": 29, ""mean"": 20.692685972654655, ""sample_sd"": 6.069109031615029}}",6,29,0,0,0
