group,training_seed,bin_first,bin_last,updates,last_alpha,metrics
C_3e-4,11,1,25000,15001,0.00846284069120884,"{""actor_loss"": {""n"": 15001, ""mean"": -7.0824577275629625, ""sample_sd"": 2.8313767893742554}, ""q1_loss"": {""n"": 15001, ""mean"": 0.16120121404561313, ""sample_sd"": 1.527174604471217}, ""q2_loss"": {""n"": 15001, ""mean"": 0.16473080740547066, ""sample_sd"": 1.5237511556812469}, ""alpha_loss"": {""n"": 15001, ""mean"": 0.23766384087878772, ""sample_sd"": 0.2542929581944381}, ""alpha"": {""n"": 15001, ""mean"": 0.05422592996905575, ""sample_sd"": 0.04814321989197908}, ""actor_gradient_norm"": {""n"": 15001, ""mean"": 0.1518297228520394, ""sample_sd"": 0.07577917875115328}, ""q1_gradient_norm"": {""n"": 15001, ""mean"": 5.4610043718623364, ""sample_sd"": 6.985675123638317}, ""q2_gradient_norm"": {""n"": 15001, ""mean"": 5.4746102681645, ""sample_sd"": 7.039944885511852}, ""alpha_gradient_norm"": {""n"": 15001, ""mean"": 0.23766444134425588, ""sample_sd"": 0.25429239670175247}}"
C_3e-4,11,25001,50000,25000,0.006947806105017662,"{""actor_loss"": {""n"": 25000, ""mean"": -16.661169472312967, ""sample_sd"": 3.400181604599796}, ""q1_loss"": {""n"": 25000, ""mean"": 1.0305791090630663, ""sample_sd"": 4.862263804439141}, ""q2_loss"": {""n"": 25000, ""mean"": 1.0668691673103055, ""sample_sd"": 4.842229183649095}, ""alpha_loss"": {""n"": 25000, ""mean"": 0.0006919863861794856, ""sample_sd"": 0.002996468751664886}, ""alpha"": {""n"": 25000, ""mean"": 0.006243319066204116, ""sample_sd"": 0.0009983809189227646}, ""actor_gradient_norm"": {""n"": 25000, ""mean"": 0.3231660576081256, ""sample_sd"": 0.14144563550347525}, ""q1_gradient_norm"": {""n"": 25000, ""mean"": 22.64270239019401, ""sample_sd"": 19.615882697306322}, ""q2_gradient_norm"": {""n"": 25000, ""mean"": 23.613039338305033, ""sample_sd"": 19.55712306693117}, ""alpha_gradient_norm"": {""n"": 25000, ""mean"": 0.0020777207041157235, ""sample_sd"": 0.00226728764619727}}"
C_3e-4,11,50001,75000,25000,0.005973877850919962,"{""actor_loss"": {""n"": 25000, ""mean"": -24.992476931610092, ""sample_sd"": 1.8507229234735203}, ""q1_loss"": {""n"": 25000, ""mean"": 1.1876770701097004, ""sample_sd"": 4.723571438744356}, ""q2_loss"": {""n"": 25000, ""mean"": 1.2366796643994806, ""sample_sd"": 4.701833963472733}, ""alpha_loss"": {""n"": 25000, ""mean"": 3.8234801856887984e-05, ""sample_sd"": 0.0019426612037373044}, ""alpha"": {""n"": 25000, ""mean"": 0.0063932378004119, ""sample_sd"": 0.0003394321505846483}, ""actor_gradient_norm"": {""n"": 25000, ""mean"": 0.42332306055247826, ""sample_sd"": 0.15656453301198772}, ""q1_gradient_norm"": {""n"": 25000, ""mean"": 38.02648843284572, ""sample_sd"": 32.01714326505454}, ""q2_gradient_norm"": {""n"": 25000, ""mean"": 37.076241770968494, ""sample_sd"": 30.312718958281188}, ""alpha_gradient_norm"": {""n"": 25000, ""mean"": 0.0014119182418910062, ""sample_sd"": 0.0013348414282023813}}"
C_3e-4,11,75001,100000,25000,0.006177099421620369,"{""actor_loss"": {""n"": 25000, ""mean"": -29.562959229354703, ""sample_sd"": 1.367922484188611}, ""q1_loss"": {""n"": 25000, ""mean"": 1.4736728247201434, ""sample_sd"": 5.252627042865079}, ""q2_loss"": {""n"": 25000, ""mean"": 1.5073021629491479, ""sample_sd"": 5.24354913984926}, ""alpha_loss"": {""n"": 25000, ""mean"": -3.0708070611583583e-06, ""sample_sd"": 0.0021170782678373383}, ""alpha"": {""n"": 25000, ""mean"": 0.00658813535390422, ""sample_sd"": 0.000679594790489652}, ""actor_gradient_norm"": {""n"": 25000, ""mean"": 0.41466657032966575, ""sample_sd"": 0.19835254501005867}, ""q1_gradient_norm"": {""n"": 25000, ""mean"": 49.27006322968478, ""sample_sd"": 38.01205094092135}, ""q2_gradient_norm"": {""n"": 25000, ""mean"": 52.65876055153874, ""sample_sd"": 41.3708626691792}, ""alpha_gradient_norm"": {""n"": 25000, ""mean"": 0.0015722091834594499, ""sample_sd"": 0.001417776160095771}}"
C_3e-4,22,1,25000,15001,0.009120072238147259,"{""actor_loss"": {""n"": 15001, ""mean"": -8.189205978025738, ""sample_sd"": 3.820861559677913}, ""q1_loss"": {""n"": 15001, ""mean"": 0.3437611457684581, ""sample_sd"": 2.6485444155147757}, ""q2_loss"": {""n"": 15001, ""mean"": 0.353193638822453, ""sample_sd"": 2.6605040032844323}, ""alpha_loss"": {""n"": 15001, ""mean"": 0.23369155343376594, ""sample_sd"": 0.25579937518925683}, ""alpha"": {""n"": 15001, ""mean"": 0.05461285993966968, ""sample_sd"": 0.0479075660185856}, ""actor_gradient_norm"": {""n"": 15001, ""mean"": 0.15742745470315447, ""sample_sd"": 0.08048871080470567}, ""q1_gradient_norm"": {""n"": 15001, ""mean"": 6.14940354034232, ""sample_sd"": 7.457096006448401}, ""q2_gradient_norm"": {""n"": 15001, ""mean"": 6.185297757951755, ""sample_sd"": 7.815313039432647}, ""alpha_gradient_norm"": {""n"": 15001, ""mean"": 0.2336915533751637, ""sample_sd"": 0.255799374858243}}"
C_3e-4,22,25001,50000,25000,0.005980233661830425,"{""actor_loss"": {""n"": 25000, ""mean"": -20.106723265419166, ""sample_sd"": 2.552153805089173}, ""q1_loss"": {""n"": 25000, ""mean"": 0.9498245672951704, ""sample_sd"": 3.831411537040431}, ""q2_loss"": {""n"": 25000, ""mean"": 0.9773245926558202, ""sample_sd"": 3.8549428737328775}, ""alpha_loss"": {""n"": 25000, ""mean"": 0.0006617914991207334, ""sample_sd"": 0.002821940024378468}, ""alpha"": {""n"": 25000, ""mean"": 0.006189045082256219, ""sample_sd"": 0.0008935687309046971}, ""actor_gradient_norm"": {""n"": 25000, ""mean"": 0.35217909247845014, ""sample_sd"": 0.13847457268019872}, ""q1_gradient_norm"": {""n"": 25000, ""mean"": 31.630101761364966, ""sample_sd"": 25.827316085070784}, ""q2_gradient_norm"": {""n"": 25000, ""mean"": 31.01567073738083, ""sample_sd"": 25.692740872408535}, ""alpha_gradient_norm"": {""n"": 25000, ""mean"": 0.0020879121331500617, ""sample_sd"": 0.002010417753742758}}"
C_3e-4,22,50001,75000,25000,0.005081245210021734,"{""actor_loss"": {""n"": 25000, ""mean"": -24.540273445205834, ""sample_sd"": 1.1724308099732692}, ""q1_loss"": {""n"": 25000, ""mean"": 1.100752776529054, ""sample_sd"": 4.1474304358184755}, ""q2_loss"": {""n"": 25000, ""mean"": 1.1289729469823835, ""sample_sd"": 4.174007382655337}, ""alpha_loss"": {""n"": 25000, ""mean"": 4.877061965846206e-05, ""sample_sd"": 0.0019031245389174542}, ""alpha"": {""n"": 25000, ""mean"": 0.005588793599661469, ""sample_sd"": 0.0003090907380426229}, ""actor_gradient_norm"": {""n"": 25000, ""mean"": 0.3544463775753949, ""sample_sd"": 0.1294968436124757}, ""q1_gradient_norm"": {""n"": 25000, ""mean"": 42.75681947630391, ""sample_sd"": 34.77095436131126}, ""q2_gradient_norm"": {""n"": 25000, ""mean"": 41.30826190493099, ""sample_sd"": 32.97407522256055}, ""alpha_gradient_norm"": {""n"": 25000, ""mean"": 0.001438597120434001, ""sample_sd"": 0.0012468429001368897}}"
C_3e-4,22,75001,100000,25000,0.004252214916050434,"{""actor_loss"": {""n"": 25000, ""mean"": -23.099124333419535, ""sample_sd"": 1.3248542677958}, ""q1_loss"": {""n"": 25000, ""mean"": 1.229880940651519, ""sample_sd"": 5.236492488878931}, ""q2_loss"": {""n"": 25000, ""mean"": 1.2224865743332305, ""sample_sd"": 5.228371517349952}, ""alpha_loss"": {""n"": 25000, ""mean"": 4.790388553374251e-05, ""sample_sd"": 0.0017191382162160319}, ""alpha"": {""n"": 25000, ""mean"": 0.004708047737590998, ""sample_sd"": 0.0003667001778016717}, ""actor_gradient_norm"": {""n"": 25000, ""mean"": 0.28259402904540054, ""sample_sd"": 0.12905122216564135}, ""q1_gradient_norm"": {""n"": 25000, ""mean"": 32.9237779367826, ""sample_sd"": 30.619287430267608}, ""q2_gradient_norm"": {""n"": 25000, ""mean"": 32.2142639551494, ""sample_sd"": 29.110597318223018}, ""alpha_gradient_norm"": {""n"": 25000, ""mean"": 0.001269102149447996, ""sample_sd"": 0.0011606232741705564}}"
C_3e-4,33,1,25000,15001,0.008889617398381233,"{""actor_loss"": {""n"": 15001, ""mean"": -9.20782399829384, ""sample_sd"": 3.961321432768722}, ""q1_loss"": {""n"": 15001, ""mean"": 0.6710300700499084, ""sample_sd"": 3.729180515302147}, ""q2_loss"": {""n"": 15001, ""mean"": 0.6720784624715863, ""sample_sd"": 3.748933598322435}, ""alpha_loss"": {""n"": 15001, ""mean"": 0.23286158743568217, ""sample_sd"": 0.2559508596161284}, ""alpha"": {""n"": 15001, ""mean"": 0.05465803590614523, ""sample_sd"": 0.047905624444527936}, ""actor_gradient_norm"": {""n"": 15001, ""mean"": 0.154997446422848, ""sample_sd"": 0.08456399889677192}, ""q1_gradient_norm"": {""n"": 15001, ""mean"": 6.097712959805509, ""sample_sd"": 7.001532047169908}, ""q2_gradient_norm"": {""n"": 15001, ""mean"": 5.751875766311856, ""sample_sd"": 6.632393327594091}, ""alpha_gradient_norm"": {""n"": 15001, ""mean"": 0.23286158732085702, ""sample_sd"": 0.2559508593455246}}"
C_3e-4,33,25001,50000,25000,0.007356932386755943,"{""actor_loss"": {""n"": 25000, ""mean"": -20.93905497043618, ""sample_sd"": 3.174865430762247}, ""q1_loss"": {""n"": 25000, ""mean"": 1.197197739546227, ""sample_sd"": 3.7101511253371267}, ""q2_loss"": {""n"": 25000, ""mean"": 1.1941395463983644, ""sample_sd"": 3.6602102449065885}, ""alpha_loss"": {""n"": 25000, ""mean"": 0.0004419872551661689, ""sample_sd"": 0.0026668653822545904}, ""alpha"": {""n"": 25000, ""mean"": 0.006951312861312129, ""sample_sd"": 0.0005633466108484743}, ""actor_gradient_norm"": {""n"": 25000, ""mean"": 0.4418501069509974, ""sample_sd"": 0.1592157354141941}, ""q1_gradient_norm"": {""n"": 25000, ""mean"": 32.1127853604747, ""sample_sd"": 26.776135569236885}, ""q2_gradient_norm"": {""n"": 25000, ""mean"": 31.283703835100997, ""sample_sd"": 26.551777395991053}, ""alpha_gradient_norm"": {""n"": 25000, ""mean"": 0.0020175548929635915, ""sample_sd"": 0.0017991222715625387}}"
C_3e-4,33,50001,75000,25000,0.0062033431604504585,"{""actor_loss"": {""n"": 25000, ""mean"": -29.76818951271054, ""sample_sd"": 1.8368666307799613}, ""q1_loss"": {""n"": 25000, ""mean"": 1.9801295555505154, ""sample_sd"": 4.983195457009078}, ""q2_loss"": {""n"": 25000, ""mean"": 1.975412268476489, ""sample_sd"": 4.94410055815725}, ""alpha_loss"": {""n"": 25000, ""mean"": 6.681461519416182e-05, ""sample_sd"": 0.002192942871037633}, ""alpha"": {""n"": 25000, ""mean"": 0.007148159130290125, ""sample_sd"": 0.0007035412916743147}, ""actor_gradient_norm"": {""n"": 25000, ""mean"": 0.5644015654700976, ""sample_sd"": 0.17111252072251384}, ""q1_gradient_norm"": {""n"": 25000, ""mean"": 62.272010085601714, ""sample_sd"": 43.07196260778027}, ""q2_gradient_norm"": {""n"": 25000, ""mean"": 61.40506751051908, ""sample_sd"": 42.90697385494389}, ""alpha_gradient_norm"": {""n"": 25000, ""mean"": 0.0017101290406824413, ""sample_sd"": 0.0013743378394997978}}"
C_3e-4,33,75001,100000,25000,0.007386980578303337,"{""actor_loss"": {""n"": 25000, ""mean"": -30.751053043136466, ""sample_sd"": 1.2553854488950282}, ""q1_loss"": {""n"": 25000, ""mean"": 2.036878780375122, ""sample_sd"": 5.774229263077538}, ""q2_loss"": {""n"": 25000, ""mean"": 2.0268976587998857, ""sample_sd"": 5.756466326062802}, ""alpha_loss"": {""n"": 25000, ""mean"": -4.223702926072325e-05, ""sample_sd"": 0.0024455156156815492}, ""alpha"": {""n"": 25000, ""mean"": 0.007669331921189958, ""sample_sd"": 0.0006079553716823479}, ""actor_gradient_norm"": {""n"": 25000, ""mean"": 0.5262314345735305, ""sample_sd"": 0.17118048781973427}, ""q1_gradient_norm"": {""n"": 25000, ""mean"": 66.27290156779254, ""sample_sd"": 49.635235617436535}, ""q2_gradient_norm"": {""n"": 25000, ""mean"": 65.38586991977681, ""sample_sd"": 49.96022337102745}, ""alpha_gradient_norm"": {""n"": 25000, ""mean"": 0.0018746770298359527, ""sample_sd"": 0.0015709156884237223}}"
R1_1e-4,11,1,25000,15001,0.05214959755539894,"{""actor_loss"": {""n"": 15001, ""mean"": -10.297674377144032, ""sample_sd"": 4.782795743795754}, ""q1_loss"": {""n"": 15001, ""mean"": 0.48400634712103535, ""sample_sd"": 2.6654545400601335}, ""q2_loss"": {""n"": 15001, ""mean"": 0.48233381510127626, ""sample_sd"": 2.6640303701287356}, ""alpha_loss"": {""n"": 15001, ""mean"": 0.4955759699559526, ""sample_sd"": 0.2378242471727614}, ""alpha"": {""n"": 15001, ""mean"": 0.10887657749311914, ""sample_sd"": 0.04144996207653995}, ""actor_gradient_norm"": {""n"": 15001, ""mean"": 0.16912035965724245, ""sample_sd"": 0.0783860765002013}, ""q1_gradient_norm"": {""n"": 15001, ""mean"": 7.289640567668112, ""sample_sd"": 9.445615283404939}, ""q2_gradient_norm"": {""n"": 15001, ""mean"": 7.161421497229643, ""sample_sd"": 9.31593960448372}, ""alpha_gradient_norm"": {""n"": 15001, ""mean"": 0.4955759699410566, ""sample_sd"": 0.23782424690889284}}"
R1_1e-4,11,25001,50000,25000,0.006505426950752735,"{""actor_loss"": {""n"": 25000, ""mean"": -22.322307345428495, ""sample_sd"": 2.9581348779491528}, ""q1_loss"": {""n"": 25000, ""mean"": 1.1551288334476182, ""sample_sd"": 3.3037943692668965}, ""q2_loss"": {""n"": 25000, ""mean"": 1.1536443492358908, ""sample_sd"": 3.3036199514744515}, ""alpha_loss"": {""n"": 25000, ""mean"": 0.05461640732461551, ""sample_sd"": 0.05013416895593714}, ""alpha"": {""n"": 25000, ""mean"": 0.02147347792187695, ""sample_sd"": 0.012700221457193192}, ""actor_gradient_norm"": {""n"": 25000, ""mean"": 0.4219973941621194, ""sample_sd"": 0.1689910712515754}, ""q1_gradient_norm"": {""n"": 25000, ""mean"": 34.34078912098886, ""sample_sd"": 26.6529466298089}, ""q2_gradient_norm"": {""n"": 25000, ""mean"": 34.628337965621995, ""sample_sd"": 26.788965290244114}, ""alpha_gradient_norm"": {""n"": 25000, ""mean"": 0.05461743414784777, ""sample_sd"": 0.05013305029053836}}"
R1_1e-4,11,50001,75000,25000,0.005155306309461594,"{""actor_loss"": {""n"": 25000, ""mean"": -26.63129714340219, ""sample_sd"": 1.2614896399051736}, ""q1_loss"": {""n"": 25000, ""mean"": 1.3477703530162493, ""sample_sd"": 3.440052804762439}, ""q2_loss"": {""n"": 25000, ""mean"": 1.3444711554427442, ""sample_sd"": 3.456722383394702}, ""alpha_loss"": {""n"": 25000, ""mean"": 0.0003222015228740963, ""sample_sd"": 0.0016744453563967072}, ""alpha"": {""n"": 25000, ""mean"": 0.00492825186628846, ""sample_sd"": 0.0004355407338184408}, ""actor_gradient_norm"": {""n"": 25000, ""mean"": 0.5556453980571028, ""sample_sd"": 0.1757725633359708}, ""q1_gradient_norm"": {""n"": 25000, ""mean"": 64.41822094928747, ""sample_sd"": 45.63250215066117}, ""q2_gradient_norm"": {""n"": 25000, ""mean"": 64.16189049502361, ""sample_sd"": 45.36935037060805}, ""alpha_gradient_norm"": {""n"": 25000, ""mean"": 0.0013334924241583522, ""sample_sd"": 0.0010626909488307447}}"
R1_1e-4,11,75001,100000,25000,0.005010298453271389,"{""actor_loss"": {""n"": 25000, ""mean"": -25.890737330551215, ""sample_sd"": 1.6191924290517459}, ""q1_loss"": {""n"": 25000, ""mean"": 1.2440644772856047, ""sample_sd"": 3.598166609232417}, ""q2_loss"": {""n"": 25000, ""mean"": 1.222516749732492, ""sample_sd"": 3.5654539320157825}, ""alpha_loss"": {""n"": 25000, ""mean"": 3.096240261889759e-05, ""sample_sd"": 0.0017917574686311735}, ""alpha"": {""n"": 25000, ""mean"": 0.004938676078170541, ""sample_sd"": 0.0002532786998640546}, ""actor_gradient_norm"": {""n"": 25000, ""mean"": 0.5295483642202596, ""sample_sd"": 0.16335519252701336}, ""q1_gradient_norm"": {""n"": 25000, ""mean"": 81.20941345687869, ""sample_sd"": 58.96498037222795}, ""q2_gradient_norm"": {""n"": 25000, ""mean"": 80.99255865177132, ""sample_sd"": 58.65168392037296}, ""alpha_gradient_norm"": {""n"": 25000, ""mean"": 0.001392122882163054, ""sample_sd"": 0.0011283926099513598}}"
R1_1e-4,22,1,25000,15001,0.05213074013590813,"{""actor_loss"": {""n"": 15001, ""mean"": -11.763971526605543, ""sample_sd"": 5.853016610853911}, ""q1_loss"": {""n"": 15001, ""mean"": 0.8315984710182919, ""sample_sd"": 4.011413920837291}, ""q2_loss"": {""n"": 15001, ""mean"": 0.8350453199471803, ""sample_sd"": 4.0222195559417315}, ""alpha_loss"": {""n"": 15001, ""mean"": 0.492085894390578, ""sample_sd"": 0.23803496947659922}, ""alpha"": {""n"": 15001, ""mean"": 0.10896063442290131, ""sample_sd"": 0.041425907209323314}, ""actor_gradient_norm"": {""n"": 15001, ""mean"": 0.1761251529669396, ""sample_sd"": 0.08672491731850793}, ""q1_gradient_norm"": {""n"": 15001, ""mean"": 7.806438489058666, ""sample_sd"": 9.830441147127582}, ""q2_gradient_norm"": {""n"": 15001, ""mean"": 7.745082166415004, ""sample_sd"": 9.76362680054071}, ""alpha_gradient_norm"": {""n"": 15001, ""mean"": 0.4920858939982073, ""sample_sd"": 0.23803496955425946}}"
R1_1e-4,22,25001,50000,25000,0.006566398311406374,"{""actor_loss"": {""n"": 25000, ""mean"": -25.57104853652947, ""sample_sd"": 2.3174569522073907}, ""q1_loss"": {""n"": 25000, ""mean"": 1.391984206190854, ""sample_sd"": 3.6128894880344142}, ""q2_loss"": {""n"": 25000, ""mean"": 1.3945211842596406, ""sample_sd"": 3.6180961654750456}, ""alpha_loss"": {""n"": 25000, ""mean"": 0.05948148535170853, ""sample_sd"": 0.05293665209034962}, ""alpha"": {""n"": 25000, ""mean"": 0.02129463247794663, ""sample_sd"": 0.012649189313109946}, ""actor_gradient_norm"": {""n"": 25000, ""mean"": 0.3899883004599805, ""sample_sd"": 0.15460382594186314}, ""q1_gradient_norm"": {""n"": 25000, ""mean"": 39.08622776461123, ""sample_sd"": 31.13385309184741}, ""q2_gradient_norm"": {""n"": 25000, ""mean"": 39.25891620134349, ""sample_sd"": 31.279867880692837}, ""alpha_gradient_norm"": {""n"": 25000, ""mean"": 0.05948964352168611, ""sample_sd"": 0.05292748349020561}}"
R1_1e-4,22,50001,75000,25000,0.006591586396098137,"{""actor_loss"": {""n"": 25000, ""mean"": -30.943206081085297, ""sample_sd"": 1.7904617245669208}, ""q1_loss"": {""n"": 25000, ""mean"": 1.9113236118988661, ""sample_sd"": 4.600919306115818}, ""q2_loss"": {""n"": 25000, ""mean"": 1.9153762086602963, ""sample_sd"": 4.595825249391884}, ""alpha_loss"": {""n"": 25000, ""mean"": 0.00011488635291680185, ""sample_sd"": 0.0024287438550967826}, ""alpha"": {""n"": 25000, ""mean"": 0.0059623146361857445, ""sample_sd"": 0.0003169380477284846}, ""actor_gradient_norm"": {""n"": 25000, ""mean"": 0.5090687153941374, ""sample_sd"": 0.1550430902447511}, ""q1_gradient_norm"": {""n"": 25000, ""mean"": 71.23908057295758, ""sample_sd"": 51.21574553679323}, ""q2_gradient_norm"": {""n"": 25000, ""mean"": 71.97354657999017, ""sample_sd"": 51.645954212518696}, ""alpha_gradient_norm"": {""n"": 25000, ""mean"": 0.0019020163662443231, ""sample_sd"": 0.0015146567709718496}}"
R1_1e-4,22,75001,100000,25000,0.005177892278879881,"{""actor_loss"": {""n"": 25000, ""mean"": -32.671135569152646, ""sample_sd"": 1.5822650951087207}, ""q1_loss"": {""n"": 25000, ""mean"": 1.705937344351264, ""sample_sd"": 4.6927617404372715}, ""q2_loss"": {""n"": 25000, ""mean"": 1.7251897338588533, ""sample_sd"": 4.722350183485325}, ""alpha_loss"": {""n"": 25000, ""mean"": 0.00019078619040141268, ""sample_sd"": 0.0017372465667521556}, ""alpha"": {""n"": 25000, ""mean"": 0.005573265339285113, ""sample_sd"": 0.0004158595180301208}, ""actor_gradient_norm"": {""n"": 25000, ""mean"": 0.5599465164446819, ""sample_sd"": 0.1527667425994112}, ""q1_gradient_norm"": {""n"": 25000, ""mean"": 85.87786490933415, ""sample_sd"": 61.68055056186728}, ""q2_gradient_norm"": {""n"": 25000, ""mean"": 86.51471428022454, ""sample_sd"": 62.75059560375444}, ""alpha_gradient_norm"": {""n"": 25000, ""mean"": 0.0013808670033666215, ""sample_sd"": 0.0010712406417816764}}"
R1_1e-4,33,1,25000,15001,0.05201101303100586,"{""actor_loss"": {""n"": 15001, ""mean"": -11.113383519676061, ""sample_sd"": 4.8717860872663605}, ""q1_loss"": {""n"": 15001, ""mean"": 0.8732776112973875, ""sample_sd"": 4.148960060035777}, ""q2_loss"": {""n"": 15001, ""mean"": 0.8816300575542982, ""sample_sd"": 4.160605760809247}, ""alpha_loss"": {""n"": 15001, ""mean"": 0.5000844387783646, ""sample_sd"": 0.23456659119040865}, ""alpha"": {""n"": 15001, ""mean"": 0.10877579592059547, ""sample_sd"": 0.04153540102632524}, ""actor_gradient_norm"": {""n"": 15001, ""mean"": 0.16616273596788436, ""sample_sd"": 0.08199862669985486}, ""q1_gradient_norm"": {""n"": 15001, ""mean"": 7.760557753214642, ""sample_sd"": 9.570479717911669}, ""q2_gradient_norm"": {""n"": 15001, ""mean"": 7.608784475038025, ""sample_sd"": 9.521909752703742}, ""alpha_gradient_norm"": {""n"": 15001, ""mean"": 0.5000844389641296, ""sample_sd"": 0.2345665913936178}}"
R1_1e-4,33,25001,50000,25000,0.0070956917479634285,"{""actor_loss"": {""n"": 25000, ""mean"": -23.867471277999847, ""sample_sd"": 3.4649040543721386}, ""q1_loss"": {""n"": 25000, ""mean"": 1.717289015682486, ""sample_sd"": 4.426284280294321}, ""q2_loss"": {""n"": 25000, ""mean"": 1.7750839118577564, ""sample_sd"": 4.4933402939853755}, ""alpha_loss"": {""n"": 25000, ""mean"": 0.05329115033125867, ""sample_sd"": 0.05235384628288539}, ""alpha"": {""n"": 25000, ""mean"": 0.02163715297102946, ""sample_sd"": 0.012523505669339395}, ""actor_gradient_norm"": {""n"": 25000, ""mean"": 0.4915615894681219, ""sample_sd"": 0.23037065003253013}, ""q1_gradient_norm"": {""n"": 25000, ""mean"": 38.81272423088106, ""sample_sd"": 31.75646865084346}, ""q2_gradient_norm"": {""n"": 25000, ""mean"": 36.34533848683356, ""sample_sd"": 29.785015793069686}, ""alpha_gradient_norm"": {""n"": 25000, ""mean"": 0.05333858891882959, ""sample_sd"": 0.05230551258893952}}"
R1_1e-4,33,50001,75000,25000,0.0047211903147399426,"{""actor_loss"": {""n"": 25000, ""mean"": -31.9685062606048, ""sample_sd"": 1.6408197195333005}, ""q1_loss"": {""n"": 25000, ""mean"": 2.3038487377947647, ""sample_sd"": 5.348249534566998}, ""q2_loss"": {""n"": 25000, ""mean"": 2.4199208767437934, ""sample_sd"": 5.54255593278675}, ""alpha_loss"": {""n"": 25000, ""mean"": 0.00037288604994682864, ""sample_sd"": 0.002186050058029017}, ""alpha"": {""n"": 25000, ""mean"": 0.005874102197382576, ""sample_sd"": 0.0007363457886009566}, ""actor_gradient_norm"": {""n"": 25000, ""mean"": 0.74756952189684, ""sample_sd"": 0.24043355715704892}, ""q1_gradient_norm"": {""n"": 25000, ""mean"": 79.90655034339878, ""sample_sd"": 57.35245237498271}, ""q2_gradient_norm"": {""n"": 25000, ""mean"": 71.14505242750185, ""sample_sd"": 51.19968182679118}, ""alpha_gradient_norm"": {""n"": 25000, ""mean"": 0.001650288885657426, ""sample_sd"": 0.0014813176814011785}}"
R1_1e-4,33,75001,100000,25000,0.004841775167733431,"{""actor_loss"": {""n"": 25000, ""mean"": -30.89437479850765, ""sample_sd"": 2.0834082935483678}, ""q1_loss"": {""n"": 25000, ""mean"": 2.0734254802298477, ""sample_sd"": 5.567899123851335}, ""q2_loss"": {""n"": 25000, ""mean"": 2.17872323750406, ""sample_sd"": 5.7750700140078814}, ""alpha_loss"": {""n"": 25000, ""mean"": -1.0877567006682116e-05, ""sample_sd"": 0.002286009781026684}, ""alpha"": {""n"": 25000, ""mean"": 0.004886332654040344, ""sample_sd"": 0.00014449017088563368}, ""actor_gradient_norm"": {""n"": 25000, ""mean"": 0.621707246299385, ""sample_sd"": 0.20692799718728114}, ""q1_gradient_norm"": {""n"": 25000, ""mean"": 99.3279456855576, ""sample_sd"": 71.76519010591666}, ""q2_gradient_norm"": {""n"": 25000, ""mean"": 88.6353299830053, ""sample_sd"": 65.57006109540039}, ""alpha_gradient_norm"": {""n"": 25000, ""mean"": 0.0017332348982458095, ""sample_sd"": 0.0014905487803129106}}"
