case_id,control_step,timestamp_s,obstacle_id,position_ned_m,velocity_ned_mps,radius_m
R04_head_on_lateral_offset,1,1.2000000000000002,1,"[59.519999999999925, 53.0, 20.0]","[-0.4, 0.0, 0.0]",0.6
R04_head_on_lateral_offset,2,1.4000000000000004,1,"[59.43999999999991, 53.0, 20.0]","[-0.4, 0.0, 0.0]",0.6
R04_head_on_lateral_offset,3,1.6000000000000005,1,"[59.3599999999999, 53.0, 20.0]","[-0.4, 0.0, 0.0]",0.6
R04_head_on_lateral_offset,4,1.8000000000000007,1,"[59.27999999999989, 53.0, 20.0]","[-0.4, 0.0, 0.0]",0.6
R04_head_on_lateral_offset,5,2.000000000000001,1,"[59.199999999999875, 53.0, 20.0]","[-0.4, 0.0, 0.0]",0.6
R04_head_on_lateral_offset,6,2.2,1,"[59.11999999999986, 53.0, 20.0]","[-0.4, 0.0, 0.0]",0.6
R04_head_on_lateral_offset,7,2.3999999999999995,1,"[59.03999999999985, 53.0, 20.0]","[-0.4, 0.0, 0.0]",0.6
R04_head_on_lateral_offset,8,2.5999999999999988,1,"[58.95999999999984, 53.0, 20.0]","[-0.4, 0.0, 0.0]",0.6
R04_head_on_lateral_offset,9,2.799999999999998,1,"[58.879999999999825, 53.0, 20.0]","[-0.4, 0.0, 0.0]",0.6
R04_head_on_lateral_offset,10,2.9999999999999973,1,"[58.79999999999981, 53.0, 20.0]","[-0.4, 0.0, 0.0]",0.6
R04_head_on_lateral_offset,11,3.1999999999999966,1,"[58.7199999999998, 53.0, 20.0]","[-0.4, 0.0, 0.0]",0.6
R04_head_on_lateral_offset,12,3.399999999999996,1,"[58.63999999999979, 53.0, 20.0]","[-0.4, 0.0, 0.0]",0.6
R04_head_on_lateral_offset,13,3.599999999999995,1,"[58.559999999999775, 53.0, 20.0]","[-0.4, 0.0, 0.0]",0.6
R04_head_on_lateral_offset,14,3.7999999999999945,1,"[58.47999999999976, 53.0, 20.0]","[-0.4, 0.0, 0.0]",0.6
R04_head_on_lateral_offset,15,3.999999999999994,1,"[58.39999999999975, 53.0, 20.0]","[-0.4, 0.0, 0.0]",0.6
R04_head_on_lateral_offset,16,4.199999999999993,1,"[58.31999999999974, 53.0, 20.0]","[-0.4, 0.0, 0.0]",0.6
R04_head_on_lateral_offset,17,4.399999999999992,1,"[58.239999999999725, 53.0, 20.0]","[-0.4, 0.0, 0.0]",0.6
R04_head_on_lateral_offset,18,4.599999999999992,1,"[58.15999999999971, 53.0, 20.0]","[-0.4, 0.0, 0.0]",0.6
R04_head_on_lateral_offset,19,4.799999999999991,1,"[58.0799999999997, 53.0, 20.0]","[-0.4, 0.0, 0.0]",0.6
R04_head_on_lateral_offset,20,4.99999999999999,1,"[57.99999999999969, 53.0, 20.0]","[-0.4, 0.0, 0.0]",0.6
R04_head_on_lateral_offset,21,5.1999999999999895,1,"[57.919999999999675, 53.0, 20.0]","[-0.4, 0.0, 0.0]",0.6
R04_head_on_lateral_offset,22,5.399999999999989,1,"[57.83999999999966, 53.0, 20.0]","[-0.4, 0.0, 0.0]",0.6
R04_head_on_lateral_offset,23,5.599999999999988,1,"[57.75999999999965, 53.0, 20.0]","[-0.4, 0.0, 0.0]",0.6
R04_head_on_lateral_offset,24,5.799999999999987,1,"[57.67999999999964, 53.0, 20.0]","[-0.4, 0.0, 0.0]",0.6
R04_head_on_lateral_offset,25,5.999999999999987,1,"[57.599999999999625, 53.0, 20.0]","[-0.4, 0.0, 0.0]",0.6
R04_head_on_lateral_offset,26,6.199999999999986,1,"[57.51999999999961, 53.0, 20.0]","[-0.4, 0.0, 0.0]",0.6
R04_head_on_lateral_offset,27,6.399999999999985,1,"[57.4399999999996, 53.0, 20.0]","[-0.4, 0.0, 0.0]",0.6
R04_head_on_lateral_offset,28,6.5999999999999845,1,"[57.35999999999959, 53.0, 20.0]","[-0.4, 0.0, 0.0]",0.6
R04_head_on_lateral_offset,29,6.799999999999984,1,"[57.279999999999575, 53.0, 20.0]","[-0.4, 0.0, 0.0]",0.6
R04_head_on_lateral_offset,30,6.999999999999983,1,"[57.19999999999956, 53.0, 20.0]","[-0.4, 0.0, 0.0]",0.6
R04_head_on_lateral_offset,31,7.199999999999982,1,"[57.11999999999955, 53.0, 20.0]","[-0.4, 0.0, 0.0]",0.6
R04_head_on_lateral_offset,32,7.399999999999982,1,"[57.03999999999954, 53.0, 20.0]","[-0.4, 0.0, 0.0]",0.6
R04_head_on_lateral_offset,33,7.599999999999981,1,"[56.959999999999525, 53.0, 20.0]","[-0.4, 0.0, 0.0]",0.6
R04_head_on_lateral_offset,34,7.79999999999998,1,"[56.87999999999951, 53.0, 20.0]","[-0.4, 0.0, 0.0]",0.6
R04_head_on_lateral_offset,35,7.99999999999998,1,"[56.7999999999995, 53.0, 20.0]","[-0.4, 0.0, 0.0]",0.6
R04_head_on_lateral_offset,36,8.199999999999982,1,"[56.71999999999949, 53.0, 20.0]","[-0.4, 0.0, 0.0]",0.6
R04_head_on_lateral_offset,37,8.399999999999984,1,"[56.639999999999475, 53.0, 20.0]","[-0.4, 0.0, 0.0]",0.6
R04_head_on_lateral_offset,38,8.599999999999987,1,"[56.55999999999946, 53.0, 20.0]","[-0.4, 0.0, 0.0]",0.6
R04_head_on_lateral_offset,39,8.79999999999999,1,"[56.47999999999945, 53.0, 20.0]","[-0.4, 0.0, 0.0]",0.6
R04_head_on_lateral_offset,40,8.999999999999993,1,"[56.39999999999944, 53.0, 20.0]","[-0.4, 0.0, 0.0]",0.6
R04_head_on_lateral_offset,41,9.199999999999996,1,"[56.319999999999425, 53.0, 20.0]","[-0.4, 0.0, 0.0]",0.6
R04_head_on_lateral_offset,42,9.399999999999999,1,"[56.23999999999941, 53.0, 20.0]","[-0.4, 0.0, 0.0]",0.6
R04_head_on_lateral_offset,43,9.600000000000001,1,"[56.1599999999994, 53.0, 20.0]","[-0.4, 0.0, 0.0]",0.6
R04_head_on_lateral_offset,44,9.800000000000004,1,"[56.07999999999939, 53.0, 20.0]","[-0.4, 0.0, 0.0]",0.6
R04_head_on_lateral_offset,45,10.000000000000007,1,"[55.999999999999375, 53.0, 20.0]","[-0.4, 0.0, 0.0]",0.6
R04_head_on_lateral_offset,46,10.20000000000001,1,"[55.91999999999936, 53.0, 20.0]","[-0.4, 0.0, 0.0]",0.6
R04_head_on_lateral_offset,47,10.400000000000013,1,"[55.83999999999935, 53.0, 20.0]","[-0.4, 0.0, 0.0]",0.6
R04_head_on_lateral_offset,48,10.600000000000016,1,"[55.75999999999934, 53.0, 20.0]","[-0.4, 0.0, 0.0]",0.6
R04_head_on_lateral_offset,49,10.800000000000018,1,"[55.679999999999325, 53.0, 20.0]","[-0.4, 0.0, 0.0]",0.6
R04_head_on_lateral_offset,50,11.000000000000021,1,"[55.59999999999931, 53.0, 20.0]","[-0.4, 0.0, 0.0]",0.6
R04_head_on_lateral_offset,51,11.200000000000024,1,"[55.5199999999993, 53.0, 20.0]","[-0.4, 0.0, 0.0]",0.6
R04_head_on_lateral_offset,52,11.400000000000027,1,"[55.43999999999929, 53.0, 20.0]","[-0.4, 0.0, 0.0]",0.6
R04_head_on_lateral_offset,53,11.60000000000003,1,"[55.359999999999275, 53.0, 20.0]","[-0.4, 0.0, 0.0]",0.6
R04_head_on_lateral_offset,54,11.800000000000033,1,"[55.27999999999926, 53.0, 20.0]","[-0.4, 0.0, 0.0]",0.6
R04_head_on_lateral_offset,55,12.000000000000036,1,"[55.19999999999925, 53.0, 20.0]","[-0.4, 0.0, 0.0]",0.6
R04_head_on_lateral_offset,56,12.200000000000038,1,"[55.11999999999924, 53.0, 20.0]","[-0.4, 0.0, 0.0]",0.6
R04_head_on_lateral_offset,57,12.400000000000041,1,"[55.039999999999225, 53.0, 20.0]","[-0.4, 0.0, 0.0]",0.6
R04_head_on_lateral_offset,58,12.600000000000044,1,"[54.95999999999921, 53.0, 20.0]","[-0.4, 0.0, 0.0]",0.6
R04_head_on_lateral_offset,59,12.800000000000047,1,"[54.8799999999992, 53.0, 20.0]","[-0.4, 0.0, 0.0]",0.6
R04_head_on_lateral_offset,60,13.00000000000005,1,"[54.79999999999919, 53.0, 20.0]","[-0.4, 0.0, 0.0]",0.6
R04_head_on_lateral_offset,61,13.200000000000053,1,"[54.719999999999175, 53.0, 20.0]","[-0.4, 0.0, 0.0]",0.6
R04_head_on_lateral_offset,62,13.400000000000055,1,"[54.63999999999916, 53.0, 20.0]","[-0.4, 0.0, 0.0]",0.6
R04_head_on_lateral_offset,63,13.600000000000058,1,"[54.55999999999915, 53.0, 20.0]","[-0.4, 0.0, 0.0]",0.6
R04_head_on_lateral_offset,64,13.800000000000061,1,"[54.47999999999914, 53.0, 20.0]","[-0.4, 0.0, 0.0]",0.6
R04_head_on_lateral_offset,65,14.000000000000064,1,"[54.399999999999125, 53.0, 20.0]","[-0.4, 0.0, 0.0]",0.6
R04_head_on_lateral_offset,66,14.200000000000067,1,"[54.31999999999911, 53.0, 20.0]","[-0.4, 0.0, 0.0]",0.6
R04_head_on_lateral_offset,67,14.40000000000007,1,"[54.2399999999991, 53.0, 20.0]","[-0.4, 0.0, 0.0]",0.6
R04_head_on_lateral_offset,68,14.600000000000072,1,"[54.15999999999909, 53.0, 20.0]","[-0.4, 0.0, 0.0]",0.6
R04_head_on_lateral_offset,69,14.800000000000075,1,"[54.079999999999075, 53.0, 20.0]","[-0.4, 0.0, 0.0]",0.6
R04_head_on_lateral_offset,70,15.000000000000078,1,"[53.99999999999906, 53.0, 20.0]","[-0.4, 0.0, 0.0]",0.6
R04_head_on_lateral_offset,71,15.200000000000081,1,"[53.91999999999905, 53.0, 20.0]","[-0.4, 0.0, 0.0]",0.6
R04_head_on_lateral_offset,72,15.400000000000084,1,"[53.83999999999904, 53.0, 20.0]","[-0.4, 0.0, 0.0]",0.6
R04_head_on_lateral_offset,73,15.600000000000087,1,"[53.759999999999025, 53.0, 20.0]","[-0.4, 0.0, 0.0]",0.6
R04_head_on_lateral_offset,74,15.80000000000009,1,"[53.67999999999901, 53.0, 20.0]","[-0.4, 0.0, 0.0]",0.6
R04_head_on_lateral_offset,75,16.000000000000092,1,"[53.599999999999, 53.0, 20.0]","[-0.4, 0.0, 0.0]",0.6
R04_head_on_lateral_offset,76,16.200000000000095,1,"[53.51999999999899, 53.0, 20.0]","[-0.4, 0.0, 0.0]",0.6
R04_head_on_lateral_offset,77,16.400000000000098,1,"[53.439999999998975, 53.0, 20.0]","[-0.4, 0.0, 0.0]",0.6
R04_head_on_lateral_offset,78,16.6000000000001,1,"[53.35999999999896, 53.0, 20.0]","[-0.4, 0.0, 0.0]",0.6
R04_head_on_lateral_offset,79,16.800000000000104,1,"[53.27999999999895, 53.0, 20.0]","[-0.4, 0.0, 0.0]",0.6
R04_head_on_lateral_offset,80,17.000000000000107,1,"[53.19999999999894, 53.0, 20.0]","[-0.4, 0.0, 0.0]",0.6
R04_head_on_lateral_offset,81,17.20000000000011,1,"[53.119999999998925, 53.0, 20.0]","[-0.4, 0.0, 0.0]",0.6
R04_head_on_lateral_offset,82,17.400000000000112,1,"[53.03999999999891, 53.0, 20.0]","[-0.4, 0.0, 0.0]",0.6
R04_head_on_lateral_offset,83,17.600000000000115,1,"[52.9599999999989, 53.0, 20.0]","[-0.4, 0.0, 0.0]",0.6
R04_head_on_lateral_offset,84,17.800000000000118,1,"[52.87999999999889, 53.0, 20.0]","[-0.4, 0.0, 0.0]",0.6
R04_head_on_lateral_offset,85,18.00000000000012,1,"[52.799999999998875, 53.0, 20.0]","[-0.4, 0.0, 0.0]",0.6
R04_head_on_lateral_offset,86,18.200000000000124,1,"[52.71999999999886, 53.0, 20.0]","[-0.4, 0.0, 0.0]",0.6
R04_head_on_lateral_offset,87,18.400000000000126,1,"[52.63999999999885, 53.0, 20.0]","[-0.4, 0.0, 0.0]",0.6
R04_head_on_lateral_offset,88,18.60000000000013,1,"[52.55999999999884, 53.0, 20.0]","[-0.4, 0.0, 0.0]",0.6
R04_head_on_lateral_offset,89,18.800000000000132,1,"[52.479999999998824, 53.0, 20.0]","[-0.4, 0.0, 0.0]",0.6
R04_head_on_lateral_offset,90,19.000000000000135,1,"[52.39999999999881, 53.0, 20.0]","[-0.4, 0.0, 0.0]",0.6
R04_head_on_lateral_offset,91,19.200000000000138,1,"[52.3199999999988, 53.0, 20.0]","[-0.4, 0.0, 0.0]",0.6
R04_head_on_lateral_offset,92,19.40000000000014,1,"[52.23999999999879, 53.0, 20.0]","[-0.4, 0.0, 0.0]",0.6
R04_head_on_lateral_offset,93,19.600000000000144,1,"[52.159999999998774, 53.0, 20.0]","[-0.4, 0.0, 0.0]",0.6
R04_head_on_lateral_offset,94,19.800000000000146,1,"[52.07999999999876, 53.0, 20.0]","[-0.4, 0.0, 0.0]",0.6
R04_head_on_lateral_offset,95,20.00000000000015,1,"[51.99999999999875, 53.0, 20.0]","[-0.4, 0.0, 0.0]",0.6
R04_head_on_lateral_offset,96,20.200000000000152,1,"[51.91999999999874, 53.0, 20.0]","[-0.4, 0.0, 0.0]",0.6
R04_head_on_lateral_offset,97,20.400000000000155,1,"[51.839999999998724, 53.0, 20.0]","[-0.4, 0.0, 0.0]",0.6
R04_head_on_lateral_offset,98,20.600000000000158,1,"[51.75999999999871, 53.0, 20.0]","[-0.4, 0.0, 0.0]",0.6
R04_head_on_lateral_offset,99,20.80000000000016,1,"[51.6799999999987, 53.0, 20.0]","[-0.4, 0.0, 0.0]",0.6
R04_head_on_lateral_offset,100,21.000000000000163,1,"[51.59999999999869, 53.0, 20.0]","[-0.4, 0.0, 0.0]",0.6
R04_head_on_lateral_offset,101,21.200000000000166,1,"[51.519999999998674, 53.0, 20.0]","[-0.4, 0.0, 0.0]",0.6
R04_head_on_lateral_offset,102,21.40000000000017,1,"[51.43999999999866, 53.0, 20.0]","[-0.4, 0.0, 0.0]",0.6
R04_head_on_lateral_offset,103,21.600000000000172,1,"[51.35999999999865, 53.0, 20.0]","[-0.4, 0.0, 0.0]",0.6
R04_head_on_lateral_offset,104,21.800000000000175,1,"[51.27999999999864, 53.0, 20.0]","[-0.4, 0.0, 0.0]",0.6
R04_head_on_lateral_offset,105,22.000000000000178,1,"[51.199999999998624, 53.0, 20.0]","[-0.4, 0.0, 0.0]",0.6
R04_head_on_lateral_offset,106,22.20000000000018,1,"[51.11999999999861, 53.0, 20.0]","[-0.4, 0.0, 0.0]",0.6
R04_head_on_lateral_offset,107,22.400000000000183,1,"[51.0399999999986, 53.0, 20.0]","[-0.4, 0.0, 0.0]",0.6
R04_head_on_lateral_offset,108,22.600000000000186,1,"[50.95999999999859, 53.0, 20.0]","[-0.4, 0.0, 0.0]",0.6
R04_head_on_lateral_offset,109,22.80000000000019,1,"[50.879999999998574, 53.0, 20.0]","[-0.4, 0.0, 0.0]",0.6
R04_head_on_lateral_offset,110,23.000000000000192,1,"[50.79999999999856, 53.0, 20.0]","[-0.4, 0.0, 0.0]",0.6
R04_head_on_lateral_offset,111,23.200000000000195,1,"[50.71999999999855, 53.0, 20.0]","[-0.4, 0.0, 0.0]",0.6
R04_head_on_lateral_offset,112,23.400000000000198,1,"[50.63999999999854, 53.0, 20.0]","[-0.4, 0.0, 0.0]",0.6
R04_head_on_lateral_offset,113,23.6000000000002,1,"[50.559999999998524, 53.0, 20.0]","[-0.4, 0.0, 0.0]",0.6
R04_head_on_lateral_offset,114,23.800000000000203,1,"[50.47999999999851, 53.0, 20.0]","[-0.4, 0.0, 0.0]",0.6
R04_head_on_lateral_offset,115,24.000000000000206,1,"[50.3999999999985, 53.0, 20.0]","[-0.4, 0.0, 0.0]",0.6
R04_head_on_lateral_offset,116,24.20000000000021,1,"[50.31999999999849, 53.0, 20.0]","[-0.4, 0.0, 0.0]",0.6
R04_head_on_lateral_offset,117,24.40000000000021,1,"[50.239999999998474, 53.0, 20.0]","[-0.4, 0.0, 0.0]",0.6
R04_head_on_lateral_offset,118,24.600000000000215,1,"[50.15999999999846, 53.0, 20.0]","[-0.4, 0.0, 0.0]",0.6
R04_head_on_lateral_offset,119,24.800000000000217,1,"[50.07999999999845, 53.0, 20.0]","[-0.4, 0.0, 0.0]",0.6
R04_head_on_lateral_offset,120,25.00000000000022,1,"[49.99999999999844, 53.0, 20.0]","[-0.4, 0.0, 0.0]",0.6
R04_head_on_lateral_offset,121,25.200000000000223,1,"[49.919999999998424, 53.0, 20.0]","[-0.4, 0.0, 0.0]",0.6
R04_head_on_lateral_offset,122,25.400000000000226,1,"[49.83999999999841, 53.0, 20.0]","[-0.4, 0.0, 0.0]",0.6
R04_head_on_lateral_offset,123,25.60000000000023,1,"[49.7599999999984, 53.0, 20.0]","[-0.4, 0.0, 0.0]",0.6
R04_head_on_lateral_offset,124,25.80000000000023,1,"[49.67999999999839, 53.0, 20.0]","[-0.4, 0.0, 0.0]",0.6
R04_head_on_lateral_offset,125,26.000000000000234,1,"[49.599999999998374, 53.0, 20.0]","[-0.4, 0.0, 0.0]",0.6
R04_head_on_lateral_offset,126,26.200000000000237,1,"[49.51999999999836, 53.0, 20.0]","[-0.4, 0.0, 0.0]",0.6
R04_head_on_lateral_offset,127,26.40000000000024,1,"[49.43999999999835, 53.0, 20.0]","[-0.4, 0.0, 0.0]",0.6
R04_head_on_lateral_offset,128,26.600000000000243,1,"[49.35999999999834, 53.0, 20.0]","[-0.4, 0.0, 0.0]",0.6
R04_head_on_lateral_offset,129,26.800000000000246,1,"[49.279999999998324, 53.0, 20.0]","[-0.4, 0.0, 0.0]",0.6
R04_head_on_lateral_offset,130,27.00000000000025,1,"[49.19999999999831, 53.0, 20.0]","[-0.4, 0.0, 0.0]",0.6
R04_head_on_lateral_offset,131,27.20000000000025,1,"[49.1199999999983, 53.0, 20.0]","[-0.4, 0.0, 0.0]",0.6
R04_head_on_lateral_offset,132,27.400000000000254,1,"[49.03999999999829, 53.0, 20.0]","[-0.4, 0.0, 0.0]",0.6
R04_head_on_lateral_offset,133,27.600000000000257,1,"[48.959999999998274, 53.0, 20.0]","[-0.4, 0.0, 0.0]",0.6
R04_head_on_lateral_offset,134,27.80000000000026,1,"[48.87999999999826, 53.0, 20.0]","[-0.4, 0.0, 0.0]",0.6
R04_head_on_lateral_offset,135,28.000000000000263,1,"[48.79999999999825, 53.0, 20.0]","[-0.4, 0.0, 0.0]",0.6
R04_head_on_lateral_offset,136,28.200000000000266,1,"[48.71999999999824, 53.0, 20.0]","[-0.4, 0.0, 0.0]",0.6
R04_head_on_lateral_offset,137,28.40000000000027,1,"[48.639999999998224, 53.0, 20.0]","[-0.4, 0.0, 0.0]",0.6
R04_head_on_lateral_offset,138,28.60000000000027,1,"[48.55999999999821, 53.0, 20.0]","[-0.4, 0.0, 0.0]",0.6
R04_head_on_lateral_offset,139,28.800000000000274,1,"[48.4799999999982, 53.0, 20.0]","[-0.4, 0.0, 0.0]",0.6
R04_head_on_lateral_offset,140,29.000000000000277,1,"[48.39999999999819, 53.0, 20.0]","[-0.4, 0.0, 0.0]",0.6
R04_head_on_lateral_offset,141,29.20000000000028,1,"[48.319999999998174, 53.0, 20.0]","[-0.4, 0.0, 0.0]",0.6
R04_head_on_lateral_offset,142,29.400000000000283,1,"[48.23999999999816, 53.0, 20.0]","[-0.4, 0.0, 0.0]",0.6
R04_head_on_lateral_offset,143,29.600000000000286,1,"[48.15999999999815, 53.0, 20.0]","[-0.4, 0.0, 0.0]",0.6
R04_head_on_lateral_offset,144,29.80000000000029,1,"[48.07999999999814, 53.0, 20.0]","[-0.4, 0.0, 0.0]",0.6
R04_head_on_lateral_offset,145,30.00000000000029,1,"[47.999999999998124, 53.0, 20.0]","[-0.4, 0.0, 0.0]",0.6
R04_head_on_lateral_offset,146,30.200000000000294,1,"[47.91999999999811, 53.0, 20.0]","[-0.4, 0.0, 0.0]",0.6
R04_head_on_lateral_offset,147,30.400000000000297,1,"[47.8399999999981, 53.0, 20.0]","[-0.4, 0.0, 0.0]",0.6
R04_head_on_lateral_offset,148,30.6000000000003,1,"[47.75999999999809, 53.0, 20.0]","[-0.4, 0.0, 0.0]",0.6
R04_head_on_lateral_offset,149,30.800000000000303,1,"[47.679999999998074, 53.0, 20.0]","[-0.4, 0.0, 0.0]",0.6
R04_head_on_lateral_offset,150,31.000000000000306,1,"[47.59999999999806, 53.0, 20.0]","[-0.4, 0.0, 0.0]",0.6
R04_head_on_lateral_offset,151,31.20000000000031,1,"[47.51999999999805, 53.0, 20.0]","[-0.4, 0.0, 0.0]",0.6
R04_head_on_lateral_offset,152,31.40000000000031,1,"[47.43999999999804, 53.0, 20.0]","[-0.4, 0.0, 0.0]",0.6
R04_head_on_lateral_offset,153,31.600000000000314,1,"[47.359999999998024, 53.0, 20.0]","[-0.4, 0.0, 0.0]",0.6
R04_head_on_lateral_offset,154,31.800000000000317,1,"[47.27999999999801, 53.0, 20.0]","[-0.4, 0.0, 0.0]",0.6
R04_head_on_lateral_offset,155,32.00000000000032,1,"[47.199999999998, 53.0, 20.0]","[-0.4, 0.0, 0.0]",0.6
R04_head_on_lateral_offset,156,32.20000000000031,1,"[47.11999999999799, 53.0, 20.0]","[-0.4, 0.0, 0.0]",0.6
R04_head_on_lateral_offset,157,32.4000000000003,1,"[47.039999999997974, 53.0, 20.0]","[-0.4, 0.0, 0.0]",0.6
R04_head_on_lateral_offset,158,32.600000000000286,1,"[46.95999999999796, 53.0, 20.0]","[-0.4, 0.0, 0.0]",0.6
R04_head_on_lateral_offset,159,32.800000000000274,1,"[46.87999999999795, 53.0, 20.0]","[-0.4, 0.0, 0.0]",0.6
R04_head_on_lateral_offset,160,33.00000000000026,1,"[46.79999999999794, 53.0, 20.0]","[-0.4, 0.0, 0.0]",0.6
R04_head_on_lateral_offset,161,33.20000000000025,1,"[46.719999999997924, 53.0, 20.0]","[-0.4, 0.0, 0.0]",0.6
R04_head_on_lateral_offset,162,33.40000000000024,1,"[46.63999999999791, 53.0, 20.0]","[-0.4, 0.0, 0.0]",0.6
R04_head_on_lateral_offset,163,33.60000000000023,1,"[46.5599999999979, 53.0, 20.0]","[-0.4, 0.0, 0.0]",0.6
R04_head_on_lateral_offset,164,33.80000000000022,1,"[46.47999999999789, 53.0, 20.0]","[-0.4, 0.0, 0.0]",0.6
R04_head_on_lateral_offset,165,34.000000000000206,1,"[46.399999999997874, 53.0, 20.0]","[-0.4, 0.0, 0.0]",0.6
R04_head_on_lateral_offset,166,34.200000000000195,1,"[46.31999999999786, 53.0, 20.0]","[-0.4, 0.0, 0.0]",0.6
R04_head_on_lateral_offset,167,34.40000000000018,1,"[46.23999999999785, 53.0, 20.0]","[-0.4, 0.0, 0.0]",0.6
R04_head_on_lateral_offset,168,34.60000000000017,1,"[46.15999999999784, 53.0, 20.0]","[-0.4, 0.0, 0.0]",0.6
R04_head_on_lateral_offset,169,34.80000000000016,1,"[46.079999999997824, 53.0, 20.0]","[-0.4, 0.0, 0.0]",0.6
R04_head_on_lateral_offset,170,35.00000000000015,1,"[45.99999999999781, 53.0, 20.0]","[-0.4, 0.0, 0.0]",0.6
R04_head_on_lateral_offset,171,35.20000000000014,1,"[45.9199999999978, 53.0, 20.0]","[-0.4, 0.0, 0.0]",0.6
R04_head_on_lateral_offset,172,35.40000000000013,1,"[45.83999999999779, 53.0, 20.0]","[-0.4, 0.0, 0.0]",0.6
R04_head_on_lateral_offset,173,35.600000000000115,1,"[45.759999999997774, 53.0, 20.0]","[-0.4, 0.0, 0.0]",0.6
R04_head_on_lateral_offset,174,35.800000000000104,1,"[45.67999999999776, 53.0, 20.0]","[-0.4, 0.0, 0.0]",0.6
R04_head_on_lateral_offset,175,36.00000000000009,1,"[45.59999999999775, 53.0, 20.0]","[-0.4, 0.0, 0.0]",0.6
R04_head_on_lateral_offset,176,36.20000000000008,1,"[45.51999999999774, 53.0, 20.0]","[-0.4, 0.0, 0.0]",0.6
R04_head_on_lateral_offset,177,36.40000000000007,1,"[45.439999999997724, 53.0, 20.0]","[-0.4, 0.0, 0.0]",0.6
R04_head_on_lateral_offset,178,36.60000000000006,1,"[45.35999999999771, 53.0, 20.0]","[-0.4, 0.0, 0.0]",0.6
R04_head_on_lateral_offset,179,36.80000000000005,1,"[45.2799999999977, 53.0, 20.0]","[-0.4, 0.0, 0.0]",0.6
R04_head_on_lateral_offset,180,37.000000000000036,1,"[45.19999999999769, 53.0, 20.0]","[-0.4, 0.0, 0.0]",0.6
R04_head_on_lateral_offset,181,37.200000000000024,1,"[45.119999999997674, 53.0, 20.0]","[-0.4, 0.0, 0.0]",0.6
R04_head_on_lateral_offset,182,37.40000000000001,1,"[45.03999999999766, 53.0, 20.0]","[-0.4, 0.0, 0.0]",0.6
R04_head_on_lateral_offset,183,37.6,1,"[44.95999999999765, 53.0, 20.0]","[-0.4, 0.0, 0.0]",0.6
R04_head_on_lateral_offset,184,37.79999999999999,1,"[44.87999999999764, 53.0, 20.0]","[-0.4, 0.0, 0.0]",0.6
R04_head_on_lateral_offset,185,37.99999999999998,1,"[44.799999999997624, 53.0, 20.0]","[-0.4, 0.0, 0.0]",0.6
R04_head_on_lateral_offset,186,38.19999999999997,1,"[44.71999999999761, 53.0, 20.0]","[-0.4, 0.0, 0.0]",0.6
R04_head_on_lateral_offset,187,38.399999999999956,1,"[44.6399999999976, 53.0, 20.0]","[-0.4, 0.0, 0.0]",0.6
R04_head_on_lateral_offset,188,38.599999999999945,1,"[44.559999999997586, 53.0, 20.0]","[-0.4, 0.0, 0.0]",0.6
R04_head_on_lateral_offset,189,38.79999999999993,1,"[44.479999999997574, 53.0, 20.0]","[-0.4, 0.0, 0.0]",0.6
R04_head_on_lateral_offset,190,38.99999999999992,1,"[44.39999999999756, 53.0, 20.0]","[-0.4, 0.0, 0.0]",0.6
R04_head_on_lateral_offset,191,39.19999999999991,1,"[44.31999999999755, 53.0, 20.0]","[-0.4, 0.0, 0.0]",0.6
R04_head_on_lateral_offset,192,39.3999999999999,1,"[44.239999999997536, 53.0, 20.0]","[-0.4, 0.0, 0.0]",0.6
R04_head_on_lateral_offset,193,39.59999999999989,1,"[44.159999999997524, 53.0, 20.0]","[-0.4, 0.0, 0.0]",0.6
R04_head_on_lateral_offset,194,39.799999999999876,1,"[44.07999999999751, 53.0, 20.0]","[-0.4, 0.0, 0.0]",0.6
R04_head_on_lateral_offset,195,39.999999999999865,1,"[43.9999999999975, 53.0, 20.0]","[-0.4, 0.0, 0.0]",0.6
R04_head_on_lateral_offset,196,40.199999999999854,1,"[43.919999999997486, 53.0, 20.0]","[-0.4, 0.0, 0.0]",0.6
R04_head_on_lateral_offset,197,40.39999999999984,1,"[43.839999999997474, 53.0, 20.0]","[-0.4, 0.0, 0.0]",0.6
R04_head_on_lateral_offset,198,40.59999999999983,1,"[43.75999999999746, 53.0, 20.0]","[-0.4, 0.0, 0.0]",0.6
R04_head_on_lateral_offset,199,40.79999999999982,1,"[43.67999999999745, 53.0, 20.0]","[-0.4, 0.0, 0.0]",0.6
R04_head_on_lateral_offset,200,40.99999999999981,1,"[43.599999999997436, 53.0, 20.0]","[-0.4, 0.0, 0.0]",0.6
R04_head_on_lateral_offset,201,41.1999999999998,1,"[43.519999999997424, 53.0, 20.0]","[-0.4, 0.0, 0.0]",0.6
R04_head_on_lateral_offset,202,41.399999999999785,1,"[43.43999999999741, 53.0, 20.0]","[-0.4, 0.0, 0.0]",0.6
R04_head_on_lateral_offset,203,41.599999999999774,1,"[43.3599999999974, 53.0, 20.0]","[-0.4, 0.0, 0.0]",0.6
R04_head_on_lateral_offset,204,41.79999999999976,1,"[43.279999999997386, 53.0, 20.0]","[-0.4, 0.0, 0.0]",0.6
R04_head_on_lateral_offset,205,41.99999999999975,1,"[43.199999999997374, 53.0, 20.0]","[-0.4, 0.0, 0.0]",0.6
R04_head_on_lateral_offset,206,42.19999999999974,1,"[43.11999999999736, 53.0, 20.0]","[-0.4, 0.0, 0.0]",0.6
R04_head_on_lateral_offset,207,42.39999999999973,1,"[43.03999999999735, 53.0, 20.0]","[-0.4, 0.0, 0.0]",0.6
R04_head_on_lateral_offset,208,42.59999999999972,1,"[42.959999999997336, 53.0, 20.0]","[-0.4, 0.0, 0.0]",0.6
R04_head_on_lateral_offset,209,42.799999999999706,1,"[42.879999999997324, 53.0, 20.0]","[-0.4, 0.0, 0.0]",0.6
R04_head_on_lateral_offset,210,42.999999999999694,1,"[42.79999999999731, 53.0, 20.0]","[-0.4, 0.0, 0.0]",0.6
R04_head_on_lateral_offset,211,43.19999999999968,1,"[42.7199999999973, 53.0, 20.0]","[-0.4, 0.0, 0.0]",0.6
R04_head_on_lateral_offset,212,43.39999999999967,1,"[42.639999999997286, 53.0, 20.0]","[-0.4, 0.0, 0.0]",0.6
R04_head_on_lateral_offset,213,43.59999999999966,1,"[42.559999999997274, 53.0, 20.0]","[-0.4, 0.0, 0.0]",0.6
R04_head_on_lateral_offset,214,43.79999999999965,1,"[42.47999999999726, 53.0, 20.0]","[-0.4, 0.0, 0.0]",0.6
R04_head_on_lateral_offset,215,43.99999999999964,1,"[42.39999999999725, 53.0, 20.0]","[-0.4, 0.0, 0.0]",0.6
R04_head_on_lateral_offset,216,44.199999999999626,1,"[42.319999999997236, 53.0, 20.0]","[-0.4, 0.0, 0.0]",0.6
R04_head_on_lateral_offset,217,44.399999999999615,1,"[42.239999999997224, 53.0, 20.0]","[-0.4, 0.0, 0.0]",0.6
R04_head_on_lateral_offset,218,44.5999999999996,1,"[42.15999999999721, 53.0, 20.0]","[-0.4, 0.0, 0.0]",0.6
R04_head_on_lateral_offset,219,44.79999999999959,1,"[42.0799999999972, 53.0, 20.0]","[-0.4, 0.0, 0.0]",0.6
R04_head_on_lateral_offset,220,44.99999999999958,1,"[41.999999999997186, 53.0, 20.0]","[-0.4, 0.0, 0.0]",0.6
R04_head_on_lateral_offset,221,45.19999999999957,1,"[41.919999999997174, 53.0, 20.0]","[-0.4, 0.0, 0.0]",0.6
R04_head_on_lateral_offset,222,45.39999999999956,1,"[41.83999999999716, 53.0, 20.0]","[-0.4, 0.0, 0.0]",0.6
R04_head_on_lateral_offset,223,45.59999999999955,1,"[41.75999999999715, 53.0, 20.0]","[-0.4, 0.0, 0.0]",0.6
R04_head_on_lateral_offset,224,45.799999999999535,1,"[41.679999999997136, 53.0, 20.0]","[-0.4, 0.0, 0.0]",0.6
R04_head_on_lateral_offset,225,45.999999999999524,1,"[41.599999999997124, 53.0, 20.0]","[-0.4, 0.0, 0.0]",0.6
R04_head_on_lateral_offset,226,46.19999999999951,1,"[41.51999999999711, 53.0, 20.0]","[-0.4, 0.0, 0.0]",0.6
R04_head_on_lateral_offset,227,46.3999999999995,1,"[41.4399999999971, 53.0, 20.0]","[-0.4, 0.0, 0.0]",0.6
R04_head_on_lateral_offset,228,46.59999999999949,1,"[41.359999999997086, 53.0, 20.0]","[-0.4, 0.0, 0.0]",0.6
R04_head_on_lateral_offset,229,46.79999999999948,1,"[41.279999999997074, 53.0, 20.0]","[-0.4, 0.0, 0.0]",0.6
R04_head_on_lateral_offset,230,46.99999999999947,1,"[41.19999999999706, 53.0, 20.0]","[-0.4, 0.0, 0.0]",0.6
R04_head_on_lateral_offset,231,47.199999999999456,1,"[41.11999999999705, 53.0, 20.0]","[-0.4, 0.0, 0.0]",0.6
R04_head_on_lateral_offset,232,47.399999999999444,1,"[41.039999999997036, 53.0, 20.0]","[-0.4, 0.0, 0.0]",0.6
R04_head_on_lateral_offset,233,47.59999999999943,1,"[40.959999999997024, 53.0, 20.0]","[-0.4, 0.0, 0.0]",0.6
R04_head_on_lateral_offset,234,47.79999999999942,1,"[40.87999999999701, 53.0, 20.0]","[-0.4, 0.0, 0.0]",0.6
R04_head_on_lateral_offset,235,47.99999999999941,1,"[40.799999999997, 53.0, 20.0]","[-0.4, 0.0, 0.0]",0.6
R04_head_on_lateral_offset,236,48.1999999999994,1,"[40.719999999996986, 53.0, 20.0]","[-0.4, 0.0, 0.0]",0.6
R04_head_on_lateral_offset,237,48.39999999999939,1,"[40.639999999996974, 53.0, 20.0]","[-0.4, 0.0, 0.0]",0.6
R04_head_on_lateral_offset,238,48.599999999999376,1,"[40.55999999999696, 53.0, 20.0]","[-0.4, 0.0, 0.0]",0.6
R04_head_on_lateral_offset,239,48.799999999999365,1,"[40.47999999999695, 53.0, 20.0]","[-0.4, 0.0, 0.0]",0.6
R04_head_on_lateral_offset,240,48.99999999999935,1,"[40.399999999996936, 53.0, 20.0]","[-0.4, 0.0, 0.0]",0.6
R04_head_on_lateral_offset,241,49.19999999999934,1,"[40.319999999996924, 53.0, 20.0]","[-0.4, 0.0, 0.0]",0.6
R04_head_on_lateral_offset,242,49.39999999999933,1,"[40.23999999999691, 53.0, 20.0]","[-0.4, 0.0, 0.0]",0.6
R04_head_on_lateral_offset,243,49.59999999999932,1,"[40.1599999999969, 53.0, 20.0]","[-0.4, 0.0, 0.0]",0.6
R04_head_on_lateral_offset,244,49.79999999999931,1,"[40.079999999996886, 53.0, 20.0]","[-0.4, 0.0, 0.0]",0.6
R04_head_on_lateral_offset,245,49.89166666666508,1,"[40.04333333333057, 53.0, 20.0]","[-0.4, 0.0, 0.0]",0.6
R05_crossing,1,1.2000000000000002,1,"[50.0, 36.480000000000075, 20.0]","[0.0, 0.4, 0.0]",0.6
R05_crossing,2,1.4000000000000004,1,"[50.0, 36.56000000000009, 20.0]","[0.0, 0.4, 0.0]",0.6
R05_crossing,3,1.6000000000000005,1,"[50.0, 36.6400000000001, 20.0]","[0.0, 0.4, 0.0]",0.6
R05_crossing,4,1.8000000000000007,1,"[50.0, 36.72000000000011, 20.0]","[0.0, 0.4, 0.0]",0.6
R05_crossing,5,2.000000000000001,1,"[50.0, 36.800000000000125, 20.0]","[0.0, 0.4, 0.0]",0.6
R05_crossing,6,2.2,1,"[50.0, 36.88000000000014, 20.0]","[0.0, 0.4, 0.0]",0.6
R05_crossing,7,2.3999999999999995,1,"[50.0, 36.96000000000015, 20.0]","[0.0, 0.4, 0.0]",0.6
R05_crossing,8,2.5999999999999988,1,"[50.0, 37.04000000000016, 20.0]","[0.0, 0.4, 0.0]",0.6
R05_crossing,9,2.799999999999998,1,"[50.0, 37.120000000000175, 20.0]","[0.0, 0.4, 0.0]",0.6
R05_crossing,10,2.9999999999999973,1,"[50.0, 37.20000000000019, 20.0]","[0.0, 0.4, 0.0]",0.6
R05_crossing,11,3.1999999999999966,1,"[50.0, 37.2800000000002, 20.0]","[0.0, 0.4, 0.0]",0.6
R05_crossing,12,3.399999999999996,1,"[50.0, 37.36000000000021, 20.0]","[0.0, 0.4, 0.0]",0.6
R05_crossing,13,3.599999999999995,1,"[50.0, 37.440000000000225, 20.0]","[0.0, 0.4, 0.0]",0.6
R05_crossing,14,3.7999999999999945,1,"[50.0, 37.52000000000024, 20.0]","[0.0, 0.4, 0.0]",0.6
R05_crossing,15,3.999999999999994,1,"[50.0, 37.60000000000025, 20.0]","[0.0, 0.4, 0.0]",0.6
R05_crossing,16,4.199999999999993,1,"[50.0, 37.68000000000026, 20.0]","[0.0, 0.4, 0.0]",0.6
R05_crossing,17,4.399999999999992,1,"[50.0, 37.760000000000275, 20.0]","[0.0, 0.4, 0.0]",0.6
R05_crossing,18,4.599999999999992,1,"[50.0, 37.84000000000029, 20.0]","[0.0, 0.4, 0.0]",0.6
R05_crossing,19,4.799999999999991,1,"[50.0, 37.9200000000003, 20.0]","[0.0, 0.4, 0.0]",0.6
R05_crossing,20,4.99999999999999,1,"[50.0, 38.00000000000031, 20.0]","[0.0, 0.4, 0.0]",0.6
R05_crossing,21,5.1999999999999895,1,"[50.0, 38.080000000000325, 20.0]","[0.0, 0.4, 0.0]",0.6
R05_crossing,22,5.399999999999989,1,"[50.0, 38.16000000000034, 20.0]","[0.0, 0.4, 0.0]",0.6
R05_crossing,23,5.599999999999988,1,"[50.0, 38.24000000000035, 20.0]","[0.0, 0.4, 0.0]",0.6
R05_crossing,24,5.799999999999987,1,"[50.0, 38.32000000000036, 20.0]","[0.0, 0.4, 0.0]",0.6
R05_crossing,25,5.999999999999987,1,"[50.0, 38.400000000000375, 20.0]","[0.0, 0.4, 0.0]",0.6
R05_crossing,26,6.199999999999986,1,"[50.0, 38.48000000000039, 20.0]","[0.0, 0.4, 0.0]",0.6
R05_crossing,27,6.399999999999985,1,"[50.0, 38.5600000000004, 20.0]","[0.0, 0.4, 0.0]",0.6
R05_crossing,28,6.5999999999999845,1,"[50.0, 38.64000000000041, 20.0]","[0.0, 0.4, 0.0]",0.6
R05_crossing,29,6.799999999999984,1,"[50.0, 38.720000000000425, 20.0]","[0.0, 0.4, 0.0]",0.6
R05_crossing,30,6.999999999999983,1,"[50.0, 38.80000000000044, 20.0]","[0.0, 0.4, 0.0]",0.6
R05_crossing,31,7.199999999999982,1,"[50.0, 38.88000000000045, 20.0]","[0.0, 0.4, 0.0]",0.6
R05_crossing,32,7.399999999999982,1,"[50.0, 38.96000000000046, 20.0]","[0.0, 0.4, 0.0]",0.6
R05_crossing,33,7.599999999999981,1,"[50.0, 39.040000000000475, 20.0]","[0.0, 0.4, 0.0]",0.6
R05_crossing,34,7.79999999999998,1,"[50.0, 39.12000000000049, 20.0]","[0.0, 0.4, 0.0]",0.6
R05_crossing,35,7.99999999999998,1,"[50.0, 39.2000000000005, 20.0]","[0.0, 0.4, 0.0]",0.6
R05_crossing,36,8.199999999999982,1,"[50.0, 39.28000000000051, 20.0]","[0.0, 0.4, 0.0]",0.6
R05_crossing,37,8.399999999999984,1,"[50.0, 39.360000000000525, 20.0]","[0.0, 0.4, 0.0]",0.6
R05_crossing,38,8.599999999999987,1,"[50.0, 39.44000000000054, 20.0]","[0.0, 0.4, 0.0]",0.6
R05_crossing,39,8.79999999999999,1,"[50.0, 39.52000000000055, 20.0]","[0.0, 0.4, 0.0]",0.6
R05_crossing,40,8.999999999999993,1,"[50.0, 39.60000000000056, 20.0]","[0.0, 0.4, 0.0]",0.6
R05_crossing,41,9.199999999999996,1,"[50.0, 39.680000000000575, 20.0]","[0.0, 0.4, 0.0]",0.6
R05_crossing,42,9.399999999999999,1,"[50.0, 39.76000000000059, 20.0]","[0.0, 0.4, 0.0]",0.6
R05_crossing,43,9.600000000000001,1,"[50.0, 39.8400000000006, 20.0]","[0.0, 0.4, 0.0]",0.6
R05_crossing,44,9.800000000000004,1,"[50.0, 39.92000000000061, 20.0]","[0.0, 0.4, 0.0]",0.6
R05_crossing,45,10.000000000000007,1,"[50.0, 40.000000000000625, 20.0]","[0.0, 0.4, 0.0]",0.6
R05_crossing,46,10.20000000000001,1,"[50.0, 40.08000000000064, 20.0]","[0.0, 0.4, 0.0]",0.6
R05_crossing,47,10.400000000000013,1,"[50.0, 40.16000000000065, 20.0]","[0.0, 0.4, 0.0]",0.6
R05_crossing,48,10.600000000000016,1,"[50.0, 40.24000000000066, 20.0]","[0.0, 0.4, 0.0]",0.6
R05_crossing,49,10.800000000000018,1,"[50.0, 40.320000000000675, 20.0]","[0.0, 0.4, 0.0]",0.6
R05_crossing,50,11.000000000000021,1,"[50.0, 40.40000000000069, 20.0]","[0.0, 0.4, 0.0]",0.6
R05_crossing,51,11.200000000000024,1,"[50.0, 40.4800000000007, 20.0]","[0.0, 0.4, 0.0]",0.6
R05_crossing,52,11.400000000000027,1,"[50.0, 40.56000000000071, 20.0]","[0.0, 0.4, 0.0]",0.6
R05_crossing,53,11.60000000000003,1,"[50.0, 40.640000000000725, 20.0]","[0.0, 0.4, 0.0]",0.6
R05_crossing,54,11.800000000000033,1,"[50.0, 40.72000000000074, 20.0]","[0.0, 0.4, 0.0]",0.6
R05_crossing,55,12.000000000000036,1,"[50.0, 40.80000000000075, 20.0]","[0.0, 0.4, 0.0]",0.6
R05_crossing,56,12.200000000000038,1,"[50.0, 40.88000000000076, 20.0]","[0.0, 0.4, 0.0]",0.6
R05_crossing,57,12.400000000000041,1,"[50.0, 40.960000000000775, 20.0]","[0.0, 0.4, 0.0]",0.6
R05_crossing,58,12.600000000000044,1,"[50.0, 41.04000000000079, 20.0]","[0.0, 0.4, 0.0]",0.6
R05_crossing,59,12.800000000000047,1,"[50.0, 41.1200000000008, 20.0]","[0.0, 0.4, 0.0]",0.6
R05_crossing,60,13.00000000000005,1,"[50.0, 41.20000000000081, 20.0]","[0.0, 0.4, 0.0]",0.6
R05_crossing,61,13.200000000000053,1,"[50.0, 41.280000000000825, 20.0]","[0.0, 0.4, 0.0]",0.6
R05_crossing,62,13.400000000000055,1,"[50.0, 41.36000000000084, 20.0]","[0.0, 0.4, 0.0]",0.6
R05_crossing,63,13.600000000000058,1,"[50.0, 41.44000000000085, 20.0]","[0.0, 0.4, 0.0]",0.6
R05_crossing,64,13.800000000000061,1,"[50.0, 41.52000000000086, 20.0]","[0.0, 0.4, 0.0]",0.6
R05_crossing,65,14.000000000000064,1,"[50.0, 41.600000000000875, 20.0]","[0.0, 0.4, 0.0]",0.6
R05_crossing,66,14.200000000000067,1,"[50.0, 41.68000000000089, 20.0]","[0.0, 0.4, 0.0]",0.6
R05_crossing,67,14.40000000000007,1,"[50.0, 41.7600000000009, 20.0]","[0.0, 0.4, 0.0]",0.6
R05_crossing,68,14.600000000000072,1,"[50.0, 41.84000000000091, 20.0]","[0.0, 0.4, 0.0]",0.6
R05_crossing,69,14.800000000000075,1,"[50.0, 41.920000000000925, 20.0]","[0.0, 0.4, 0.0]",0.6
R05_crossing,70,15.000000000000078,1,"[50.0, 42.00000000000094, 20.0]","[0.0, 0.4, 0.0]",0.6
R05_crossing,71,15.200000000000081,1,"[50.0, 42.08000000000095, 20.0]","[0.0, 0.4, 0.0]",0.6
R05_crossing,72,15.400000000000084,1,"[50.0, 42.16000000000096, 20.0]","[0.0, 0.4, 0.0]",0.6
R05_crossing,73,15.600000000000087,1,"[50.0, 42.240000000000975, 20.0]","[0.0, 0.4, 0.0]",0.6
R05_crossing,74,15.80000000000009,1,"[50.0, 42.32000000000099, 20.0]","[0.0, 0.4, 0.0]",0.6
R05_crossing,75,16.000000000000092,1,"[50.0, 42.400000000001, 20.0]","[0.0, 0.4, 0.0]",0.6
R05_crossing,76,16.200000000000095,1,"[50.0, 42.48000000000101, 20.0]","[0.0, 0.4, 0.0]",0.6
R05_crossing,77,16.400000000000098,1,"[50.0, 42.560000000001025, 20.0]","[0.0, 0.4, 0.0]",0.6
R05_crossing,78,16.6000000000001,1,"[50.0, 42.64000000000104, 20.0]","[0.0, 0.4, 0.0]",0.6
R05_crossing,79,16.800000000000104,1,"[50.0, 42.72000000000105, 20.0]","[0.0, 0.4, 0.0]",0.6
R05_crossing,80,17.000000000000107,1,"[50.0, 42.80000000000106, 20.0]","[0.0, 0.4, 0.0]",0.6
R05_crossing,81,17.20000000000011,1,"[50.0, 42.880000000001075, 20.0]","[0.0, 0.4, 0.0]",0.6
R05_crossing,82,17.400000000000112,1,"[50.0, 42.96000000000109, 20.0]","[0.0, 0.4, 0.0]",0.6
R05_crossing,83,17.600000000000115,1,"[50.0, 43.0400000000011, 20.0]","[0.0, 0.4, 0.0]",0.6
R05_crossing,84,17.800000000000118,1,"[50.0, 43.12000000000111, 20.0]","[0.0, 0.4, 0.0]",0.6
R05_crossing,85,18.00000000000012,1,"[50.0, 43.200000000001125, 20.0]","[0.0, 0.4, 0.0]",0.6
R05_crossing,86,18.200000000000124,1,"[50.0, 43.28000000000114, 20.0]","[0.0, 0.4, 0.0]",0.6
R05_crossing,87,18.400000000000126,1,"[50.0, 43.36000000000115, 20.0]","[0.0, 0.4, 0.0]",0.6
R05_crossing,88,18.60000000000013,1,"[50.0, 43.44000000000116, 20.0]","[0.0, 0.4, 0.0]",0.6
R05_crossing,89,18.800000000000132,1,"[50.0, 43.520000000001176, 20.0]","[0.0, 0.4, 0.0]",0.6
R05_crossing,90,19.000000000000135,1,"[50.0, 43.60000000000119, 20.0]","[0.0, 0.4, 0.0]",0.6
R05_crossing,91,19.200000000000138,1,"[50.0, 43.6800000000012, 20.0]","[0.0, 0.4, 0.0]",0.6
R05_crossing,92,19.40000000000014,1,"[50.0, 43.76000000000121, 20.0]","[0.0, 0.4, 0.0]",0.6
R05_crossing,93,19.600000000000144,1,"[50.0, 43.840000000001226, 20.0]","[0.0, 0.4, 0.0]",0.6
R05_crossing,94,19.800000000000146,1,"[50.0, 43.92000000000124, 20.0]","[0.0, 0.4, 0.0]",0.6
R05_crossing,95,20.00000000000015,1,"[50.0, 44.00000000000125, 20.0]","[0.0, 0.4, 0.0]",0.6
R05_crossing,96,20.200000000000152,1,"[50.0, 44.08000000000126, 20.0]","[0.0, 0.4, 0.0]",0.6
R05_crossing,97,20.400000000000155,1,"[50.0, 44.160000000001276, 20.0]","[0.0, 0.4, 0.0]",0.6
R05_crossing,98,20.600000000000158,1,"[50.0, 44.24000000000129, 20.0]","[0.0, 0.4, 0.0]",0.6
R05_crossing,99,20.80000000000016,1,"[50.0, 44.3200000000013, 20.0]","[0.0, 0.4, 0.0]",0.6
R05_crossing,100,21.000000000000163,1,"[50.0, 44.40000000000131, 20.0]","[0.0, 0.4, 0.0]",0.6
R05_crossing,101,21.200000000000166,1,"[50.0, 44.480000000001326, 20.0]","[0.0, 0.4, 0.0]",0.6
R05_crossing,102,21.40000000000017,1,"[50.0, 44.56000000000134, 20.0]","[0.0, 0.4, 0.0]",0.6
R05_crossing,103,21.600000000000172,1,"[50.0, 44.64000000000135, 20.0]","[0.0, 0.4, 0.0]",0.6
R05_crossing,104,21.800000000000175,1,"[50.0, 44.72000000000136, 20.0]","[0.0, 0.4, 0.0]",0.6
R05_crossing,105,22.000000000000178,1,"[50.0, 44.800000000001376, 20.0]","[0.0, 0.4, 0.0]",0.6
R05_crossing,106,22.20000000000018,1,"[50.0, 44.88000000000139, 20.0]","[0.0, 0.4, 0.0]",0.6
R05_crossing,107,22.400000000000183,1,"[50.0, 44.9600000000014, 20.0]","[0.0, 0.4, 0.0]",0.6
R05_crossing,108,22.600000000000186,1,"[50.0, 45.04000000000141, 20.0]","[0.0, 0.4, 0.0]",0.6
R05_crossing,109,22.80000000000019,1,"[50.0, 45.120000000001426, 20.0]","[0.0, 0.4, 0.0]",0.6
R05_crossing,110,23.000000000000192,1,"[50.0, 45.20000000000144, 20.0]","[0.0, 0.4, 0.0]",0.6
R05_crossing,111,23.200000000000195,1,"[50.0, 45.28000000000145, 20.0]","[0.0, 0.4, 0.0]",0.6
R05_crossing,112,23.400000000000198,1,"[50.0, 45.36000000000146, 20.0]","[0.0, 0.4, 0.0]",0.6
R05_crossing,113,23.6000000000002,1,"[50.0, 45.440000000001476, 20.0]","[0.0, 0.4, 0.0]",0.6
R05_crossing,114,23.800000000000203,1,"[50.0, 45.52000000000149, 20.0]","[0.0, 0.4, 0.0]",0.6
R05_crossing,115,24.000000000000206,1,"[50.0, 45.6000000000015, 20.0]","[0.0, 0.4, 0.0]",0.6
R05_crossing,116,24.20000000000021,1,"[50.0, 45.68000000000151, 20.0]","[0.0, 0.4, 0.0]",0.6
R05_crossing,117,24.40000000000021,1,"[50.0, 45.760000000001526, 20.0]","[0.0, 0.4, 0.0]",0.6
R05_crossing,118,24.600000000000215,1,"[50.0, 45.84000000000154, 20.0]","[0.0, 0.4, 0.0]",0.6
R05_crossing,119,24.800000000000217,1,"[50.0, 45.92000000000155, 20.0]","[0.0, 0.4, 0.0]",0.6
R05_crossing,120,25.00000000000022,1,"[50.0, 46.00000000000156, 20.0]","[0.0, 0.4, 0.0]",0.6
R05_crossing,121,25.200000000000223,1,"[50.0, 46.080000000001576, 20.0]","[0.0, 0.4, 0.0]",0.6
R05_crossing,122,25.400000000000226,1,"[50.0, 46.16000000000159, 20.0]","[0.0, 0.4, 0.0]",0.6
R05_crossing,123,25.60000000000023,1,"[50.0, 46.2400000000016, 20.0]","[0.0, 0.4, 0.0]",0.6
R05_crossing,124,25.80000000000023,1,"[50.0, 46.32000000000161, 20.0]","[0.0, 0.4, 0.0]",0.6
R05_crossing,125,26.000000000000234,1,"[50.0, 46.400000000001626, 20.0]","[0.0, 0.4, 0.0]",0.6
R05_crossing,126,26.200000000000237,1,"[50.0, 46.48000000000164, 20.0]","[0.0, 0.4, 0.0]",0.6
R05_crossing,127,26.40000000000024,1,"[50.0, 46.56000000000165, 20.0]","[0.0, 0.4, 0.0]",0.6
R05_crossing,128,26.600000000000243,1,"[50.0, 46.64000000000166, 20.0]","[0.0, 0.4, 0.0]",0.6
R05_crossing,129,26.800000000000246,1,"[50.0, 46.720000000001676, 20.0]","[0.0, 0.4, 0.0]",0.6
R05_crossing,130,27.00000000000025,1,"[50.0, 46.80000000000169, 20.0]","[0.0, 0.4, 0.0]",0.6
R05_crossing,131,27.20000000000025,1,"[50.0, 46.8800000000017, 20.0]","[0.0, 0.4, 0.0]",0.6
R05_crossing,132,27.400000000000254,1,"[50.0, 46.96000000000171, 20.0]","[0.0, 0.4, 0.0]",0.6
R05_crossing,133,27.600000000000257,1,"[50.0, 47.040000000001726, 20.0]","[0.0, 0.4, 0.0]",0.6
R05_crossing,134,27.80000000000026,1,"[50.0, 47.12000000000174, 20.0]","[0.0, 0.4, 0.0]",0.6
R05_crossing,135,28.000000000000263,1,"[50.0, 47.20000000000175, 20.0]","[0.0, 0.4, 0.0]",0.6
R05_crossing,136,28.200000000000266,1,"[50.0, 47.28000000000176, 20.0]","[0.0, 0.4, 0.0]",0.6
R05_crossing,137,28.40000000000027,1,"[50.0, 47.360000000001776, 20.0]","[0.0, 0.4, 0.0]",0.6
R05_crossing,138,28.60000000000027,1,"[50.0, 47.44000000000179, 20.0]","[0.0, 0.4, 0.0]",0.6
R05_crossing,139,28.800000000000274,1,"[50.0, 47.5200000000018, 20.0]","[0.0, 0.4, 0.0]",0.6
R05_crossing,140,29.000000000000277,1,"[50.0, 47.60000000000181, 20.0]","[0.0, 0.4, 0.0]",0.6
R05_crossing,141,29.20000000000028,1,"[50.0, 47.680000000001826, 20.0]","[0.0, 0.4, 0.0]",0.6
R05_crossing,142,29.400000000000283,1,"[50.0, 47.76000000000184, 20.0]","[0.0, 0.4, 0.0]",0.6
R05_crossing,143,29.600000000000286,1,"[50.0, 47.84000000000185, 20.0]","[0.0, 0.4, 0.0]",0.6
R05_crossing,144,29.80000000000029,1,"[50.0, 47.92000000000186, 20.0]","[0.0, 0.4, 0.0]",0.6
R05_crossing,145,30.00000000000029,1,"[50.0, 48.000000000001876, 20.0]","[0.0, 0.4, 0.0]",0.6
R05_crossing,146,30.200000000000294,1,"[50.0, 48.08000000000189, 20.0]","[0.0, 0.4, 0.0]",0.6
R05_crossing,147,30.400000000000297,1,"[50.0, 48.1600000000019, 20.0]","[0.0, 0.4, 0.0]",0.6
R05_crossing,148,30.6000000000003,1,"[50.0, 48.24000000000191, 20.0]","[0.0, 0.4, 0.0]",0.6
R05_crossing,149,30.800000000000303,1,"[50.0, 48.320000000001926, 20.0]","[0.0, 0.4, 0.0]",0.6
R05_crossing,150,31.000000000000306,1,"[50.0, 48.40000000000194, 20.0]","[0.0, 0.4, 0.0]",0.6
R05_crossing,151,31.20000000000031,1,"[50.0, 48.48000000000195, 20.0]","[0.0, 0.4, 0.0]",0.6
R05_crossing,152,31.40000000000031,1,"[50.0, 48.56000000000196, 20.0]","[0.0, 0.4, 0.0]",0.6
R05_crossing,153,31.600000000000314,1,"[50.0, 48.640000000001976, 20.0]","[0.0, 0.4, 0.0]",0.6
R05_crossing,154,31.800000000000317,1,"[50.0, 48.72000000000199, 20.0]","[0.0, 0.4, 0.0]",0.6
R05_crossing,155,32.00000000000032,1,"[50.0, 48.800000000002, 20.0]","[0.0, 0.4, 0.0]",0.6
R05_crossing,156,32.20000000000031,1,"[50.0, 48.88000000000201, 20.0]","[0.0, 0.4, 0.0]",0.6
R05_crossing,157,32.4000000000003,1,"[50.0, 48.960000000002026, 20.0]","[0.0, 0.4, 0.0]",0.6
R05_crossing,158,32.600000000000286,1,"[50.0, 49.04000000000204, 20.0]","[0.0, 0.4, 0.0]",0.6
R05_crossing,159,32.800000000000274,1,"[50.0, 49.12000000000205, 20.0]","[0.0, 0.4, 0.0]",0.6
R05_crossing,160,33.00000000000026,1,"[50.0, 49.20000000000206, 20.0]","[0.0, 0.4, 0.0]",0.6
R05_crossing,161,33.20000000000025,1,"[50.0, 49.280000000002076, 20.0]","[0.0, 0.4, 0.0]",0.6
R05_crossing,162,33.40000000000024,1,"[50.0, 49.36000000000209, 20.0]","[0.0, 0.4, 0.0]",0.6
R05_crossing,163,33.60000000000023,1,"[50.0, 49.4400000000021, 20.0]","[0.0, 0.4, 0.0]",0.6
R05_crossing,164,33.80000000000022,1,"[50.0, 49.52000000000211, 20.0]","[0.0, 0.4, 0.0]",0.6
R05_crossing,165,34.000000000000206,1,"[50.0, 49.600000000002126, 20.0]","[0.0, 0.4, 0.0]",0.6
R05_crossing,166,34.200000000000195,1,"[50.0, 49.68000000000214, 20.0]","[0.0, 0.4, 0.0]",0.6
R05_crossing,167,34.40000000000018,1,"[50.0, 49.76000000000215, 20.0]","[0.0, 0.4, 0.0]",0.6
R05_crossing,168,34.60000000000017,1,"[50.0, 49.84000000000216, 20.0]","[0.0, 0.4, 0.0]",0.6
R05_crossing,169,34.80000000000016,1,"[50.0, 49.920000000002176, 20.0]","[0.0, 0.4, 0.0]",0.6
R05_crossing,170,35.00000000000015,1,"[50.0, 50.00000000000219, 20.0]","[0.0, 0.4, 0.0]",0.6
R05_crossing,171,35.20000000000014,1,"[50.0, 50.0800000000022, 20.0]","[0.0, 0.4, 0.0]",0.6
R05_crossing,172,35.40000000000013,1,"[50.0, 50.16000000000221, 20.0]","[0.0, 0.4, 0.0]",0.6
R05_crossing,173,35.600000000000115,1,"[50.0, 50.240000000002226, 20.0]","[0.0, 0.4, 0.0]",0.6
R05_crossing,174,35.800000000000104,1,"[50.0, 50.32000000000224, 20.0]","[0.0, 0.4, 0.0]",0.6
R05_crossing,175,36.00000000000009,1,"[50.0, 50.40000000000225, 20.0]","[0.0, 0.4, 0.0]",0.6
R05_crossing,176,36.20000000000008,1,"[50.0, 50.48000000000226, 20.0]","[0.0, 0.4, 0.0]",0.6
R05_crossing,177,36.40000000000007,1,"[50.0, 50.560000000002276, 20.0]","[0.0, 0.4, 0.0]",0.6
R05_crossing,178,36.60000000000006,1,"[50.0, 50.64000000000229, 20.0]","[0.0, 0.4, 0.0]",0.6
R05_crossing,179,36.80000000000005,1,"[50.0, 50.7200000000023, 20.0]","[0.0, 0.4, 0.0]",0.6
R05_crossing,180,37.000000000000036,1,"[50.0, 50.80000000000231, 20.0]","[0.0, 0.4, 0.0]",0.6
R05_crossing,181,37.200000000000024,1,"[50.0, 50.880000000002326, 20.0]","[0.0, 0.4, 0.0]",0.6
R05_crossing,182,37.40000000000001,1,"[50.0, 50.96000000000234, 20.0]","[0.0, 0.4, 0.0]",0.6
R05_crossing,183,37.6,1,"[50.0, 51.04000000000235, 20.0]","[0.0, 0.4, 0.0]",0.6
R05_crossing,184,37.79999999999999,1,"[50.0, 51.12000000000236, 20.0]","[0.0, 0.4, 0.0]",0.6
R05_crossing,185,37.99999999999998,1,"[50.0, 51.200000000002376, 20.0]","[0.0, 0.4, 0.0]",0.6
R05_crossing,186,38.19999999999997,1,"[50.0, 51.28000000000239, 20.0]","[0.0, 0.4, 0.0]",0.6
R05_crossing,187,38.399999999999956,1,"[50.0, 51.3600000000024, 20.0]","[0.0, 0.4, 0.0]",0.6
R05_crossing,188,38.599999999999945,1,"[50.0, 51.440000000002414, 20.0]","[0.0, 0.4, 0.0]",0.6
R05_crossing,189,38.79999999999993,1,"[50.0, 51.520000000002426, 20.0]","[0.0, 0.4, 0.0]",0.6
R05_crossing,190,38.99999999999992,1,"[50.0, 51.60000000000244, 20.0]","[0.0, 0.4, 0.0]",0.6
R05_crossing,191,39.19999999999991,1,"[50.0, 51.68000000000245, 20.0]","[0.0, 0.4, 0.0]",0.6
R05_crossing,192,39.3999999999999,1,"[50.0, 51.760000000002464, 20.0]","[0.0, 0.4, 0.0]",0.6
R05_crossing,193,39.59999999999989,1,"[50.0, 51.840000000002476, 20.0]","[0.0, 0.4, 0.0]",0.6
R05_crossing,194,39.799999999999876,1,"[50.0, 51.92000000000249, 20.0]","[0.0, 0.4, 0.0]",0.6
R05_crossing,195,39.999999999999865,1,"[50.0, 52.0000000000025, 20.0]","[0.0, 0.4, 0.0]",0.6
R05_crossing,196,40.199999999999854,1,"[50.0, 52.080000000002514, 20.0]","[0.0, 0.4, 0.0]",0.6
R05_crossing,197,40.39999999999984,1,"[50.0, 52.160000000002526, 20.0]","[0.0, 0.4, 0.0]",0.6
R05_crossing,198,40.59999999999983,1,"[50.0, 52.24000000000254, 20.0]","[0.0, 0.4, 0.0]",0.6
R05_crossing,199,40.79999999999982,1,"[50.0, 52.32000000000255, 20.0]","[0.0, 0.4, 0.0]",0.6
R05_crossing,200,40.99999999999981,1,"[50.0, 52.400000000002564, 20.0]","[0.0, 0.4, 0.0]",0.6
R05_crossing,201,41.1999999999998,1,"[50.0, 52.480000000002576, 20.0]","[0.0, 0.4, 0.0]",0.6
R05_crossing,202,41.399999999999785,1,"[50.0, 52.56000000000259, 20.0]","[0.0, 0.4, 0.0]",0.6
R05_crossing,203,41.599999999999774,1,"[50.0, 52.6400000000026, 20.0]","[0.0, 0.4, 0.0]",0.6
R05_crossing,204,41.79999999999976,1,"[50.0, 52.720000000002614, 20.0]","[0.0, 0.4, 0.0]",0.6
R05_crossing,205,41.99999999999975,1,"[50.0, 52.800000000002626, 20.0]","[0.0, 0.4, 0.0]",0.6
R05_crossing,206,42.19999999999974,1,"[50.0, 52.88000000000264, 20.0]","[0.0, 0.4, 0.0]",0.6
R05_crossing,207,42.39999999999973,1,"[50.0, 52.96000000000265, 20.0]","[0.0, 0.4, 0.0]",0.6
R05_crossing,208,42.59999999999972,1,"[50.0, 53.040000000002664, 20.0]","[0.0, 0.4, 0.0]",0.6
R05_crossing,209,42.799999999999706,1,"[50.0, 53.120000000002676, 20.0]","[0.0, 0.4, 0.0]",0.6
R05_crossing,210,42.999999999999694,1,"[50.0, 53.20000000000269, 20.0]","[0.0, 0.4, 0.0]",0.6
R05_crossing,211,43.19999999999968,1,"[50.0, 53.2800000000027, 20.0]","[0.0, 0.4, 0.0]",0.6
R05_crossing,212,43.39999999999967,1,"[50.0, 53.360000000002714, 20.0]","[0.0, 0.4, 0.0]",0.6
R05_crossing,213,43.59999999999966,1,"[50.0, 53.440000000002726, 20.0]","[0.0, 0.4, 0.0]",0.6
R05_crossing,214,43.79999999999965,1,"[50.0, 53.52000000000274, 20.0]","[0.0, 0.4, 0.0]",0.6
R05_crossing,215,43.99999999999964,1,"[50.0, 53.60000000000275, 20.0]","[0.0, 0.4, 0.0]",0.6
R05_crossing,216,44.199999999999626,1,"[50.0, 53.680000000002764, 20.0]","[0.0, 0.4, 0.0]",0.6
R05_crossing,217,44.399999999999615,1,"[50.0, 53.760000000002776, 20.0]","[0.0, 0.4, 0.0]",0.6
R05_crossing,218,44.5999999999996,1,"[50.0, 53.84000000000279, 20.0]","[0.0, 0.4, 0.0]",0.6
R05_crossing,219,44.79999999999959,1,"[50.0, 53.9200000000028, 20.0]","[0.0, 0.4, 0.0]",0.6
R05_crossing,220,44.99999999999958,1,"[50.0, 54.000000000002814, 20.0]","[0.0, 0.4, 0.0]",0.6
R05_crossing,221,45.19999999999957,1,"[50.0, 54.080000000002826, 20.0]","[0.0, 0.4, 0.0]",0.6
R05_crossing,222,45.39999999999956,1,"[50.0, 54.16000000000284, 20.0]","[0.0, 0.4, 0.0]",0.6
R05_crossing,223,45.59999999999955,1,"[50.0, 54.24000000000285, 20.0]","[0.0, 0.4, 0.0]",0.6
R05_crossing,224,45.799999999999535,1,"[50.0, 54.320000000002864, 20.0]","[0.0, 0.4, 0.0]",0.6
R05_crossing,225,45.999999999999524,1,"[50.0, 54.400000000002876, 20.0]","[0.0, 0.4, 0.0]",0.6
R05_crossing,226,46.19999999999951,1,"[50.0, 54.48000000000289, 20.0]","[0.0, 0.4, 0.0]",0.6
R05_crossing,227,46.3999999999995,1,"[50.0, 54.5600000000029, 20.0]","[0.0, 0.4, 0.0]",0.6
R05_crossing,228,46.59999999999949,1,"[50.0, 54.640000000002914, 20.0]","[0.0, 0.4, 0.0]",0.6
R05_crossing,229,46.79999999999948,1,"[50.0, 54.720000000002926, 20.0]","[0.0, 0.4, 0.0]",0.6
R05_crossing,230,46.99999999999947,1,"[50.0, 54.80000000000294, 20.0]","[0.0, 0.4, 0.0]",0.6
R05_crossing,231,47.199999999999456,1,"[50.0, 54.88000000000295, 20.0]","[0.0, 0.4, 0.0]",0.6
R05_crossing,232,47.399999999999444,1,"[50.0, 54.960000000002964, 20.0]","[0.0, 0.4, 0.0]",0.6
R05_crossing,233,47.59999999999943,1,"[50.0, 55.040000000002976, 20.0]","[0.0, 0.4, 0.0]",0.6
R05_crossing,234,47.79999999999942,1,"[50.0, 55.12000000000299, 20.0]","[0.0, 0.4, 0.0]",0.6
R05_crossing,235,47.99999999999941,1,"[50.0, 55.200000000003, 20.0]","[0.0, 0.4, 0.0]",0.6
R05_crossing,236,48.1999999999994,1,"[50.0, 55.280000000003014, 20.0]","[0.0, 0.4, 0.0]",0.6
R05_crossing,237,48.39999999999939,1,"[50.0, 55.360000000003026, 20.0]","[0.0, 0.4, 0.0]",0.6
R05_crossing,238,48.599999999999376,1,"[50.0, 55.44000000000304, 20.0]","[0.0, 0.4, 0.0]",0.6
R05_crossing,239,48.799999999999365,1,"[50.0, 55.52000000000305, 20.0]","[0.0, 0.4, 0.0]",0.6
R05_crossing,240,48.99999999999935,1,"[50.0, 55.600000000003064, 20.0]","[0.0, 0.4, 0.0]",0.6
R05_crossing,241,49.19999999999934,1,"[50.0, 55.680000000003076, 20.0]","[0.0, 0.4, 0.0]",0.6
R05_crossing,242,49.39999999999933,1,"[50.0, 55.76000000000309, 20.0]","[0.0, 0.4, 0.0]",0.6
R05_crossing,243,49.59999999999932,1,"[50.0, 55.8400000000031, 20.0]","[0.0, 0.4, 0.0]",0.6
R05_crossing,244,49.79999999999931,1,"[50.0, 55.920000000003114, 20.0]","[0.0, 0.4, 0.0]",0.6
R05_crossing,245,49.89166666666508,1,"[50.0, 55.95666666666943, 20.0]","[0.0, 0.4, 0.0]",0.6
R06_head_on_vertical_offset,1,1.2000000000000002,1,"[59.519999999999925, 50.0, 24.0]","[-0.4, 0.0, 0.0]",0.6
R06_head_on_vertical_offset,2,1.4000000000000004,1,"[59.43999999999991, 50.0, 24.0]","[-0.4, 0.0, 0.0]",0.6
R06_head_on_vertical_offset,3,1.6000000000000005,1,"[59.3599999999999, 50.0, 24.0]","[-0.4, 0.0, 0.0]",0.6
R06_head_on_vertical_offset,4,1.8000000000000007,1,"[59.27999999999989, 50.0, 24.0]","[-0.4, 0.0, 0.0]",0.6
R06_head_on_vertical_offset,5,2.000000000000001,1,"[59.199999999999875, 50.0, 24.0]","[-0.4, 0.0, 0.0]",0.6
R06_head_on_vertical_offset,6,2.2,1,"[59.11999999999986, 50.0, 24.0]","[-0.4, 0.0, 0.0]",0.6
R06_head_on_vertical_offset,7,2.3999999999999995,1,"[59.03999999999985, 50.0, 24.0]","[-0.4, 0.0, 0.0]",0.6
R06_head_on_vertical_offset,8,2.5999999999999988,1,"[58.95999999999984, 50.0, 24.0]","[-0.4, 0.0, 0.0]",0.6
R06_head_on_vertical_offset,9,2.799999999999998,1,"[58.879999999999825, 50.0, 24.0]","[-0.4, 0.0, 0.0]",0.6
R06_head_on_vertical_offset,10,2.9999999999999973,1,"[58.79999999999981, 50.0, 24.0]","[-0.4, 0.0, 0.0]",0.6
R06_head_on_vertical_offset,11,3.1999999999999966,1,"[58.7199999999998, 50.0, 24.0]","[-0.4, 0.0, 0.0]",0.6
R06_head_on_vertical_offset,12,3.399999999999996,1,"[58.63999999999979, 50.0, 24.0]","[-0.4, 0.0, 0.0]",0.6
R06_head_on_vertical_offset,13,3.599999999999995,1,"[58.559999999999775, 50.0, 24.0]","[-0.4, 0.0, 0.0]",0.6
R06_head_on_vertical_offset,14,3.7999999999999945,1,"[58.47999999999976, 50.0, 24.0]","[-0.4, 0.0, 0.0]",0.6
R06_head_on_vertical_offset,15,3.999999999999994,1,"[58.39999999999975, 50.0, 24.0]","[-0.4, 0.0, 0.0]",0.6
R06_head_on_vertical_offset,16,4.199999999999993,1,"[58.31999999999974, 50.0, 24.0]","[-0.4, 0.0, 0.0]",0.6
R06_head_on_vertical_offset,17,4.399999999999992,1,"[58.239999999999725, 50.0, 24.0]","[-0.4, 0.0, 0.0]",0.6
R06_head_on_vertical_offset,18,4.599999999999992,1,"[58.15999999999971, 50.0, 24.0]","[-0.4, 0.0, 0.0]",0.6
R06_head_on_vertical_offset,19,4.799999999999991,1,"[58.0799999999997, 50.0, 24.0]","[-0.4, 0.0, 0.0]",0.6
R06_head_on_vertical_offset,20,4.99999999999999,1,"[57.99999999999969, 50.0, 24.0]","[-0.4, 0.0, 0.0]",0.6
R06_head_on_vertical_offset,21,5.1999999999999895,1,"[57.919999999999675, 50.0, 24.0]","[-0.4, 0.0, 0.0]",0.6
R06_head_on_vertical_offset,22,5.399999999999989,1,"[57.83999999999966, 50.0, 24.0]","[-0.4, 0.0, 0.0]",0.6
R06_head_on_vertical_offset,23,5.599999999999988,1,"[57.75999999999965, 50.0, 24.0]","[-0.4, 0.0, 0.0]",0.6
R06_head_on_vertical_offset,24,5.799999999999987,1,"[57.67999999999964, 50.0, 24.0]","[-0.4, 0.0, 0.0]",0.6
R06_head_on_vertical_offset,25,5.999999999999987,1,"[57.599999999999625, 50.0, 24.0]","[-0.4, 0.0, 0.0]",0.6
R06_head_on_vertical_offset,26,6.199999999999986,1,"[57.51999999999961, 50.0, 24.0]","[-0.4, 0.0, 0.0]",0.6
R06_head_on_vertical_offset,27,6.399999999999985,1,"[57.4399999999996, 50.0, 24.0]","[-0.4, 0.0, 0.0]",0.6
R06_head_on_vertical_offset,28,6.5999999999999845,1,"[57.35999999999959, 50.0, 24.0]","[-0.4, 0.0, 0.0]",0.6
R06_head_on_vertical_offset,29,6.799999999999984,1,"[57.279999999999575, 50.0, 24.0]","[-0.4, 0.0, 0.0]",0.6
R06_head_on_vertical_offset,30,6.999999999999983,1,"[57.19999999999956, 50.0, 24.0]","[-0.4, 0.0, 0.0]",0.6
R06_head_on_vertical_offset,31,7.199999999999982,1,"[57.11999999999955, 50.0, 24.0]","[-0.4, 0.0, 0.0]",0.6
R06_head_on_vertical_offset,32,7.399999999999982,1,"[57.03999999999954, 50.0, 24.0]","[-0.4, 0.0, 0.0]",0.6
R06_head_on_vertical_offset,33,7.599999999999981,1,"[56.959999999999525, 50.0, 24.0]","[-0.4, 0.0, 0.0]",0.6
R06_head_on_vertical_offset,34,7.79999999999998,1,"[56.87999999999951, 50.0, 24.0]","[-0.4, 0.0, 0.0]",0.6
R06_head_on_vertical_offset,35,7.99999999999998,1,"[56.7999999999995, 50.0, 24.0]","[-0.4, 0.0, 0.0]",0.6
R06_head_on_vertical_offset,36,8.199999999999982,1,"[56.71999999999949, 50.0, 24.0]","[-0.4, 0.0, 0.0]",0.6
R06_head_on_vertical_offset,37,8.399999999999984,1,"[56.639999999999475, 50.0, 24.0]","[-0.4, 0.0, 0.0]",0.6
R06_head_on_vertical_offset,38,8.599999999999987,1,"[56.55999999999946, 50.0, 24.0]","[-0.4, 0.0, 0.0]",0.6
R06_head_on_vertical_offset,39,8.79999999999999,1,"[56.47999999999945, 50.0, 24.0]","[-0.4, 0.0, 0.0]",0.6
R06_head_on_vertical_offset,40,8.999999999999993,1,"[56.39999999999944, 50.0, 24.0]","[-0.4, 0.0, 0.0]",0.6
R06_head_on_vertical_offset,41,9.199999999999996,1,"[56.319999999999425, 50.0, 24.0]","[-0.4, 0.0, 0.0]",0.6
R06_head_on_vertical_offset,42,9.399999999999999,1,"[56.23999999999941, 50.0, 24.0]","[-0.4, 0.0, 0.0]",0.6
R06_head_on_vertical_offset,43,9.600000000000001,1,"[56.1599999999994, 50.0, 24.0]","[-0.4, 0.0, 0.0]",0.6
R06_head_on_vertical_offset,44,9.800000000000004,1,"[56.07999999999939, 50.0, 24.0]","[-0.4, 0.0, 0.0]",0.6
R06_head_on_vertical_offset,45,10.000000000000007,1,"[55.999999999999375, 50.0, 24.0]","[-0.4, 0.0, 0.0]",0.6
R06_head_on_vertical_offset,46,10.20000000000001,1,"[55.91999999999936, 50.0, 24.0]","[-0.4, 0.0, 0.0]",0.6
R06_head_on_vertical_offset,47,10.400000000000013,1,"[55.83999999999935, 50.0, 24.0]","[-0.4, 0.0, 0.0]",0.6
R06_head_on_vertical_offset,48,10.600000000000016,1,"[55.75999999999934, 50.0, 24.0]","[-0.4, 0.0, 0.0]",0.6
R06_head_on_vertical_offset,49,10.800000000000018,1,"[55.679999999999325, 50.0, 24.0]","[-0.4, 0.0, 0.0]",0.6
R06_head_on_vertical_offset,50,11.000000000000021,1,"[55.59999999999931, 50.0, 24.0]","[-0.4, 0.0, 0.0]",0.6
R06_head_on_vertical_offset,51,11.200000000000024,1,"[55.5199999999993, 50.0, 24.0]","[-0.4, 0.0, 0.0]",0.6
R06_head_on_vertical_offset,52,11.400000000000027,1,"[55.43999999999929, 50.0, 24.0]","[-0.4, 0.0, 0.0]",0.6
R06_head_on_vertical_offset,53,11.60000000000003,1,"[55.359999999999275, 50.0, 24.0]","[-0.4, 0.0, 0.0]",0.6
R06_head_on_vertical_offset,54,11.800000000000033,1,"[55.27999999999926, 50.0, 24.0]","[-0.4, 0.0, 0.0]",0.6
R06_head_on_vertical_offset,55,12.000000000000036,1,"[55.19999999999925, 50.0, 24.0]","[-0.4, 0.0, 0.0]",0.6
R06_head_on_vertical_offset,56,12.200000000000038,1,"[55.11999999999924, 50.0, 24.0]","[-0.4, 0.0, 0.0]",0.6
R06_head_on_vertical_offset,57,12.400000000000041,1,"[55.039999999999225, 50.0, 24.0]","[-0.4, 0.0, 0.0]",0.6
R06_head_on_vertical_offset,58,12.600000000000044,1,"[54.95999999999921, 50.0, 24.0]","[-0.4, 0.0, 0.0]",0.6
R06_head_on_vertical_offset,59,12.800000000000047,1,"[54.8799999999992, 50.0, 24.0]","[-0.4, 0.0, 0.0]",0.6
R06_head_on_vertical_offset,60,13.00000000000005,1,"[54.79999999999919, 50.0, 24.0]","[-0.4, 0.0, 0.0]",0.6
R06_head_on_vertical_offset,61,13.200000000000053,1,"[54.719999999999175, 50.0, 24.0]","[-0.4, 0.0, 0.0]",0.6
R06_head_on_vertical_offset,62,13.400000000000055,1,"[54.63999999999916, 50.0, 24.0]","[-0.4, 0.0, 0.0]",0.6
R06_head_on_vertical_offset,63,13.600000000000058,1,"[54.55999999999915, 50.0, 24.0]","[-0.4, 0.0, 0.0]",0.6
R06_head_on_vertical_offset,64,13.800000000000061,1,"[54.47999999999914, 50.0, 24.0]","[-0.4, 0.0, 0.0]",0.6
R06_head_on_vertical_offset,65,14.000000000000064,1,"[54.399999999999125, 50.0, 24.0]","[-0.4, 0.0, 0.0]",0.6
R06_head_on_vertical_offset,66,14.200000000000067,1,"[54.31999999999911, 50.0, 24.0]","[-0.4, 0.0, 0.0]",0.6
R06_head_on_vertical_offset,67,14.40000000000007,1,"[54.2399999999991, 50.0, 24.0]","[-0.4, 0.0, 0.0]",0.6
R06_head_on_vertical_offset,68,14.600000000000072,1,"[54.15999999999909, 50.0, 24.0]","[-0.4, 0.0, 0.0]",0.6
R06_head_on_vertical_offset,69,14.800000000000075,1,"[54.079999999999075, 50.0, 24.0]","[-0.4, 0.0, 0.0]",0.6
R06_head_on_vertical_offset,70,15.000000000000078,1,"[53.99999999999906, 50.0, 24.0]","[-0.4, 0.0, 0.0]",0.6
R06_head_on_vertical_offset,71,15.200000000000081,1,"[53.91999999999905, 50.0, 24.0]","[-0.4, 0.0, 0.0]",0.6
R06_head_on_vertical_offset,72,15.400000000000084,1,"[53.83999999999904, 50.0, 24.0]","[-0.4, 0.0, 0.0]",0.6
R06_head_on_vertical_offset,73,15.600000000000087,1,"[53.759999999999025, 50.0, 24.0]","[-0.4, 0.0, 0.0]",0.6
R06_head_on_vertical_offset,74,15.80000000000009,1,"[53.67999999999901, 50.0, 24.0]","[-0.4, 0.0, 0.0]",0.6
R06_head_on_vertical_offset,75,16.000000000000092,1,"[53.599999999999, 50.0, 24.0]","[-0.4, 0.0, 0.0]",0.6
R06_head_on_vertical_offset,76,16.200000000000095,1,"[53.51999999999899, 50.0, 24.0]","[-0.4, 0.0, 0.0]",0.6
R06_head_on_vertical_offset,77,16.400000000000098,1,"[53.439999999998975, 50.0, 24.0]","[-0.4, 0.0, 0.0]",0.6
R06_head_on_vertical_offset,78,16.6000000000001,1,"[53.35999999999896, 50.0, 24.0]","[-0.4, 0.0, 0.0]",0.6
R06_head_on_vertical_offset,79,16.800000000000104,1,"[53.27999999999895, 50.0, 24.0]","[-0.4, 0.0, 0.0]",0.6
R06_head_on_vertical_offset,80,17.000000000000107,1,"[53.19999999999894, 50.0, 24.0]","[-0.4, 0.0, 0.0]",0.6
R06_head_on_vertical_offset,81,17.20000000000011,1,"[53.119999999998925, 50.0, 24.0]","[-0.4, 0.0, 0.0]",0.6
R06_head_on_vertical_offset,82,17.400000000000112,1,"[53.03999999999891, 50.0, 24.0]","[-0.4, 0.0, 0.0]",0.6
R06_head_on_vertical_offset,83,17.600000000000115,1,"[52.9599999999989, 50.0, 24.0]","[-0.4, 0.0, 0.0]",0.6
R06_head_on_vertical_offset,84,17.800000000000118,1,"[52.87999999999889, 50.0, 24.0]","[-0.4, 0.0, 0.0]",0.6
R06_head_on_vertical_offset,85,18.00000000000012,1,"[52.799999999998875, 50.0, 24.0]","[-0.4, 0.0, 0.0]",0.6
R06_head_on_vertical_offset,86,18.200000000000124,1,"[52.71999999999886, 50.0, 24.0]","[-0.4, 0.0, 0.0]",0.6
R06_head_on_vertical_offset,87,18.400000000000126,1,"[52.63999999999885, 50.0, 24.0]","[-0.4, 0.0, 0.0]",0.6
R06_head_on_vertical_offset,88,18.60000000000013,1,"[52.55999999999884, 50.0, 24.0]","[-0.4, 0.0, 0.0]",0.6
R06_head_on_vertical_offset,89,18.800000000000132,1,"[52.479999999998824, 50.0, 24.0]","[-0.4, 0.0, 0.0]",0.6
R06_head_on_vertical_offset,90,19.000000000000135,1,"[52.39999999999881, 50.0, 24.0]","[-0.4, 0.0, 0.0]",0.6
R06_head_on_vertical_offset,91,19.200000000000138,1,"[52.3199999999988, 50.0, 24.0]","[-0.4, 0.0, 0.0]",0.6
R06_head_on_vertical_offset,92,19.40000000000014,1,"[52.23999999999879, 50.0, 24.0]","[-0.4, 0.0, 0.0]",0.6
R06_head_on_vertical_offset,93,19.600000000000144,1,"[52.159999999998774, 50.0, 24.0]","[-0.4, 0.0, 0.0]",0.6
R06_head_on_vertical_offset,94,19.800000000000146,1,"[52.07999999999876, 50.0, 24.0]","[-0.4, 0.0, 0.0]",0.6
R06_head_on_vertical_offset,95,20.00000000000015,1,"[51.99999999999875, 50.0, 24.0]","[-0.4, 0.0, 0.0]",0.6
R06_head_on_vertical_offset,96,20.200000000000152,1,"[51.91999999999874, 50.0, 24.0]","[-0.4, 0.0, 0.0]",0.6
R06_head_on_vertical_offset,97,20.400000000000155,1,"[51.839999999998724, 50.0, 24.0]","[-0.4, 0.0, 0.0]",0.6
R06_head_on_vertical_offset,98,20.600000000000158,1,"[51.75999999999871, 50.0, 24.0]","[-0.4, 0.0, 0.0]",0.6
R06_head_on_vertical_offset,99,20.80000000000016,1,"[51.6799999999987, 50.0, 24.0]","[-0.4, 0.0, 0.0]",0.6
R06_head_on_vertical_offset,100,21.000000000000163,1,"[51.59999999999869, 50.0, 24.0]","[-0.4, 0.0, 0.0]",0.6
R06_head_on_vertical_offset,101,21.200000000000166,1,"[51.519999999998674, 50.0, 24.0]","[-0.4, 0.0, 0.0]",0.6
R06_head_on_vertical_offset,102,21.40000000000017,1,"[51.43999999999866, 50.0, 24.0]","[-0.4, 0.0, 0.0]",0.6
R06_head_on_vertical_offset,103,21.600000000000172,1,"[51.35999999999865, 50.0, 24.0]","[-0.4, 0.0, 0.0]",0.6
R06_head_on_vertical_offset,104,21.800000000000175,1,"[51.27999999999864, 50.0, 24.0]","[-0.4, 0.0, 0.0]",0.6
R06_head_on_vertical_offset,105,22.000000000000178,1,"[51.199999999998624, 50.0, 24.0]","[-0.4, 0.0, 0.0]",0.6
R06_head_on_vertical_offset,106,22.20000000000018,1,"[51.11999999999861, 50.0, 24.0]","[-0.4, 0.0, 0.0]",0.6
R06_head_on_vertical_offset,107,22.400000000000183,1,"[51.0399999999986, 50.0, 24.0]","[-0.4, 0.0, 0.0]",0.6
R06_head_on_vertical_offset,108,22.600000000000186,1,"[50.95999999999859, 50.0, 24.0]","[-0.4, 0.0, 0.0]",0.6
R06_head_on_vertical_offset,109,22.80000000000019,1,"[50.879999999998574, 50.0, 24.0]","[-0.4, 0.0, 0.0]",0.6
R06_head_on_vertical_offset,110,23.000000000000192,1,"[50.79999999999856, 50.0, 24.0]","[-0.4, 0.0, 0.0]",0.6
R06_head_on_vertical_offset,111,23.200000000000195,1,"[50.71999999999855, 50.0, 24.0]","[-0.4, 0.0, 0.0]",0.6
R06_head_on_vertical_offset,112,23.400000000000198,1,"[50.63999999999854, 50.0, 24.0]","[-0.4, 0.0, 0.0]",0.6
R06_head_on_vertical_offset,113,23.6000000000002,1,"[50.559999999998524, 50.0, 24.0]","[-0.4, 0.0, 0.0]",0.6
R06_head_on_vertical_offset,114,23.800000000000203,1,"[50.47999999999851, 50.0, 24.0]","[-0.4, 0.0, 0.0]",0.6
R06_head_on_vertical_offset,115,24.000000000000206,1,"[50.3999999999985, 50.0, 24.0]","[-0.4, 0.0, 0.0]",0.6
R06_head_on_vertical_offset,116,24.20000000000021,1,"[50.31999999999849, 50.0, 24.0]","[-0.4, 0.0, 0.0]",0.6
R06_head_on_vertical_offset,117,24.40000000000021,1,"[50.239999999998474, 50.0, 24.0]","[-0.4, 0.0, 0.0]",0.6
R06_head_on_vertical_offset,118,24.600000000000215,1,"[50.15999999999846, 50.0, 24.0]","[-0.4, 0.0, 0.0]",0.6
R06_head_on_vertical_offset,119,24.800000000000217,1,"[50.07999999999845, 50.0, 24.0]","[-0.4, 0.0, 0.0]",0.6
R06_head_on_vertical_offset,120,25.00000000000022,1,"[49.99999999999844, 50.0, 24.0]","[-0.4, 0.0, 0.0]",0.6
R06_head_on_vertical_offset,121,25.200000000000223,1,"[49.919999999998424, 50.0, 24.0]","[-0.4, 0.0, 0.0]",0.6
R06_head_on_vertical_offset,122,25.400000000000226,1,"[49.83999999999841, 50.0, 24.0]","[-0.4, 0.0, 0.0]",0.6
R06_head_on_vertical_offset,123,25.60000000000023,1,"[49.7599999999984, 50.0, 24.0]","[-0.4, 0.0, 0.0]",0.6
R06_head_on_vertical_offset,124,25.80000000000023,1,"[49.67999999999839, 50.0, 24.0]","[-0.4, 0.0, 0.0]",0.6
R06_head_on_vertical_offset,125,26.000000000000234,1,"[49.599999999998374, 50.0, 24.0]","[-0.4, 0.0, 0.0]",0.6
R06_head_on_vertical_offset,126,26.200000000000237,1,"[49.51999999999836, 50.0, 24.0]","[-0.4, 0.0, 0.0]",0.6
R06_head_on_vertical_offset,127,26.40000000000024,1,"[49.43999999999835, 50.0, 24.0]","[-0.4, 0.0, 0.0]",0.6
R06_head_on_vertical_offset,128,26.600000000000243,1,"[49.35999999999834, 50.0, 24.0]","[-0.4, 0.0, 0.0]",0.6
R06_head_on_vertical_offset,129,26.800000000000246,1,"[49.279999999998324, 50.0, 24.0]","[-0.4, 0.0, 0.0]",0.6
R06_head_on_vertical_offset,130,27.00000000000025,1,"[49.19999999999831, 50.0, 24.0]","[-0.4, 0.0, 0.0]",0.6
R06_head_on_vertical_offset,131,27.20000000000025,1,"[49.1199999999983, 50.0, 24.0]","[-0.4, 0.0, 0.0]",0.6
R06_head_on_vertical_offset,132,27.400000000000254,1,"[49.03999999999829, 50.0, 24.0]","[-0.4, 0.0, 0.0]",0.6
R06_head_on_vertical_offset,133,27.600000000000257,1,"[48.959999999998274, 50.0, 24.0]","[-0.4, 0.0, 0.0]",0.6
R06_head_on_vertical_offset,134,27.80000000000026,1,"[48.87999999999826, 50.0, 24.0]","[-0.4, 0.0, 0.0]",0.6
R06_head_on_vertical_offset,135,28.000000000000263,1,"[48.79999999999825, 50.0, 24.0]","[-0.4, 0.0, 0.0]",0.6
R06_head_on_vertical_offset,136,28.200000000000266,1,"[48.71999999999824, 50.0, 24.0]","[-0.4, 0.0, 0.0]",0.6
R06_head_on_vertical_offset,137,28.40000000000027,1,"[48.639999999998224, 50.0, 24.0]","[-0.4, 0.0, 0.0]",0.6
R06_head_on_vertical_offset,138,28.60000000000027,1,"[48.55999999999821, 50.0, 24.0]","[-0.4, 0.0, 0.0]",0.6
R06_head_on_vertical_offset,139,28.800000000000274,1,"[48.4799999999982, 50.0, 24.0]","[-0.4, 0.0, 0.0]",0.6
R06_head_on_vertical_offset,140,29.000000000000277,1,"[48.39999999999819, 50.0, 24.0]","[-0.4, 0.0, 0.0]",0.6
R06_head_on_vertical_offset,141,29.20000000000028,1,"[48.319999999998174, 50.0, 24.0]","[-0.4, 0.0, 0.0]",0.6
R06_head_on_vertical_offset,142,29.400000000000283,1,"[48.23999999999816, 50.0, 24.0]","[-0.4, 0.0, 0.0]",0.6
R06_head_on_vertical_offset,143,29.600000000000286,1,"[48.15999999999815, 50.0, 24.0]","[-0.4, 0.0, 0.0]",0.6
R06_head_on_vertical_offset,144,29.80000000000029,1,"[48.07999999999814, 50.0, 24.0]","[-0.4, 0.0, 0.0]",0.6
R06_head_on_vertical_offset,145,30.00000000000029,1,"[47.999999999998124, 50.0, 24.0]","[-0.4, 0.0, 0.0]",0.6
R06_head_on_vertical_offset,146,30.200000000000294,1,"[47.91999999999811, 50.0, 24.0]","[-0.4, 0.0, 0.0]",0.6
R06_head_on_vertical_offset,147,30.400000000000297,1,"[47.8399999999981, 50.0, 24.0]","[-0.4, 0.0, 0.0]",0.6
R06_head_on_vertical_offset,148,30.6000000000003,1,"[47.75999999999809, 50.0, 24.0]","[-0.4, 0.0, 0.0]",0.6
R06_head_on_vertical_offset,149,30.800000000000303,1,"[47.679999999998074, 50.0, 24.0]","[-0.4, 0.0, 0.0]",0.6
R06_head_on_vertical_offset,150,31.000000000000306,1,"[47.59999999999806, 50.0, 24.0]","[-0.4, 0.0, 0.0]",0.6
R06_head_on_vertical_offset,151,31.20000000000031,1,"[47.51999999999805, 50.0, 24.0]","[-0.4, 0.0, 0.0]",0.6
R06_head_on_vertical_offset,152,31.40000000000031,1,"[47.43999999999804, 50.0, 24.0]","[-0.4, 0.0, 0.0]",0.6
R06_head_on_vertical_offset,153,31.600000000000314,1,"[47.359999999998024, 50.0, 24.0]","[-0.4, 0.0, 0.0]",0.6
R06_head_on_vertical_offset,154,31.800000000000317,1,"[47.27999999999801, 50.0, 24.0]","[-0.4, 0.0, 0.0]",0.6
R06_head_on_vertical_offset,155,32.00000000000032,1,"[47.199999999998, 50.0, 24.0]","[-0.4, 0.0, 0.0]",0.6
R06_head_on_vertical_offset,156,32.20000000000031,1,"[47.11999999999799, 50.0, 24.0]","[-0.4, 0.0, 0.0]",0.6
R06_head_on_vertical_offset,157,32.4000000000003,1,"[47.039999999997974, 50.0, 24.0]","[-0.4, 0.0, 0.0]",0.6
R06_head_on_vertical_offset,158,32.600000000000286,1,"[46.95999999999796, 50.0, 24.0]","[-0.4, 0.0, 0.0]",0.6
R06_head_on_vertical_offset,159,32.800000000000274,1,"[46.87999999999795, 50.0, 24.0]","[-0.4, 0.0, 0.0]",0.6
R06_head_on_vertical_offset,160,33.00000000000026,1,"[46.79999999999794, 50.0, 24.0]","[-0.4, 0.0, 0.0]",0.6
R06_head_on_vertical_offset,161,33.20000000000025,1,"[46.719999999997924, 50.0, 24.0]","[-0.4, 0.0, 0.0]",0.6
R06_head_on_vertical_offset,162,33.40000000000024,1,"[46.63999999999791, 50.0, 24.0]","[-0.4, 0.0, 0.0]",0.6
R06_head_on_vertical_offset,163,33.60000000000023,1,"[46.5599999999979, 50.0, 24.0]","[-0.4, 0.0, 0.0]",0.6
R06_head_on_vertical_offset,164,33.80000000000022,1,"[46.47999999999789, 50.0, 24.0]","[-0.4, 0.0, 0.0]",0.6
R06_head_on_vertical_offset,165,34.000000000000206,1,"[46.399999999997874, 50.0, 24.0]","[-0.4, 0.0, 0.0]",0.6
R06_head_on_vertical_offset,166,34.200000000000195,1,"[46.31999999999786, 50.0, 24.0]","[-0.4, 0.0, 0.0]",0.6
R06_head_on_vertical_offset,167,34.40000000000018,1,"[46.23999999999785, 50.0, 24.0]","[-0.4, 0.0, 0.0]",0.6
R06_head_on_vertical_offset,168,34.60000000000017,1,"[46.15999999999784, 50.0, 24.0]","[-0.4, 0.0, 0.0]",0.6
R06_head_on_vertical_offset,169,34.80000000000016,1,"[46.079999999997824, 50.0, 24.0]","[-0.4, 0.0, 0.0]",0.6
R06_head_on_vertical_offset,170,35.00000000000015,1,"[45.99999999999781, 50.0, 24.0]","[-0.4, 0.0, 0.0]",0.6
R06_head_on_vertical_offset,171,35.20000000000014,1,"[45.9199999999978, 50.0, 24.0]","[-0.4, 0.0, 0.0]",0.6
R06_head_on_vertical_offset,172,35.40000000000013,1,"[45.83999999999779, 50.0, 24.0]","[-0.4, 0.0, 0.0]",0.6
R06_head_on_vertical_offset,173,35.600000000000115,1,"[45.759999999997774, 50.0, 24.0]","[-0.4, 0.0, 0.0]",0.6
R06_head_on_vertical_offset,174,35.800000000000104,1,"[45.67999999999776, 50.0, 24.0]","[-0.4, 0.0, 0.0]",0.6
R06_head_on_vertical_offset,175,36.00000000000009,1,"[45.59999999999775, 50.0, 24.0]","[-0.4, 0.0, 0.0]",0.6
R06_head_on_vertical_offset,176,36.20000000000008,1,"[45.51999999999774, 50.0, 24.0]","[-0.4, 0.0, 0.0]",0.6
R06_head_on_vertical_offset,177,36.40000000000007,1,"[45.439999999997724, 50.0, 24.0]","[-0.4, 0.0, 0.0]",0.6
R06_head_on_vertical_offset,178,36.60000000000006,1,"[45.35999999999771, 50.0, 24.0]","[-0.4, 0.0, 0.0]",0.6
R06_head_on_vertical_offset,179,36.80000000000005,1,"[45.2799999999977, 50.0, 24.0]","[-0.4, 0.0, 0.0]",0.6
R06_head_on_vertical_offset,180,37.000000000000036,1,"[45.19999999999769, 50.0, 24.0]","[-0.4, 0.0, 0.0]",0.6
R06_head_on_vertical_offset,181,37.200000000000024,1,"[45.119999999997674, 50.0, 24.0]","[-0.4, 0.0, 0.0]",0.6
R06_head_on_vertical_offset,182,37.40000000000001,1,"[45.03999999999766, 50.0, 24.0]","[-0.4, 0.0, 0.0]",0.6
R06_head_on_vertical_offset,183,37.6,1,"[44.95999999999765, 50.0, 24.0]","[-0.4, 0.0, 0.0]",0.6
R06_head_on_vertical_offset,184,37.79999999999999,1,"[44.87999999999764, 50.0, 24.0]","[-0.4, 0.0, 0.0]",0.6
R06_head_on_vertical_offset,185,37.99999999999998,1,"[44.799999999997624, 50.0, 24.0]","[-0.4, 0.0, 0.0]",0.6
R06_head_on_vertical_offset,186,38.19999999999997,1,"[44.71999999999761, 50.0, 24.0]","[-0.4, 0.0, 0.0]",0.6
R06_head_on_vertical_offset,187,38.399999999999956,1,"[44.6399999999976, 50.0, 24.0]","[-0.4, 0.0, 0.0]",0.6
R06_head_on_vertical_offset,188,38.599999999999945,1,"[44.559999999997586, 50.0, 24.0]","[-0.4, 0.0, 0.0]",0.6
R06_head_on_vertical_offset,189,38.79999999999993,1,"[44.479999999997574, 50.0, 24.0]","[-0.4, 0.0, 0.0]",0.6
R06_head_on_vertical_offset,190,38.99999999999992,1,"[44.39999999999756, 50.0, 24.0]","[-0.4, 0.0, 0.0]",0.6
R06_head_on_vertical_offset,191,39.19999999999991,1,"[44.31999999999755, 50.0, 24.0]","[-0.4, 0.0, 0.0]",0.6
R06_head_on_vertical_offset,192,39.3999999999999,1,"[44.239999999997536, 50.0, 24.0]","[-0.4, 0.0, 0.0]",0.6
R06_head_on_vertical_offset,193,39.59999999999989,1,"[44.159999999997524, 50.0, 24.0]","[-0.4, 0.0, 0.0]",0.6
R06_head_on_vertical_offset,194,39.799999999999876,1,"[44.07999999999751, 50.0, 24.0]","[-0.4, 0.0, 0.0]",0.6
R06_head_on_vertical_offset,195,39.999999999999865,1,"[43.9999999999975, 50.0, 24.0]","[-0.4, 0.0, 0.0]",0.6
R06_head_on_vertical_offset,196,40.199999999999854,1,"[43.919999999997486, 50.0, 24.0]","[-0.4, 0.0, 0.0]",0.6
R06_head_on_vertical_offset,197,40.39999999999984,1,"[43.839999999997474, 50.0, 24.0]","[-0.4, 0.0, 0.0]",0.6
R06_head_on_vertical_offset,198,40.59999999999983,1,"[43.75999999999746, 50.0, 24.0]","[-0.4, 0.0, 0.0]",0.6
R06_head_on_vertical_offset,199,40.79999999999982,1,"[43.67999999999745, 50.0, 24.0]","[-0.4, 0.0, 0.0]",0.6
R06_head_on_vertical_offset,200,40.99999999999981,1,"[43.599999999997436, 50.0, 24.0]","[-0.4, 0.0, 0.0]",0.6
R06_head_on_vertical_offset,201,41.1999999999998,1,"[43.519999999997424, 50.0, 24.0]","[-0.4, 0.0, 0.0]",0.6
R06_head_on_vertical_offset,202,41.399999999999785,1,"[43.43999999999741, 50.0, 24.0]","[-0.4, 0.0, 0.0]",0.6
R06_head_on_vertical_offset,203,41.599999999999774,1,"[43.3599999999974, 50.0, 24.0]","[-0.4, 0.0, 0.0]",0.6
R06_head_on_vertical_offset,204,41.79999999999976,1,"[43.279999999997386, 50.0, 24.0]","[-0.4, 0.0, 0.0]",0.6
R06_head_on_vertical_offset,205,41.99999999999975,1,"[43.199999999997374, 50.0, 24.0]","[-0.4, 0.0, 0.0]",0.6
R06_head_on_vertical_offset,206,42.19999999999974,1,"[43.11999999999736, 50.0, 24.0]","[-0.4, 0.0, 0.0]",0.6
R06_head_on_vertical_offset,207,42.39999999999973,1,"[43.03999999999735, 50.0, 24.0]","[-0.4, 0.0, 0.0]",0.6
R06_head_on_vertical_offset,208,42.59999999999972,1,"[42.959999999997336, 50.0, 24.0]","[-0.4, 0.0, 0.0]",0.6
R06_head_on_vertical_offset,209,42.799999999999706,1,"[42.879999999997324, 50.0, 24.0]","[-0.4, 0.0, 0.0]",0.6
R06_head_on_vertical_offset,210,42.999999999999694,1,"[42.79999999999731, 50.0, 24.0]","[-0.4, 0.0, 0.0]",0.6
R06_head_on_vertical_offset,211,43.19999999999968,1,"[42.7199999999973, 50.0, 24.0]","[-0.4, 0.0, 0.0]",0.6
R06_head_on_vertical_offset,212,43.39999999999967,1,"[42.639999999997286, 50.0, 24.0]","[-0.4, 0.0, 0.0]",0.6
R06_head_on_vertical_offset,213,43.59999999999966,1,"[42.559999999997274, 50.0, 24.0]","[-0.4, 0.0, 0.0]",0.6
R06_head_on_vertical_offset,214,43.79999999999965,1,"[42.47999999999726, 50.0, 24.0]","[-0.4, 0.0, 0.0]",0.6
R06_head_on_vertical_offset,215,43.99999999999964,1,"[42.39999999999725, 50.0, 24.0]","[-0.4, 0.0, 0.0]",0.6
R06_head_on_vertical_offset,216,44.199999999999626,1,"[42.319999999997236, 50.0, 24.0]","[-0.4, 0.0, 0.0]",0.6
R06_head_on_vertical_offset,217,44.399999999999615,1,"[42.239999999997224, 50.0, 24.0]","[-0.4, 0.0, 0.0]",0.6
R06_head_on_vertical_offset,218,44.5999999999996,1,"[42.15999999999721, 50.0, 24.0]","[-0.4, 0.0, 0.0]",0.6
R06_head_on_vertical_offset,219,44.79999999999959,1,"[42.0799999999972, 50.0, 24.0]","[-0.4, 0.0, 0.0]",0.6
R06_head_on_vertical_offset,220,44.99999999999958,1,"[41.999999999997186, 50.0, 24.0]","[-0.4, 0.0, 0.0]",0.6
R06_head_on_vertical_offset,221,45.19999999999957,1,"[41.919999999997174, 50.0, 24.0]","[-0.4, 0.0, 0.0]",0.6
R06_head_on_vertical_offset,222,45.39999999999956,1,"[41.83999999999716, 50.0, 24.0]","[-0.4, 0.0, 0.0]",0.6
R06_head_on_vertical_offset,223,45.59999999999955,1,"[41.75999999999715, 50.0, 24.0]","[-0.4, 0.0, 0.0]",0.6
R06_head_on_vertical_offset,224,45.799999999999535,1,"[41.679999999997136, 50.0, 24.0]","[-0.4, 0.0, 0.0]",0.6
R06_head_on_vertical_offset,225,45.999999999999524,1,"[41.599999999997124, 50.0, 24.0]","[-0.4, 0.0, 0.0]",0.6
R06_head_on_vertical_offset,226,46.19999999999951,1,"[41.51999999999711, 50.0, 24.0]","[-0.4, 0.0, 0.0]",0.6
R06_head_on_vertical_offset,227,46.3999999999995,1,"[41.4399999999971, 50.0, 24.0]","[-0.4, 0.0, 0.0]",0.6
R06_head_on_vertical_offset,228,46.59999999999949,1,"[41.359999999997086, 50.0, 24.0]","[-0.4, 0.0, 0.0]",0.6
R06_head_on_vertical_offset,229,46.79999999999948,1,"[41.279999999997074, 50.0, 24.0]","[-0.4, 0.0, 0.0]",0.6
R06_head_on_vertical_offset,230,46.99999999999947,1,"[41.19999999999706, 50.0, 24.0]","[-0.4, 0.0, 0.0]",0.6
R06_head_on_vertical_offset,231,47.199999999999456,1,"[41.11999999999705, 50.0, 24.0]","[-0.4, 0.0, 0.0]",0.6
R06_head_on_vertical_offset,232,47.399999999999444,1,"[41.039999999997036, 50.0, 24.0]","[-0.4, 0.0, 0.0]",0.6
R06_head_on_vertical_offset,233,47.59999999999943,1,"[40.959999999997024, 50.0, 24.0]","[-0.4, 0.0, 0.0]",0.6
R06_head_on_vertical_offset,234,47.79999999999942,1,"[40.87999999999701, 50.0, 24.0]","[-0.4, 0.0, 0.0]",0.6
R06_head_on_vertical_offset,235,47.99999999999941,1,"[40.799999999997, 50.0, 24.0]","[-0.4, 0.0, 0.0]",0.6
R06_head_on_vertical_offset,236,48.1999999999994,1,"[40.719999999996986, 50.0, 24.0]","[-0.4, 0.0, 0.0]",0.6
R06_head_on_vertical_offset,237,48.39999999999939,1,"[40.639999999996974, 50.0, 24.0]","[-0.4, 0.0, 0.0]",0.6
R06_head_on_vertical_offset,238,48.599999999999376,1,"[40.55999999999696, 50.0, 24.0]","[-0.4, 0.0, 0.0]",0.6
R06_head_on_vertical_offset,239,48.799999999999365,1,"[40.47999999999695, 50.0, 24.0]","[-0.4, 0.0, 0.0]",0.6
R06_head_on_vertical_offset,240,48.99999999999935,1,"[40.399999999996936, 50.0, 24.0]","[-0.4, 0.0, 0.0]",0.6
R06_head_on_vertical_offset,241,49.19999999999934,1,"[40.319999999996924, 50.0, 24.0]","[-0.4, 0.0, 0.0]",0.6
R06_head_on_vertical_offset,242,49.39999999999933,1,"[40.23999999999691, 50.0, 24.0]","[-0.4, 0.0, 0.0]",0.6
R06_head_on_vertical_offset,243,49.59999999999932,1,"[40.1599999999969, 50.0, 24.0]","[-0.4, 0.0, 0.0]",0.6
R06_head_on_vertical_offset,244,49.79999999999931,1,"[40.079999999996886, 50.0, 24.0]","[-0.4, 0.0, 0.0]",0.6
R06_head_on_vertical_offset,245,49.89166666666508,1,"[40.04333333333057, 50.0, 24.0]","[-0.4, 0.0, 0.0]",0.6
